Downloading Minecraft server
Installing Fabric Loader 0.19.5(26.3) on the server
Downloading required files
Downloading library org.ow2.asm:asm:9.10.1
Downloading library org.ow2.asm:asm-analysis:9.10.1
Downloading library org.ow2.asm:asm-commons:9.10.1
Downloading library org.ow2.asm:asm-tree:9.10.1
Downloading library org.ow2.asm:asm-util:9.10.1
Downloading library net.fabricmc:sponge-mixin:0.17.4+mixin.0.8.7
Downloading library net.fabricmc:fabric-loader:0.19.5
Generating server launch JAR
Unpacking 26.3/server-26.3.jar (versions:26.3) to versions/26.3/server-26.3.jar
Unpacking at/yawk/lz4/lz4-java/1.10.1/lz4-java-1.10.1.jar (libraries:at.yawk.lz4:lz4-java:1.10.1) to libraries/at/yawk/lz4/lz4-java/1.10.1/lz4-java-1.10.1.jar
Unpacking com/azure/azure-json/1.4.0/azure-json-1.4.0.jar (libraries:com.azure:azure-json:1.4.0) to libraries/com/azure/azure-json/1.4.0/azure-json-1.4.0.jar
Unpacking com/github/oshi/oshi-core/6.9.0/oshi-core-6.9.0.jar (libraries:com.github.oshi:oshi-core:6.9.0) to libraries/com/github/oshi/oshi-core/6.9.0/oshi-core-6.9.0.jar
Unpacking com/google/code/gson/gson/2.14.0/gson-2.14.0.jar (libraries:com.google.code.gson:gson:2.14.0) to libraries/com/google/code/gson/gson/2.14.0/gson-2.14.0.jar
Unpacking com/google/guava/failureaccess/1.0.3/failureaccess-1.0.3.jar (libraries:com.google.guava:failureaccess:1.0.3) to libraries/com/google/guava/failureaccess/1.0.3/failureaccess-1.0.3.jar
Unpacking com/google/guava/guava/33.6.0-jre/guava-33.6.0-jre.jar (libraries:com.google.guava:guava:33.6.0-jre) to libraries/com/google/guava/guava/33.6.0-jre/guava-33.6.0-jre.jar
Unpacking com/microsoft/azure/msal4j/1.24.1/msal4j-1.24.1.jar (libraries:com.microsoft.azure:msal4j:1.24.1) to libraries/com/microsoft/azure/msal4j/1.24.1/msal4j-1.24.1.jar
Unpacking com/mojang/authlib/10.0.77/authlib-10.0.77.jar (libraries:com.mojang:authlib:10.0.77) to libraries/com/mojang/authlib/10.0.77/authlib-10.0.77.jar
Unpacking com/mojang/brigadier/1.3.11/brigadier-1.3.11.jar (libraries:com.mojang:brigadier:1.3.11) to libraries/com/mojang/brigadier/1.3.11/brigadier-1.3.11.jar
Unpacking com/mojang/datafixerupper/10.0.21/datafixerupper-10.0.21.jar (libraries:com.mojang:datafixerupper:10.0.21) to libraries/com/mojang/datafixerupper/10.0.21/datafixerupper-10.0.21.jar
Unpacking com/mojang/jtracy/1.14.38/jtracy-1.14.38.jar (libraries:com.mojang:jtracy:1.14.38) to libraries/com/mojang/jtracy/1.14.38/jtracy-1.14.38.jar
Unpacking com/mojang/logging/1.7.12/logging-1.7.12.jar (libraries:com.mojang:logging:1.7.12) to libraries/com/mojang/logging/1.7.12/logging-1.7.12.jar
Unpacking commons-io/commons-io/2.20.0/commons-io-2.20.0.jar (libraries:commons-io:commons-io:2.20.0) to libraries/commons-io/commons-io/2.20.0/commons-io-2.20.0.jar
Unpacking io/netty/netty-buffer/4.2.16.Final/netty-buffer-4.2.16.Final.jar (libraries:io.netty:netty-buffer:4.2.16.Final) to libraries/io/netty/netty-buffer/4.2.16.Final/netty-buffer-4.2.16.Final.jar
Unpacking io/netty/netty-codec-base/4.2.16.Final/netty-codec-base-4.2.16.Final.jar (libraries:io.netty:netty-codec-base:4.2.16.Final) to libraries/io/netty/netty-codec-base/4.2.16.Final/netty-codec-base-4.2.16.Final.jar
Unpacking io/netty/netty-codec-compression/4.2.16.Final/netty-codec-compression-4.2.16.Final.jar (libraries:io.netty:netty-codec-compression:4.2.16.Final) to libraries/io/netty/netty-codec-compression/4.2.16.Final/netty-codec-compression-4.2.16.Final.jar
Unpacking io/netty/netty-codec-http/4.2.16.Final/netty-codec-http-4.2.16.Final.jar (libraries:io.netty:netty-codec-http:4.2.16.Final) to libraries/io/netty/netty-codec-http/4.2.16.Final/netty-codec-http-4.2.16.Final.jar
Unpacking io/netty/netty-common/4.2.16.Final/netty-common-4.2.16.Final.jar (libraries:io.netty:netty-common:4.2.16.Final) to libraries/io/netty/netty-common/4.2.16.Final/netty-common-4.2.16.Final.jar
Unpacking io/netty/netty-handler/4.2.16.Final/netty-handler-4.2.16.Final.jar (libraries:io.netty:netty-handler:4.2.16.Final) to libraries/io/netty/netty-handler/4.2.16.Final/netty-handler-4.2.16.Final.jar
Unpacking io/netty/netty-resolver/4.2.16.Final/netty-resolver-4.2.16.Final.jar (libraries:io.netty:netty-resolver:4.2.16.Final) to libraries/io/netty/netty-resolver/4.2.16.Final/netty-resolver-4.2.16.Final.jar
Unpacking io/netty/netty-transport/4.2.16.Final/netty-transport-4.2.16.Final.jar (libraries:io.netty:netty-transport:4.2.16.Final) to libraries/io/netty/netty-transport/4.2.16.Final/netty-transport-4.2.16.Final.jar
Unpacking io/netty/netty-transport-classes-epoll/4.2.16.Final/netty-transport-classes-epoll-4.2.16.Final.jar (libraries:io.netty:netty-transport-classes-epoll:4.2.16.Final) to libraries/io/netty/netty-transport-classes-epoll/4.2.16.Final/netty-transport-classes-epoll-4.2.16.Final.jar
Unpacking io/netty/netty-transport-classes-kqueue/4.2.16.Final/netty-transport-classes-kqueue-4.2.16.Final.jar (libraries:io.netty:netty-transport-classes-kqueue:4.2.16.Final) to libraries/io/netty/netty-transport-classes-kqueue/4.2.16.Final/netty-transport-classes-kqueue-4.2.16.Final.jar
Unpacking io/netty/netty-transport-native-epoll/4.2.16.Final/netty-transport-native-epoll-4.2.16.Final-linux-x86_64.jar (libraries:io.netty:netty-transport-native-epoll:4.2.16.Final:linux-x86_64) to libraries/io/netty/netty-transport-native-epoll/4.2.16.Final/netty-transport-native-epoll-4.2.16.Final-linux-x86_64.jar
Unpacking io/netty/netty-transport-native-epoll/4.2.16.Final/netty-transport-native-epoll-4.2.16.Final-linux-aarch_64.jar (libraries:io.netty:netty-transport-native-epoll:4.2.16.Final:linux-aarch_64) to libraries/io/netty/netty-transport-native-epoll/4.2.16.Final/netty-transport-native-epoll-4.2.16.Final-linux-aarch_64.jar
Unpacking io/netty/netty-transport-native-kqueue/4.2.16.Final/netty-transport-native-kqueue-4.2.16.Final-osx-x86_64.jar (libraries:io.netty:netty-transport-native-kqueue:4.2.16.Final:osx-x86_64) to libraries/io/netty/netty-transport-native-kqueue/4.2.16.Final/netty-transport-native-kqueue-4.2.16.Final-osx-x86_64.jar
Unpacking io/netty/netty-transport-native-kqueue/4.2.16.Final/netty-transport-native-kqueue-4.2.16.Final-osx-aarch_64.jar (libraries:io.netty:netty-transport-native-kqueue:4.2.16.Final:osx-aarch_64) to libraries/io/netty/netty-transport-native-kqueue/4.2.16.Final/netty-transport-native-kqueue-4.2.16.Final-osx-aarch_64.jar
Unpacking io/netty/netty-transport-native-unix-common/4.2.16.Final/netty-transport-native-unix-common-4.2.16.Final.jar (libraries:io.netty:netty-transport-native-unix-common:4.2.16.Final) to libraries/io/netty/netty-transport-native-unix-common/4.2.16.Final/netty-transport-native-unix-common-4.2.16.Final.jar
Unpacking it/unimi/dsi/fastutil/8.5.18/fastutil-8.5.18.jar (libraries:it.unimi.dsi:fastutil:8.5.18) to libraries/it/unimi/dsi/fastutil/8.5.18/fastutil-8.5.18.jar
Unpacking net/java/dev/jna/jna/5.17.0/jna-5.17.0.jar (libraries:net.java.dev.jna:jna:5.17.0) to libraries/net/java/dev/jna/jna/5.17.0/jna-5.17.0.jar
Unpacking net/java/dev/jna/jna-platform/5.17.0/jna-platform-5.17.0.jar (libraries:net.java.dev.jna:jna-platform:5.17.0) to libraries/net/java/dev/jna/jna-platform/5.17.0/jna-platform-5.17.0.jar
Unpacking net/sf/jopt-simple/jopt-simple/5.0.4/jopt-simple-5.0.4.jar (libraries:net.sf.jopt-simple:jopt-simple:5.0.4) to libraries/net/sf/jopt-simple/jopt-simple/5.0.4/jopt-simple-5.0.4.jar
Unpacking org/apache/commons/commons-lang3/3.20.0/commons-lang3-3.20.0.jar (libraries:org.apache.commons:commons-lang3:3.20.0) to libraries/org/apache/commons/commons-lang3/3.20.0/commons-lang3-3.20.0.jar
Unpacking org/apache/logging/log4j/log4j-api/2.26.0/log4j-api-2.26.0.jar (libraries:org.apache.logging.log4j:log4j-api:2.26.0) to libraries/org/apache/logging/log4j/log4j-api/2.26.0/log4j-api-2.26.0.jar
Unpacking org/apache/logging/log4j/log4j-core/2.26.0/log4j-core-2.26.0.jar (libraries:org.apache.logging.log4j:log4j-core:2.26.0) to libraries/org/apache/logging/log4j/log4j-core/2.26.0/log4j-core-2.26.0.jar
Unpacking org/apache/logging/log4j/log4j-slf4j2-impl/2.26.0/log4j-slf4j2-impl-2.26.0.jar (libraries:org.apache.logging.log4j:log4j-slf4j2-impl:2.26.0) to libraries/org/apache/logging/log4j/log4j-slf4j2-impl/2.26.0/log4j-slf4j2-impl-2.26.0.jar
Unpacking org/joml/joml/1.10.9/joml-1.10.9.jar (libraries:org.joml:joml:1.10.9) to libraries/org/joml/joml/1.10.9/joml-1.10.9.jar
Unpacking org/jspecify/jspecify/1.0.0/jspecify-1.0.0.jar (libraries:org.jspecify:jspecify:1.0.0) to libraries/org/jspecify/jspecify/1.0.0/jspecify-1.0.0.jar
Unpacking org/slf4j/slf4j-api/2.0.17/slf4j-api-2.0.17.jar (libraries:org.slf4j:slf4j-api:2.0.17) to libraries/org/slf4j/slf4j-api/2.0.17/slf4j-api-2.0.17.jar
Starting net.fabricmc.loader.impl.game.minecraft.BundlerClassPathCapture
[12:00:00] [main/INFO]: Loading Minecraft 26.3 with Fabric Loader 0.19.5
[12:00:00] [main/INFO]: Mappings not present!
[12:00:00] [main/INFO]: Loading 43 mods:
	- fabric-api 0.161.0+26.3
	   |-- fabric-advancement-api-v1 1.0.0+38c7a2d55d
	   |-- fabric-api-base 2.0.6+fcdff87f5d
	   |-- fabric-api-lookup-api-v1 2.0.24+3434d6d95d
	   |-- fabric-biome-api-v1 20.0.9+74ed1ea55d
	   |-- fabric-block-api-v1 3.1.0+0ae6f9115d
	   |-- fabric-block-getter-api-v2 2.0.9+3434d6d95d
	   |-- fabric-command-api-v2 3.1.2+fcdff87f5d
	   |-- fabric-content-registries-v0 15.0.4+74ed1ea55d
	   |-- fabric-convention-tags-v2 4.10.3+6b5b47fd5d
	   |-- fabric-crash-report-info-v1 1.0.7+fcdff87f5d
	   |-- fabric-creative-tab-api-v1 5.0.21+fcdff87f5d
	   |-- fabric-data-attachment-api-v1 2.2.30+3434d6d95d
	   |-- fabric-data-generation-api-v1 27.2.4+427eab975d
	   |-- fabric-debug-api-v1 1.0.4+3434d6d95d
	   |-- fabric-dimensions-v1 5.1.19+47f74c985d
	   |-- fabric-entity-events-v1 6.0.4+3434d6d95d
	   |-- fabric-events-interaction-v0 5.3.6+3434d6d95d
	   |-- fabric-game-rule-api-v1 4.0.10+3434d6d95d
	   |-- fabric-item-api-v1 14.7.0+cf6bc2db5d
	   |-- fabric-lifecycle-events-v1 4.1.9+ffef5f675d
	   |-- fabric-loot-api-v3 4.0.8+4068fd645d
	   |-- fabric-menu-api-v1 2.0.27+ed66f0a35d
	   |-- fabric-message-api-v1 7.0.10+3434d6d95d
	   |-- fabric-networking-api-v1 6.3.8+fcdff87f5d
	   |-- fabric-object-builder-api-v1 24.1.9+3434d6d95d
	   |-- fabric-particles-v1 5.0.24+3434d6d95d
	   |-- fabric-permission-api-v1 1.0.8+fcdff87f5d
	   |-- fabric-recipe-api-v1 10.0.8+fcdff87f5d
	   |-- fabric-registry-sync-v0 8.0.1+fcdff87f5d
	   |-- fabric-rendering-fluids-v1 6.0.6+3434d6d95d
	   |-- fabric-resource-conditions-api-v1 6.1.5+3434d6d95d
	   |-- fabric-resource-loader-v0 3.3.26+4fc5413f5d
	   |-- fabric-resource-loader-v1 3.0.4+fcdff87f5d
	   |-- fabric-serialization-api-v1 2.0.7+74ed1ea55d
	   |-- fabric-tag-api-v1 2.1.10+fcdff87f5d
	   |-- fabric-transfer-api-v1 8.0.25+fcdff87f5d
	   \-- fabric-transitive-access-wideners-v1 8.1.16+52268a0e5d
	- fabricloader 0.19.5
	   \-- mixinextras 0.5.5
	- java 25
	- minecraft 26.3
	- packtest_debug 1.0.0
[12:00:00] [main/INFO]: SpongePowered MIXIN Subsystem Version=0.8.7 Source=file:/tmp/work/vanilla/libraries/net/fabricmc/sponge-mixin/0.17.4+mixin.0.8.7/sponge-mixin-0.17.4+mixin.0.8.7.jar Service=Knot/Fabric Env=SERVER
[12:00:01] [main/INFO]: Initializing MixinExtras via com.llamalad7.mixinextras.service.MixinExtrasServiceImpl(version=0.5.5).
WARNING: A terminally deprecated method in sun.misc.Unsafe has been called
WARNING: sun.misc.Unsafe::objectFieldOffset has been called by org.joml.MemUtil$MemUtilUnsafe (file:/tmp/work/vanilla/libraries/org/joml/joml/1.10.9/joml-1.10.9.jar)
WARNING: Please consider reporting this to the maintainers of class org.joml.MemUtil$MemUtilUnsafe
WARNING: sun.misc.Unsafe::objectFieldOffset will be removed in a future release
[12:00:07] [main/INFO]: Environment: Environment[discoveryUrl=https://discovery.minecraftservices.com/minecraft/client, name=PROD]
[12:00:07] [main/INFO]: Found new data pack file/packtest-probes, loading it automatically
[12:00:07] [main/INFO]: Found new data pack file/the-isles.zip, loading it automatically
[12:00:08] [Worker-Main-3/INFO]: No existing world data, creating new world
[12:00:09] [Worker-Main-2/INFO]: Loaded 1866 advancements
[12:00:09] [main/INFO]: Applied 0 biome modifications to 0 of 68 new biomes in 1.497 ms
[12:00:09] [Server thread/INFO]: Starting minecraft server version 26.3
[12:00:09] [Server thread/INFO]: Loading properties
[12:00:09] [Server thread/INFO]: Default game type: CREATIVE
[12:00:09] [Server thread/INFO]: Generating keypair
[12:00:10] [Server thread/INFO]: Starting Minecraft server on *:25565
[12:00:10] [Server thread/WARN]: **** SERVER IS RUNNING IN OFFLINE/INSECURE MODE!
[12:00:10] [Server thread/WARN]: The server will make no attempt to authenticate usernames. Beware.
[12:00:10] [Server thread/WARN]: While this makes the game possible to play without internet access, it also opens up the ability for hackers to connect with any username they choose.
[12:00:10] [Server thread/WARN]: To change this, set "online-mode" to "true" in the server.properties file.
[12:00:10] [Server thread/INFO]: Preparing level "world"
[12:00:10] [Server thread/INFO]: Selecting global world spawn...
[12:00:10] [Worker-Main-3/WARN]: Compiling a MIN function between two non-overlapping inputs: BinaryFunction[type=SUB, left=PreparedCache[id=217, range=[-11.6; 22.0], domainAxes=5, cachingSampler=CachingDensitySampler[id=217, input=YSampler[input=SubSampler[left=ConstSubSampler[left=16.0, right=ConstMulSampler[left=ConstSubSampler[left=1.0, right=CachingDensitySampler[id=215, input=YSampler[input=Sampler[noise=net.minecraft.world.level.levelgen.synth.NoiseStack$Perlin@3ee34dcd, xzScale=1.0, yScale=0.0], y=0]]], right=6.0]], right=ConstMulSampler[left=ConstSubSampler[left=1.0, right=Sampler[input=ConstMulSampler[left=CachingDensitySampler[id=127, input=YSampler[input=SubSampler[left=ConstSubSampler[left=1.0, right=ConstMulSampler[left=YSampler[input=Sampler[x=501, y=0, z=1282, metric=EUCLIDEAN], y=0], right=0.008130081]], right=ConstMulSampler[left=ConstAddSampler[left=CachingDensitySampler[id=1, input=YSampler[input=Sampler[noise=net.minecraft.world.level.levelgen.synth.NoiseStack$Perlin@73507cdd, xzScale=1.0, yScale=0.0], y=0]], right=1.0], right=0.2]], y=0]], right=1.6666666], min=0.0, max=1.0]], right=9.6]], y=0]]], right=ConstantFunction[value=12.0]] ([-23.6; 10.0]) and ConstantFunction[value=-32.0] ([-32.0; -32.0])
[12:00:10] [Worker-Main-3/WARN]: Compiling a MIN function between two non-overlapping inputs: BinaryFunction[type=SUB, left=PreparedCache[id=217, range=[-11.6; 22.0], domainAxes=5, cachingSampler=CachingDensitySampler[id=217, input=YSampler[input=SubSampler[left=ConstSubSampler[left=16.0, right=ConstMulSampler[left=ConstSubSampler[left=1.0, right=CachingDensitySampler[id=215, input=YSampler[input=Sampler[noise=net.minecraft.world.level.levelgen.synth.NoiseStack$Perlin@3ee34dcd, xzScale=1.0, yScale=0.0], y=0]]], right=6.0]], right=ConstMulSampler[left=ConstSubSampler[left=1.0, right=Sampler[input=ConstMulSampler[left=CachingDensitySampler[id=127, input=YSampler[input=SubSampler[left=ConstSubSampler[left=1.0, right=ConstMulSampler[left=YSampler[input=Sampler[x=501, y=0, z=1282, metric=EUCLIDEAN], y=0], right=0.008130081]], right=ConstMulSampler[left=ConstAddSampler[left=CachingDensitySampler[id=1, input=YSampler[input=Sampler[noise=net.minecraft.world.level.levelgen.synth.NoiseStack$Perlin@73507cdd, xzScale=1.0, yScale=0.0], y=0]], right=1.0], right=0.2]], y=0]], right=1.6666666], min=0.0, max=1.0]], right=9.6]], y=0]]], right=ConstantFunction[value=12.0]] ([-23.6; 10.0]) and ConstantFunction[value=-32.0] ([-32.0; -32.0])
[12:00:10] [Worker-Main-3/WARN]: Compiling a MIN function between two non-overlapping inputs: BinaryFunction[type=SUB, left=PreparedCache[id=219, range=[-57.05; 1.25], domainAxes=5, cachingSampler=CachingDensitySampler[id=219, input=YSampler[input=SubSampler[left=ConstSubSampler[left=-12.0, right=ConstMulSampler[left=ConstSubSampler[left=1.0, right=CachingDensitySampler[id=215, input=YSampler[input=Sampler[noise=net.minecraft.world.level.levelgen.synth.NoiseStack$Perlin@3ee34dcd, xzScale=1.0, yScale=0.0], y=0]]], right=13.25]], right=ConstMulSampler[left=ConstSubSampler[left=1.0, right=Sampler[input=ConstMulSampler[left=CachingDensitySampler[id=106, input=YSampler[input=SubSampler[left=ConstSubSampler[left=1.0, right=ConstMulSampler[left=YSampler[input=Sampler[x=-811, y=0, z=-998, metric=EUCLIDEAN], y=0], right=0.01754386]], right=ConstMulSampler[left=ConstAddSampler[left=CachingDensitySampler[id=1, input=YSampler[input=Sampler[noise=net.minecraft.world.level.levelgen.synth.NoiseStack$Perlin@73507cdd, xzScale=1.0, yScale=0.0], y=0]], right=1.0], right=0.2]], y=0]], right=1.6666666], min=0.0, max=1.0]], right=5.3]], y=0]]], right=ConstantFunction[value=12.0]] ([-69.05; -10.75]) and ConstantFunction[value=-74.0] ([-74.0; -74.0])
[12:00:10] [Worker-Main-3/WARN]: Compiling a MIN function between two non-overlapping inputs: BinaryFunction[type=SUB, left=PreparedCache[id=219, range=[-57.05; 1.25], domainAxes=5, cachingSampler=CachingDensitySampler[id=219, input=YSampler[input=SubSampler[left=ConstSubSampler[left=-12.0, right=ConstMulSampler[left=ConstSubSampler[left=1.0, right=CachingDensitySampler[id=215, input=YSampler[input=Sampler[noise=net.minecraft.world.level.levelgen.synth.NoiseStack$Perlin@3ee34dcd, xzScale=1.0, yScale=0.0], y=0]]], right=13.25]], right=ConstMulSampler[left=ConstSubSampler[left=1.0, right=Sampler[input=ConstMulSampler[left=CachingDensitySampler[id=106, input=YSampler[input=SubSampler[left=ConstSubSampler[left=1.0, right=ConstMulSampler[left=YSampler[input=Sampler[x=-811, y=0, z=-998, metric=EUCLIDEAN], y=0], right=0.01754386]], right=ConstMulSampler[left=ConstAddSampler[left=CachingDensitySampler[id=1, input=YSampler[input=Sampler[noise=net.minecraft.world.level.levelgen.synth.NoiseStack$Perlin@73507cdd, xzScale=1.0, yScale=0.0], y=0]], right=1.0], right=0.2]], y=0]], right=1.6666666], min=0.0, max=1.0]], right=5.3]], y=0]]], right=ConstantFunction[value=12.0]] ([-69.05; -10.75]) and ConstantFunction[value=-74.0] ([-74.0; -74.0])
[12:00:10] [Worker-Main-3/WARN]: Compiling a MIN function between two non-overlapping inputs: BinaryFunction[type=SUB, left=PreparedCache[id=221, range=[64.0; 98.0], domainAxes=5, cachingSampler=CachingDensitySampler[id=221, input=YSampler[input=SubSampler[left=ConstSubSampler[left=92.0, right=ConstMulSampler[left=ConstSubSampler[left=1.0, right=CachingDensitySampler[id=215, input=YSampler[input=Sampler[noise=net.minecraft.world.level.levelgen.synth.NoiseStack$Perlin@3ee34dcd, xzScale=1.0, yScale=0.0], y=0]]], right=6.0]], right=ConstMulSampler[left=ConstSubSampler[left=1.0, right=Sampler[input=ConstMulSampler[left=CachingDensitySampler[id=138, input=YSampler[input=SubSampler[left=ConstSubSampler[left=1.0, right=ConstMulSampler[left=YSampler[input=Sampler[x=817, y=0, z=1410, metric=EUCLIDEAN], y=0], right=0.007194245]], right=ConstMulSampler[left=ConstAddSampler[left=CachingDensitySampler[id=1, input=YSampler[input=Sampler[noise=net.minecraft.world.level.levelgen.synth.NoiseStack$Perlin@73507cdd, xzScale=1.0, yScale=0.0], y=0]], right=1.0], right=0.2]], y=0]], right=1.6666666], min=0.0, max=1.0]], right=10.0]], y=0]]], right=ConstantFunction[value=12.0]] ([52.0; 86.0]) and ConstantFunction[value=44.0] ([44.0; 44.0])
[12:00:10] [Worker-Main-3/WARN]: Compiling a MIN function between two non-overlapping inputs: BinaryFunction[type=SUB, left=PreparedCache[id=221, range=[64.0; 98.0], domainAxes=5, cachingSampler=CachingDensitySampler[id=221, input=YSampler[input=SubSampler[left=ConstSubSampler[left=92.0, right=ConstMulSampler[left=ConstSubSampler[left=1.0, right=CachingDensitySampler[id=215, input=YSampler[input=Sampler[noise=net.minecraft.world.level.levelgen.synth.NoiseStack$Perlin@3ee34dcd, xzScale=1.0, yScale=0.0], y=0]]], right=6.0]], right=ConstMulSampler[left=ConstSubSampler[left=1.0, right=Sampler[input=ConstMulSampler[left=CachingDensitySampler[id=138, input=YSampler[input=SubSampler[left=ConstSubSampler[left=1.0, right=ConstMulSampler[left=YSampler[input=Sampler[x=817, y=0, z=1410, metric=EUCLIDEAN], y=0], right=0.007194245]], right=ConstMulSampler[left=ConstAddSampler[left=CachingDensitySampler[id=1, input=YSampler[input=Sampler[noise=net.minecraft.world.level.levelgen.synth.NoiseStack$Perlin@73507cdd, xzScale=1.0, yScale=0.0], y=0]], right=1.0], right=0.2]], y=0]], right=1.6666666], min=0.0, max=1.0]], right=10.0]], y=0]]], right=ConstantFunction[value=12.0]] ([52.0; 86.0]) and ConstantFunction[value=44.0] ([44.0; 44.0])
[12:00:10] [Worker-Main-3/WARN]: Compiling a MIN function between two non-overlapping inputs: BinaryFunction[type=SUB, left=PreparedCache[id=223, range=[32.0; 66.0], domainAxes=5, cachingSampler=CachingDensitySampler[id=223, input=YSampler[input=SubSampler[left=ConstSubSampler[left=60.0, right=ConstMulSampler[left=ConstSubSampler[left=1.0, right=CachingDensitySampler[id=215, input=YSampler[input=Sampler[noise=net.minecraft.world.level.levelgen.synth.NoiseStack$Perlin@3ee34dcd, xzScale=1.0, yScale=0.0], y=0]]], right=6.0]], right=ConstMulSampler[left=ConstSubSampler[left=1.0, right=Sampler[input=ConstMulSampler[left=CachingDensitySampler[id=117, input=YSampler[input=SubSampler[left=ConstSubSampler[left=1.0, right=ConstMulSampler[left=YSampler[input=Sampler[x=155, y=0, z=1444, metric=EUCLIDEAN], y=0], right=0.0054347827]], right=ConstMulSampler[left=ConstAddSampler[left=CachingDensitySampler[id=1, input=YSampler[input=Sampler[noise=net.minecraft.world.level.levelgen.synth.NoiseStack$Perlin@73507cdd, xzScale=1.0, yScale=0.0], y=0]], right=1.0], right=0.2]], y=0]], right=1.6666666], min=0.0, max=1.0]], right=10.0]], y=0]]], right=ConstantFunction[value=12.0]] ([20.0; 54.0]) and ConstantFunction[value=12.0] ([12.0; 12.0])
[12:00:10] [Worker-Main-3/WARN]: Compiling a MIN function between two non-overlapping inputs: BinaryFunction[type=SUB, left=PreparedCache[id=223, range=[32.0; 66.0], domainAxes=5, cachingSampler=CachingDensitySampler[id=223, input=YSampler[input=SubSampler[left=ConstSubSampler[left=60.0, right=ConstMulSampler[left=ConstSubSampler[left=1.0, right=CachingDensitySampler[id=215, input=YSampler[input=Sampler[noise=net.minecraft.world.level.levelgen.synth.NoiseStack$Perlin@3ee34dcd, xzScale=1.0, yScale=0.0], y=0]]], right=6.0]], right=ConstMulSampler[left=ConstSubSampler[left=1.0, right=Sampler[input=ConstMulSampler[left=CachingDensitySampler[id=117, input=YSampler[input=SubSampler[left=ConstSubSampler[left=1.0, right=ConstMulSampler[left=YSampler[input=Sampler[x=155, y=0, z=1444, metric=EUCLIDEAN], y=0], right=0.0054347827]], right=ConstMulSampler[left=ConstAddSampler[left=CachingDensitySampler[id=1, input=YSampler[input=Sampler[noise=net.minecraft.world.level.levelgen.synth.NoiseStack$Perlin@73507cdd, xzScale=1.0, yScale=0.0], y=0]], right=1.0], right=0.2]], y=0]], right=1.6666666], min=0.0, max=1.0]], right=10.0]], y=0]]], right=ConstantFunction[value=12.0]] ([20.0; 54.0]) and ConstantFunction[value=12.0] ([12.0; 12.0])
[12:00:10] [Worker-Main-3/WARN]: Compiling a MIN function between two non-overlapping inputs: BinaryFunction[type=SUB, left=PreparedCache[id=227, range=[83.2; 136.0], domainAxes=5, cachingSampler=CachingDensitySampler[id=227, input=YSampler[input=SubSampler[left=ConstSubSampler[left=124.0, right=ConstMulSampler[left=ConstSubSampler[left=1.0, right=CachingDensitySampler[id=215, input=YSampler[input=Sampler[noise=net.minecraft.world.level.levelgen.synth.NoiseStack$Perlin@3ee34dcd, xzScale=1.0, yScale=0.0], y=0]]], right=12.0]], right=ConstMulSampler[left=ConstSubSampler[left=1.0, right=Sampler[input=ConstMulSampler[left=CachingDensitySampler[id=107, input=YSampler[input=SubSampler[left=ConstSubSampler[left=1.0, right=ConstMulSampler[left=YSampler[input=Sampler[x=-936, y=0, z=-1116, metric=EUCLIDEAN], y=0], right=0.016949153]], right=ConstMulSampler[left=ConstAddSampler[left=CachingDensitySampler[id=1, input=YSampler[input=Sampler[noise=net.minecraft.world.level.levelgen.synth.NoiseStack$Perlin@73507cdd, xzScale=1.0, yScale=0.0], y=0]], right=1.0], right=0.2]], y=0]], right=1.6666666], min=0.0, max=1.0]], right=4.8]], y=0]]], right=ConstantFunction[value=12.0]] ([71.2; 124.0]) and ConstantFunction[value=64.0] ([64.0; 64.0])
[12:00:10] [Worker-Main-3/WARN]: Compiling a MIN function between two non-overlapping inputs: BinaryFunction[type=SUB, left=PreparedCache[id=227, range=[83.2; 136.0], domainAxes=5, cachingSampler=CachingDensitySampler[id=227, input=YSampler[input=SubSampler[left=ConstSubSampler[left=124.0, right=ConstMulSampler[left=ConstSubSampler[left=1.0, right=CachingDensitySampler[id=215, input=YSampler[input=Sampler[noise=net.minecraft.world.level.levelgen.synth.NoiseStack$Perlin@3ee34dcd, xzScale=1.0, yScale=0.0], y=0]]], right=12.0]], right=ConstMulSampler[left=ConstSubSampler[left=1.0, right=Sampler[input=ConstMulSampler[left=CachingDensitySampler[id=107, input=YSampler[input=SubSampler[left=ConstSubSampler[left=1.0, right=ConstMulSampler[left=YSampler[input=Sampler[x=-936, y=0, z=-1116, metric=EUCLIDEAN], y=0], right=0.016949153]], right=ConstMulSampler[left=ConstAddSampler[left=CachingDensitySampler[id=1, input=YSampler[input=Sampler[noise=net.minecraft.world.level.levelgen.synth.NoiseStack$Perlin@73507cdd, xzScale=1.0, yScale=0.0], y=0]], right=1.0], right=0.2]], y=0]], right=1.6666666], min=0.0, max=1.0]], right=4.8]], y=0]]], right=ConstantFunction[value=12.0]] ([71.2; 124.0]) and ConstantFunction[value=64.0] ([64.0; 64.0])
[12:00:10] [Worker-Main-3/WARN]: Compiling a MIN function between two non-overlapping inputs: BinaryFunction[type=SUB, left=PreparedCache[id=229, range=[-12.7; 18.0], domainAxes=5, cachingSampler=CachingDensitySampler[id=229, input=YSampler[input=SubSampler[left=ConstSubSampler[left=12.0, right=ConstMulSampler[left=ConstSubSampler[left=1.0, right=CachingDensitySampler[id=215, input=YSampler[input=Sampler[noise=net.minecraft.world.level.levelgen.synth.NoiseStack$Perlin@3ee34dcd, xzScale=1.0, yScale=0.0], y=0]]], right=6.0]], right=ConstMulSampler[left=ConstSubSampler[left=1.0, right=Sampler[input=ConstMulSampler[left=CachingDensitySampler[id=78, input=YSampler[input=SubSampler[left=ConstSubSampler[left=1.0, right=ConstMulSampler[left=YSampler[input=Sampler[x=-1479, y=0, z=178, metric=EUCLIDEAN], y=0], right=0.014084507]], right=ConstMulSampler[left=ConstAddSampler[left=CachingDensitySampler[id=1, input=YSampler[input=Sampler[noise=net.minecraft.world.level.levelgen.synth.NoiseStack$Perlin@73507cdd, xzScale=1.0, yScale=0.0], y=0]], right=1.0], right=0.2]], y=0]], right=1.6666666], min=0.0, max=1.0]], right=6.7]], y=0]]], right=ConstantFunction[value=12.0]] ([-24.7; 6.0]) and ConstantFunction[value=-36.0] ([-36.0; -36.0])
[12:00:10] [Worker-Main-3/WARN]: Compiling a MIN function between two non-overlapping inputs: BinaryFunction[type=SUB, left=PreparedCache[id=229, range=[-12.7; 18.0], domainAxes=5, cachingSampler=CachingDensitySampler[id=229, input=YSampler[input=SubSampler[left=ConstSubSampler[left=12.0, right=ConstMulSampler[left=ConstSubSampler[left=1.0, right=CachingDensitySampler[id=215, input=YSampler[input=Sampler[noise=net.minecraft.world.level.levelgen.synth.NoiseStack$Perlin@3ee34dcd, xzScale=1.0, yScale=0.0], y=0]]], right=6.0]], right=ConstMulSampler[left=ConstSubSampler[left=1.0, right=Sampler[input=ConstMulSampler[left=CachingDensitySampler[id=78, input=YSampler[input=SubSampler[left=ConstSubSampler[left=1.0, right=ConstMulSampler[left=YSampler[input=Sampler[x=-1479, y=0, z=178, metric=EUCLIDEAN], y=0], right=0.014084507]], right=ConstMulSampler[left=ConstAddSampler[left=CachingDensitySampler[id=1, input=YSampler[input=Sampler[noise=net.minecraft.world.level.levelgen.synth.NoiseStack$Perlin@73507cdd, xzScale=1.0, yScale=0.0], y=0]], right=1.0], right=0.2]], y=0]], right=1.6666666], min=0.0, max=1.0]], right=6.7]], y=0]]], right=ConstantFunction[value=12.0]] ([-24.7; 6.0]) and ConstantFunction[value=-36.0] ([-36.0; -36.0])
[12:00:10] [Worker-Main-3/WARN]: Compiling a MIN function between two non-overlapping inputs: BinaryFunction[type=SUB, left=PreparedCache[id=231, range=[156.0; 190.0], domainAxes=5, cachingSampler=CachingDensitySampler[id=231, input=YSampler[input=SubSampler[left=ConstSubSampler[left=184.0, right=ConstMulSampler[left=ConstSubSampler[left=1.0, right=CachingDensitySampler[id=215, input=YSampler[input=Sampler[noise=net.minecraft.world.level.levelgen.synth.NoiseStack$Perlin@3ee34dcd, xzScale=1.0, yScale=0.0], y=0]]], right=6.0]], right=ConstMulSampler[left=ConstSubSampler[left=1.0, right=Sampler[input=ConstMulSampler[left=CachingDensitySampler[id=79, input=YSampler[input=SubSampler[left=ConstSubSampler[left=1.0, right=ConstMulSampler[left=YSampler[input=Sampler[x=-1675, y=0, z=352, metric=EUCLIDEAN], y=0], right=0.008130081]], right=ConstMulSampler[left=ConstAddSampler[left=CachingDensitySampler[id=1, input=YSampler[input=Sampler[noise=net.minecraft.world.level.levelgen.synth.NoiseStack$Perlin@73507cdd, xzScale=1.0, yScale=0.0], y=0]], right=1.0], right=0.2]], y=0]], right=1.6666666], min=0.0, max=1.0]], right=10.0]], y=0]]], right=ConstantFunction[value=12.0]] ([144.0; 178.0]) and ConstantFunction[value=136.0] ([136.0; 136.0])
[12:00:10] [Worker-Main-3/WARN]: Compiling a MIN function between two non-overlapping inputs: BinaryFunction[type=SUB, left=PreparedCache[id=231, range=[156.0; 190.0], domainAxes=5, cachingSampler=CachingDensitySampler[id=231, input=YSampler[input=SubSampler[left=ConstSubSampler[left=184.0, right=ConstMulSampler[left=ConstSubSampler[left=1.0, right=CachingDensitySampler[id=215, input=YSampler[input=Sampler[noise=net.minecraft.world.level.levelgen.synth.NoiseStack$Perlin@3ee34dcd, xzScale=1.0, yScale=0.0], y=0]]], right=6.0]], right=ConstMulSampler[left=ConstSubSampler[left=1.0, right=Sampler[input=ConstMulSampler[left=CachingDensitySampler[id=79, input=YSampler[input=SubSampler[left=ConstSubSampler[left=1.0, right=ConstMulSampler[left=YSampler[input=Sampler[x=-1675, y=0, z=352, metric=EUCLIDEAN], y=0], right=0.008130081]], right=ConstMulSampler[left=ConstAddSampler[left=CachingDensitySampler[id=1, input=YSampler[input=Sampler[noise=net.minecraft.world.level.levelgen.synth.NoiseStack$Perlin@73507cdd, xzScale=1.0, yScale=0.0], y=0]], right=1.0], right=0.2]], y=0]], right=1.6666666], min=0.0, max=1.0]], right=10.0]], y=0]]], right=ConstantFunction[value=12.0]] ([144.0; 178.0]) and ConstantFunction[value=136.0] ([136.0; 136.0])
[12:00:10] [Worker-Main-3/WARN]: Compiling a MIN function between two non-overlapping inputs: BinaryFunction[type=SUB, left=PreparedCache[id=233, range=[138.45; 207.75], domainAxes=5, cachingSampler=CachingDensitySampler[id=233, input=YSampler[input=SubSampler[left=ConstSubSampler[left=192.0, right=ConstMulSampler[left=ConstSubSampler[left=1.0, right=CachingDensitySampler[id=215, input=YSampler[input=Sampler[noise=net.minecraft.world.level.levelgen.synth.NoiseStack$Perlin@3ee34dcd, xzScale=1.0, yScale=0.0], y=0]]], right=15.75]], right=ConstMulSampler[left=ConstSubSampler[left=1.0, right=Sampler[input=ConstMulSampler[left=CachingDensitySampler[id=93, input=YSampler[input=SubSampler[left=ConstSubSampler[left=1.0, right=ConstMulSampler[left=YSampler[input=Sampler[x=-1138, y=0, z=-1107, metric=EUCLIDEAN], y=0], right=0.015625]], right=ConstMulSampler[left=ConstAddSampler[left=CachingDensitySampler[id=1, input=YSampler[input=Sampler[noise=net.minecraft.world.level.levelgen.synth.NoiseStack$Perlin@73507cdd, xzScale=1.0, yScale=0.0], y=0]], right=1.0], right=0.2]], y=0]], right=1.6666666], min=0.0, max=1.0]], right=6.3]], y=0]]], right=ConstantFunction[value=12.0]] ([126.45; 195.75]) and ConstantFunction[value=124.0] ([124.0; 124.0])
[12:00:10] [Worker-Main-3/WARN]: Compiling a MIN function between two non-overlapping inputs: BinaryFunction[type=SUB, left=PreparedCache[id=233, range=[138.45; 207.75], domainAxes=5, cachingSampler=CachingDensitySampler[id=233, input=YSampler[input=SubSampler[left=ConstSubSampler[left=192.0, right=ConstMulSampler[left=ConstSubSampler[left=1.0, right=CachingDensitySampler[id=215, input=YSampler[input=Sampler[noise=net.minecraft.world.level.levelgen.synth.NoiseStack$Perlin@3ee34dcd, xzScale=1.0, yScale=0.0], y=0]]], right=15.75]], right=ConstMulSampler[left=ConstSubSampler[left=1.0, right=Sampler[input=ConstMulSampler[left=CachingDensitySampler[id=93, input=YSampler[input=SubSampler[left=ConstSubSampler[left=1.0, right=ConstMulSampler[left=YSampler[input=Sampler[x=-1138, y=0, z=-1107, metric=EUCLIDEAN], y=0], right=0.015625]], right=ConstMulSampler[left=ConstAddSampler[left=CachingDensitySampler[id=1, input=YSampler[input=Sampler[noise=net.minecraft.world.level.levelgen.synth.NoiseStack$Perlin@73507cdd, xzScale=1.0, yScale=0.0], y=0]], right=1.0], right=0.2]], y=0]], right=1.6666666], min=0.0, max=1.0]], right=6.3]], y=0]]], right=ConstantFunction[value=12.0]] ([126.45; 195.75]) and ConstantFunction[value=124.0] ([124.0; 124.0])
[12:00:10] [Worker-Main-3/WARN]: Compiling a MIN function between two non-overlapping inputs: BinaryFunction[type=SUB, left=PreparedCache[id=239, range=[-93.9; -53.0], domainAxes=5, cachingSampler=CachingDensitySampler[id=239, input=YSampler[input=SubSampler[left=ConstSubSampler[left=-62.0, right=ConstMulSampler[left=ConstSubSampler[left=1.0, right=CachingDensitySampler[id=215, input=YSampler[input=Sampler[noise=net.minecraft.world.level.levelgen.synth.NoiseStack$Perlin@3ee34dcd, xzScale=1.0, yScale=0.0], y=0]]], right=9.0]], right=ConstMulSampler[left=ConstSubSampler[left=1.0, right=Sampler[input=ConstMulSampler[left=CachingDensitySampler[id=162, input=YSampler[input=SubSampler[left=ConstSubSampler[left=1.0, right=ConstMulSampler[left=YSampler[input=Sampler[x=1920, y=0, z=-3, metric=EUCLIDEAN], y=0], right=0.022222223]], right=ConstMulSampler[left=ConstAddSampler[left=CachingDensitySampler[id=1, input=YSampler[input=Sampler[noise=net.minecraft.world.level.levelgen.synth.NoiseStack$Perlin@73507cdd, xzScale=1.0, yScale=0.0], y=0]], right=1.0], right=0.2]], y=0]], right=1.6666666], min=0.0, max=1.0]], right=4.9]], y=0]]], right=ConstantFunction[value=12.0]] ([-105.9; -65.0]) and ConstantFunction[value=-116.0] ([-116.0; -116.0])
[12:00:10] [Worker-Main-3/WARN]: Compiling a MIN function between two non-overlapping inputs: BinaryFunction[type=SUB, left=PreparedCache[id=239, range=[-93.9; -53.0], domainAxes=5, cachingSampler=CachingDensitySampler[id=239, input=YSampler[input=SubSampler[left=ConstSubSampler[left=-62.0, right=ConstMulSampler[left=ConstSubSampler[left=1.0, right=CachingDensitySampler[id=215, input=YSampler[input=Sampler[noise=net.minecraft.world.level.levelgen.synth.NoiseStack$Perlin@3ee34dcd, xzScale=1.0, yScale=0.0], y=0]]], right=9.0]], right=ConstMulSampler[left=ConstSubSampler[left=1.0, right=Sampler[input=ConstMulSampler[left=CachingDensitySampler[id=162, input=YSampler[input=SubSampler[left=ConstSubSampler[left=1.0, right=ConstMulSampler[left=YSampler[input=Sampler[x=1920, y=0, z=-3, metric=EUCLIDEAN], y=0], right=0.022222223]], right=ConstMulSampler[left=ConstAddSampler[left=CachingDensitySampler[id=1, input=YSampler[input=Sampler[noise=net.minecraft.world.level.levelgen.synth.NoiseStack$Perlin@73507cdd, xzScale=1.0, yScale=0.0], y=0]], right=1.0], right=0.2]], y=0]], right=1.6666666], min=0.0, max=1.0]], right=4.9]], y=0]]], right=ConstantFunction[value=12.0]] ([-105.9; -65.0]) and ConstantFunction[value=-116.0] ([-116.0; -116.0])
[12:00:10] [Worker-Main-3/WARN]: Compiling a MIN function between two non-overlapping inputs: BinaryFunction[type=SUB, left=PreparedCache[id=241, range=[-142.7; -97.0], domainAxes=5, cachingSampler=CachingDensitySampler[id=241, input=YSampler[input=SubSampler[left=ConstSubSampler[left=-106.0, right=ConstMulSampler[left=ConstSubSampler[left=1.0, right=CachingDensitySampler[id=215, input=YSampler[input=Sampler[noise=net.minecraft.world.level.levelgen.synth.NoiseStack$Perlin@3ee34dcd, xzScale=1.0, yScale=0.0], y=0]]], right=9.0]], right=ConstMulSampler[left=ConstSubSampler[left=1.0, right=Sampler[input=ConstMulSampler[left=CachingDensitySampler[id=163, input=YSampler[input=SubSampler[left=ConstSubSampler[left=1.0, right=ConstMulSampler[left=YSampler[input=Sampler[x=1701, y=0, z=-8, metric=EUCLIDEAN], y=0], right=0.010309278]], right=ConstMulSampler[left=ConstAddSampler[left=CachingDensitySampler[id=1, input=YSampler[input=Sampler[noise=net.minecraft.world.level.levelgen.synth.NoiseStack$Perlin@73507cdd, xzScale=1.0, yScale=0.0], y=0]], right=1.0], right=0.2]], y=0]], right=1.6666666], min=0.0, max=1.0]], right=9.7]], y=0]]], right=ConstantFunction[value=12.0]] ([-154.7; -109.0]) and ConstantFunction[value=-160.0] ([-160.0; -160.0])
[12:00:10] [Worker-Main-3/WARN]: Compiling a MIN function between two non-overlapping inputs: BinaryFunction[type=SUB, left=PreparedCache[id=241, range=[-142.7; -97.0], domainAxes=5, cachingSampler=CachingDensitySampler[id=241, input=YSampler[input=SubSampler[left=ConstSubSampler[left=-106.0, right=ConstMulSampler[left=ConstSubSampler[left=1.0, right=CachingDensitySampler[id=215, input=YSampler[input=Sampler[noise=net.minecraft.world.level.levelgen.synth.NoiseStack$Perlin@3ee34dcd, xzScale=1.0, yScale=0.0], y=0]]], right=9.0]], right=ConstMulSampler[left=ConstSubSampler[left=1.0, right=Sampler[input=ConstMulSampler[left=CachingDensitySampler[id=163, input=YSampler[input=SubSampler[left=ConstSubSampler[left=1.0, right=ConstMulSampler[left=YSampler[input=Sampler[x=1701, y=0, z=-8, metric=EUCLIDEAN], y=0], right=0.010309278]], right=ConstMulSampler[left=ConstAddSampler[left=CachingDensitySampler[id=1, input=YSampler[input=Sampler[noise=net.minecraft.world.level.levelgen.synth.NoiseStack$Perlin@73507cdd, xzScale=1.0, yScale=0.0], y=0]], right=1.0], right=0.2]], y=0]], right=1.6666666], min=0.0, max=1.0]], right=9.7]], y=0]]], right=ConstantFunction[value=12.0]] ([-154.7; -109.0]) and ConstantFunction[value=-160.0] ([-160.0; -160.0])
[12:00:10] [Worker-Main-3/WARN]: Compiling a MIN function between two non-overlapping inputs: BinaryFunction[type=SUB, left=PreparedCache[id=243, range=[-137.5; -97.0], domainAxes=5, cachingSampler=CachingDensitySampler[id=243, input=YSampler[input=SubSampler[left=ConstSubSampler[left=-106.0, right=ConstMulSampler[left=ConstSubSampler[left=1.0, right=CachingDensitySampler[id=215, input=YSampler[input=Sampler[noise=net.minecraft.world.level.levelgen.synth.NoiseStack$Perlin@3ee34dcd, xzScale=1.0, yScale=0.0], y=0]]], right=9.0]], right=ConstMulSampler[left=ConstSubSampler[left=1.0, right=Sampler[input=ConstMulSampler[left=CachingDensitySampler[id=164, input=YSampler[input=SubSampler[left=ConstSubSampler[left=1.0, right=ConstMulSampler[left=YSampler[input=Sampler[x=2033, y=0, z=297, metric=EUCLIDEAN], y=0], right=0.022222223]], right=ConstMulSampler[left=ConstAddSampler[left=CachingDensitySampler[id=1, input=YSampler[input=Sampler[noise=net.minecraft.world.level.levelgen.synth.NoiseStack$Perlin@73507cdd, xzScale=1.0, yScale=0.0], y=0]], right=1.0], right=0.2]], y=0]], right=1.6666666], min=0.0, max=1.0]], right=4.5]], y=0]]], right=ConstantFunction[value=12.0]] ([-149.5; -109.0]) and ConstantFunction[value=-160.0] ([-160.0; -160.0])
[12:00:10] [Worker-Main-3/WARN]: Compiling a MIN function between two non-overlapping inputs: BinaryFunction[type=SUB, left=PreparedCache[id=243, range=[-137.5; -97.0], domainAxes=5, cachingSampler=CachingDensitySampler[id=243, input=YSampler[input=SubSampler[left=ConstSubSampler[left=-106.0, right=ConstMulSampler[left=ConstSubSampler[left=1.0, right=CachingDensitySampler[id=215, input=YSampler[input=Sampler[noise=net.minecraft.world.level.levelgen.synth.NoiseStack$Perlin@3ee34dcd, xzScale=1.0, yScale=0.0], y=0]]], right=9.0]], right=ConstMulSampler[left=ConstSubSampler[left=1.0, right=Sampler[input=ConstMulSampler[left=CachingDensitySampler[id=164, input=YSampler[input=SubSampler[left=ConstSubSampler[left=1.0, right=ConstMulSampler[left=YSampler[input=Sampler[x=2033, y=0, z=297, metric=EUCLIDEAN], y=0], right=0.022222223]], right=ConstMulSampler[left=ConstAddSampler[left=CachingDensitySampler[id=1, input=YSampler[input=Sampler[noise=net.minecraft.world.level.levelgen.synth.NoiseStack$Perlin@73507cdd, xzScale=1.0, yScale=0.0], y=0]], right=1.0], right=0.2]], y=0]], right=1.6666666], min=0.0, max=1.0]], right=4.5]], y=0]]], right=ConstantFunction[value=12.0]] ([-149.5; -109.0]) and ConstantFunction[value=-160.0] ([-160.0; -160.0])
[12:00:10] [Worker-Main-3/WARN]: Compiling a MIN function between two non-overlapping inputs: BinaryFunction[type=SUB, left=PreparedCache[id=247, range=[-219.0; -173.0], domainAxes=5, cachingSampler=CachingDensitySampler[id=247, input=YSampler[input=SubSampler[left=ConstSubSampler[left=-182.0, right=ConstMulSampler[left=ConstSubSampler[left=1.0, right=CachingDensitySampler[id=215, input=YSampler[input=Sampler[noise=net.minecraft.world.level.levelgen.synth.NoiseStack$Perlin@3ee34dcd, xzScale=1.0, yScale=0.0], y=0]]], right=9.0]], right=ConstMulSampler[left=ConstSubSampler[left=1.0, right=Sampler[input=ConstMulSampler[left=CachingDensitySampler[id=165, input=YSampler[input=SubSampler[left=ConstSubSampler[left=1.0, right=ConstMulSampler[left=YSampler[input=Sampler[x=2145, y=0, z=511, metric=EUCLIDEAN], y=0], right=0.006451613]], right=ConstMulSampler[left=ConstAddSampler[left=CachingDensitySampler[id=1, input=YSampler[input=Sampler[noise=net.minecraft.world.level.levelgen.synth.NoiseStack$Perlin@73507cdd, xzScale=1.0, yScale=0.0], y=0]], right=1.0], right=0.2]], y=0]], right=1.6666666], min=0.0, max=1.0]], right=10.0]], y=0]]], right=ConstantFunction[value=12.0]] ([-231.0; -185.0]) and ConstantFunction[value=-236.0] ([-236.0; -236.0])
[12:00:10] [Worker-Main-3/WARN]: Compiling a MIN function between two non-overlapping inputs: BinaryFunction[type=SUB, left=PreparedCache[id=247, range=[-219.0; -173.0], domainAxes=5, cachingSampler=CachingDensitySampler[id=247, input=YSampler[input=SubSampler[left=ConstSubSampler[left=-182.0, right=ConstMulSampler[left=ConstSubSampler[left=1.0, right=CachingDensitySampler[id=215, input=YSampler[input=Sampler[noise=net.minecraft.world.level.levelgen.synth.NoiseStack$Perlin@3ee34dcd, xzScale=1.0, yScale=0.0], y=0]]], right=9.0]], right=ConstMulSampler[left=ConstSubSampler[left=1.0, right=Sampler[input=ConstMulSampler[left=CachingDensitySampler[id=165, input=YSampler[input=SubSampler[left=ConstSubSampler[left=1.0, right=ConstMulSampler[left=YSampler[input=Sampler[x=2145, y=0, z=511, metric=EUCLIDEAN], y=0], right=0.006451613]], right=ConstMulSampler[left=ConstAddSampler[left=CachingDensitySampler[id=1, input=YSampler[input=Sampler[noise=net.minecraft.world.level.levelgen.synth.NoiseStack$Perlin@73507cdd, xzScale=1.0, yScale=0.0], y=0]], right=1.0], right=0.2]], y=0]], right=1.6666666], min=0.0, max=1.0]], right=10.0]], y=0]]], right=ConstantFunction[value=12.0]] ([-231.0; -185.0]) and ConstantFunction[value=-236.0] ([-236.0; -236.0])
[12:00:10] [Worker-Main-3/WARN]: Compiling a MIN function between two non-overlapping inputs: BinaryFunction[type=SUB, left=PreparedCache[id=249, range=[-239.3; -197.0], domainAxes=5, cachingSampler=CachingDensitySampler[id=249, input=YSampler[input=SubSampler[left=ConstSubSampler[left=-206.0, right=ConstMulSampler[left=ConstSubSampler[left=1.0, right=CachingDensitySampler[id=215, input=YSampler[input=Sampler[noise=net.minecraft.world.level.levelgen.synth.NoiseStack$Perlin@3ee34dcd, xzScale=1.0, yScale=0.0], y=0]]], right=9.0]], right=ConstMulSampler[left=ConstSubSampler[left=1.0, right=Sampler[input=ConstMulSampler[left=CachingDensitySampler[id=178, input=YSampler[input=SubSampler[left=ConstSubSampler[left=1.0, right=ConstMulSampler[left=YSampler[input=Sampler[x=2821, y=0, z=-534, metric=EUCLIDEAN], y=0], right=0.014285714]], right=ConstMulSampler[left=ConstAddSampler[left=CachingDensitySampler[id=1, input=YSampler[input=Sampler[noise=net.minecraft.world.level.levelgen.synth.NoiseStack$Perlin@73507cdd, xzScale=1.0, yScale=0.0], y=0]], right=1.0], right=0.2]], y=0]], right=1.6666666], min=0.0, max=1.0]], right=6.3]], y=0]]], right=ConstantFunction[value=12.0]] ([-251.3; -209.0]) and ConstantFunction[value=-260.0] ([-260.0; -260.0])
[12:00:10] [Worker-Main-3/WARN]: Compiling a MIN function between two non-overlapping inputs: BinaryFunction[type=SUB, left=PreparedCache[id=249, range=[-239.3; -197.0], domainAxes=5, cachingSampler=CachingDensitySampler[id=249, input=YSampler[input=SubSampler[left=ConstSubSampler[left=-206.0, right=ConstMulSampler[left=ConstSubSampler[left=1.0, right=CachingDensitySampler[id=215, input=YSampler[input=Sampler[noise=net.minecraft.world.level.levelgen.synth.NoiseStack$Perlin@3ee34dcd, xzScale=1.0, yScale=0.0], y=0]]], right=9.0]], right=ConstMulSampler[left=ConstSubSampler[left=1.0, right=Sampler[input=ConstMulSampler[left=CachingDensitySampler[id=178, input=YSampler[input=SubSampler[left=ConstSubSampler[left=1.0, right=ConstMulSampler[left=YSampler[input=Sampler[x=2821, y=0, z=-534, metric=EUCLIDEAN], y=0], right=0.014285714]], right=ConstMulSampler[left=ConstAddSampler[left=CachingDensitySampler[id=1, input=YSampler[input=Sampler[noise=net.minecraft.world.level.levelgen.synth.NoiseStack$Perlin@73507cdd, xzScale=1.0, yScale=0.0], y=0]], right=1.0], right=0.2]], y=0]], right=1.6666666], min=0.0, max=1.0]], right=6.3]], y=0]]], right=ConstantFunction[value=12.0]] ([-251.3; -209.0]) and ConstantFunction[value=-260.0] ([-260.0; -260.0])
[12:00:10] [Worker-Main-3/WARN]: Compiling a MIN function between two non-overlapping inputs: BinaryFunction[type=SUB, left=PreparedCache[id=253, range=[349.5; 404.5], domainAxes=5, cachingSampler=CachingDensitySampler[id=253, input=YSampler[input=SubSampler[left=ConstSubSampler[left=392.0, right=ConstMulSampler[left=ConstSubSampler[left=1.0, right=CachingDensitySampler[id=215, input=YSampler[input=Sampler[noise=net.minecraft.world.level.levelgen.synth.NoiseStack$Perlin@3ee34dcd, xzScale=1.0, yScale=0.0], y=0]]], right=12.5]], right=ConstMulSampler[left=ConstSubSampler[left=1.0, right=Sampler[input=ConstMulSampler[left=CachingDensitySampler[id=147, input=YSampler[input=SubSampler[left=ConstSubSampler[left=1.0, right=ConstMulSampler[left=YSampler[input=Sampler[x=1464, y=0, z=1802, metric=EUCLIDEAN], y=0], right=0.020408163]], right=ConstMulSampler[left=ConstAddSampler[left=CachingDensitySampler[id=1, input=YSampler[input=Sampler[noise=net.minecraft.world.level.levelgen.synth.NoiseStack$Perlin@73507cdd, xzScale=1.0, yScale=0.0], y=0]], right=1.0], right=0.2]], y=0]], right=1.6666666], min=0.0, max=1.0]], right=5.0]], y=0]]], right=ConstantFunction[value=12.0]] ([337.5; 392.5]) and ConstantFunction[value=331.0] ([331.0; 331.0])
[12:00:10] [Worker-Main-3/WARN]: Compiling a MIN function between two non-overlapping inputs: BinaryFunction[type=SUB, left=PreparedCache[id=253, range=[349.5; 404.5], domainAxes=5, cachingSampler=CachingDensitySampler[id=253, input=YSampler[input=SubSampler[left=ConstSubSampler[left=392.0, right=ConstMulSampler[left=ConstSubSampler[left=1.0, right=CachingDensitySampler[id=215, input=YSampler[input=Sampler[noise=net.minecraft.world.level.levelgen.synth.NoiseStack$Perlin@3ee34dcd, xzScale=1.0, yScale=0.0], y=0]]], right=12.5]], right=ConstMulSampler[left=ConstSubSampler[left=1.0, right=Sampler[input=ConstMulSampler[left=CachingDensitySampler[id=147, input=YSampler[input=SubSampler[left=ConstSubSampler[left=1.0, right=ConstMulSampler[left=YSampler[input=Sampler[x=1464, y=0, z=1802, metric=EUCLIDEAN], y=0], right=0.020408163]], right=ConstMulSampler[left=ConstAddSampler[left=CachingDensitySampler[id=1, input=YSampler[input=Sampler[noise=net.minecraft.world.level.levelgen.synth.NoiseStack$Perlin@73507cdd, xzScale=1.0, yScale=0.0], y=0]], right=1.0], right=0.2]], y=0]], right=1.6666666], min=0.0, max=1.0]], right=5.0]], y=0]]], right=ConstantFunction[value=12.0]] ([337.5; 392.5]) and ConstantFunction[value=331.0] ([331.0; 331.0])
[12:00:10] [Worker-Main-3/WARN]: Compiling a MIN function between two non-overlapping inputs: BinaryFunction[type=SUB, left=PreparedCache[id=257, range=[98.0; 142.0], domainAxes=5, cachingSampler=CachingDensitySampler[id=257, input=YSampler[input=SubSampler[left=ConstSubSampler[left=132.0, right=ConstMulSampler[left=ConstSubSampler[left=1.0, right=CachingDensitySampler[id=215, input=YSampler[input=Sampler[noise=net.minecraft.world.level.levelgen.synth.NoiseStack$Perlin@3ee34dcd, xzScale=1.0, yScale=0.0], y=0]]], right=10.0]], right=ConstMulSampler[left=ConstSubSampler[left=1.0, right=Sampler[input=ConstMulSampler[left=CachingDensitySampler[id=166, input=YSampler[input=SubSampler[left=ConstSubSampler[left=1.0, right=ConstMulSampler[left=YSampler[input=Sampler[x=1851, y=0, z=1692, metric=EUCLIDEAN], y=0], right=0.022222223]], right=ConstMulSampler[left=ConstAddSampler[left=CachingDensitySampler[id=1, input=YSampler[input=Sampler[noise=net.minecraft.world.level.levelgen.synth.NoiseStack$Perlin@73507cdd, xzScale=1.0, yScale=0.0], y=0]], right=1.0], right=0.2]], y=0]], right=1.6666666], min=0.0, max=1.0]], right=4.0]], y=0]]], right=ConstantFunction[value=12.0]] ([86.0; 130.0]) and ConstantFunction[value=76.0] ([76.0; 76.0])
[12:00:10] [Worker-Main-3/WARN]: Compiling a MIN function between two non-overlapping inputs: BinaryFunction[type=SUB, left=PreparedCache[id=257, range=[98.0; 142.0], domainAxes=5, cachingSampler=CachingDensitySampler[id=257, input=YSampler[input=SubSampler[left=ConstSubSampler[left=132.0, right=ConstMulSampler[left=ConstSubSampler[left=1.0, right=CachingDensitySampler[id=215, input=YSampler[input=Sampler[noise=net.minecraft.world.level.levelgen.synth.NoiseStack$Perlin@3ee34dcd, xzScale=1.0, yScale=0.0], y=0]]], right=10.0]], right=ConstMulSampler[left=ConstSubSampler[left=1.0, right=Sampler[input=ConstMulSampler[left=CachingDensitySampler[id=166, input=YSampler[input=SubSampler[left=ConstSubSampler[left=1.0, right=ConstMulSampler[left=YSampler[input=Sampler[x=1851, y=0, z=1692, metric=EUCLIDEAN], y=0], right=0.022222223]], right=ConstMulSampler[left=ConstAddSampler[left=CachingDensitySampler[id=1, input=YSampler[input=Sampler[noise=net.minecraft.world.level.levelgen.synth.NoiseStack$Perlin@73507cdd, xzScale=1.0, yScale=0.0], y=0]], right=1.0], right=0.2]], y=0]], right=1.6666666], min=0.0, max=1.0]], right=4.0]], y=0]]], right=ConstantFunction[value=12.0]] ([86.0; 130.0]) and ConstantFunction[value=76.0] ([76.0; 76.0])
[12:00:10] [Worker-Main-3/WARN]: Compiling a MIN function between two non-overlapping inputs: BinaryFunction[type=SUB, left=PreparedCache[id=259, range=[218.45; 287.75], domainAxes=5, cachingSampler=CachingDensitySampler[id=259, input=YSampler[input=SubSampler[left=ConstSubSampler[left=272.0, right=ConstMulSampler[left=ConstSubSampler[left=1.0, right=CachingDensitySampler[id=215, input=YSampler[input=Sampler[noise=net.minecraft.world.level.levelgen.synth.NoiseStack$Perlin@3ee34dcd, xzScale=1.0, yScale=0.0], y=0]]], right=15.75]], right=ConstMulSampler[left=ConstSubSampler[left=1.0, right=Sampler[input=ConstMulSampler[left=CachingDensitySampler[id=146, input=YSampler[input=SubSampler[left=ConstSubSampler[left=1.0, right=ConstMulSampler[left=YSampler[input=Sampler[x=1504, y=0, z=1517, metric=EUCLIDEAN], y=0], right=0.016129032]], right=ConstMulSampler[left=ConstAddSampler[left=CachingDensitySampler[id=1, input=YSampler[input=Sampler[noise=net.minecraft.world.level.levelgen.synth.NoiseStack$Perlin@73507cdd, xzScale=1.0, yScale=0.0], y=0]], right=1.0], right=0.2]], y=0]], right=1.6666666], min=0.0, max=1.0]], right=6.3]], y=0]]], right=ConstantFunction[value=12.0]] ([206.45; 275.75]) and ConstantFunction[value=204.0] ([204.0; 204.0])
[12:00:10] [Worker-Main-3/WARN]: Compiling a MIN function between two non-overlapping inputs: BinaryFunction[type=SUB, left=PreparedCache[id=259, range=[218.45; 287.75], domainAxes=5, cachingSampler=CachingDensitySampler[id=259, input=YSampler[input=SubSampler[left=ConstSubSampler[left=272.0, right=ConstMulSampler[left=ConstSubSampler[left=1.0, right=CachingDensitySampler[id=215, input=YSampler[input=Sampler[noise=net.minecraft.world.level.levelgen.synth.NoiseStack$Perlin@3ee34dcd, xzScale=1.0, yScale=0.0], y=0]]], right=15.75]], right=ConstMulSampler[left=ConstSubSampler[left=1.0, right=Sampler[input=ConstMulSampler[left=CachingDensitySampler[id=146, input=YSampler[input=SubSampler[left=ConstSubSampler[left=1.0, right=ConstMulSampler[left=YSampler[input=Sampler[x=1504, y=0, z=1517, metric=EUCLIDEAN], y=0], right=0.016129032]], right=ConstMulSampler[left=ConstAddSampler[left=CachingDensitySampler[id=1, input=YSampler[input=Sampler[noise=net.minecraft.world.level.levelgen.synth.NoiseStack$Perlin@73507cdd, xzScale=1.0, yScale=0.0], y=0]], right=1.0], right=0.2]], y=0]], right=1.6666666], min=0.0, max=1.0]], right=6.3]], y=0]]], right=ConstantFunction[value=12.0]] ([206.45; 275.75]) and ConstantFunction[value=204.0] ([204.0; 204.0])
[12:00:10] [Worker-Main-3/WARN]: Compiling a MIN function between two non-overlapping inputs: BinaryFunction[type=SUB, left=PreparedCache[id=261, range=[345.3; 385.0], domainAxes=5, cachingSampler=CachingDensitySampler[id=261, input=YSampler[input=SubSampler[left=ConstSubSampler[left=376.0, right=ConstMulSampler[left=ConstSubSampler[left=1.0, right=CachingDensitySampler[id=215, input=YSampler[input=Sampler[noise=net.minecraft.world.level.levelgen.synth.NoiseStack$Perlin@3ee34dcd, xzScale=1.0, yScale=0.0], y=0]]], right=9.0]], right=ConstMulSampler[left=ConstSubSampler[left=1.0, right=Sampler[input=ConstMulSampler[left=CachingDensitySampler[id=149, input=YSampler[input=SubSampler[left=ConstSubSampler[left=1.0, right=ConstMulSampler[left=YSampler[input=Sampler[x=1462, y=0, z=2151, metric=EUCLIDEAN], y=0], right=0.025]], right=ConstMulSampler[left=ConstAddSampler[left=CachingDensitySampler[id=1, input=YSampler[input=Sampler[noise=net.minecraft.world.level.levelgen.synth.NoiseStack$Perlin@73507cdd, xzScale=1.0, yScale=0.0], y=0]], right=1.0], right=0.2]], y=0]], right=1.6666666], min=0.0, max=1.0]], right=3.7]], y=0]]], right=ConstantFunction[value=12.0]] ([333.3; 373.0]) and ConstantFunction[value=322.0] ([322.0; 322.0])
[12:00:10] [Worker-Main-3/WARN]: Compiling a MIN function between two non-overlapping inputs: BinaryFunction[type=SUB, left=PreparedCache[id=261, range=[345.3; 385.0], domainAxes=5, cachingSampler=CachingDensitySampler[id=261, input=YSampler[input=SubSampler[left=ConstSubSampler[left=376.0, right=ConstMulSampler[left=ConstSubSampler[left=1.0, right=CachingDensitySampler[id=215, input=YSampler[input=Sampler[noise=net.minecraft.world.level.levelgen.synth.NoiseStack$Perlin@3ee34dcd, xzScale=1.0, yScale=0.0], y=0]]], right=9.0]], right=ConstMulSampler[left=ConstSubSampler[left=1.0, right=Sampler[input=ConstMulSampler[left=CachingDensitySampler[id=149, input=YSampler[input=SubSampler[left=ConstSubSampler[left=1.0, right=ConstMulSampler[left=YSampler[input=Sampler[x=1462, y=0, z=2151, metric=EUCLIDEAN], y=0], right=0.025]], right=ConstMulSampler[left=ConstAddSampler[left=CachingDensitySampler[id=1, input=YSampler[input=Sampler[noise=net.minecraft.world.level.levelgen.synth.NoiseStack$Perlin@73507cdd, xzScale=1.0, yScale=0.0], y=0]], right=1.0], right=0.2]], y=0]], right=1.6666666], min=0.0, max=1.0]], right=3.7]], y=0]]], right=ConstantFunction[value=12.0]] ([333.3; 373.0]) and ConstantFunction[value=322.0] ([322.0; 322.0])
[12:00:10] [Worker-Main-3/WARN]: Compiling a MIN function between two non-overlapping inputs: BinaryFunction[type=SUB, left=PreparedCache[id=271, range=[270.0; 304.0], domainAxes=5, cachingSampler=CachingDensitySampler[id=271, input=YSampler[input=SubSampler[left=ConstSubSampler[left=298.0, right=ConstMulSampler[left=ConstSubSampler[left=1.0, right=CachingDensitySampler[id=215, input=YSampler[input=Sampler[noise=net.minecraft.world.level.levelgen.synth.NoiseStack$Perlin@3ee34dcd, xzScale=1.0, yScale=0.0], y=0]]], right=6.0]], right=ConstMulSampler[left=ConstSubSampler[left=1.0, right=Sampler[input=ConstMulSampler[left=CachingDensitySampler[id=62, input=YSampler[input=SubSampler[left=ConstSubSampler[left=1.0, right=ConstMulSampler[left=YSampler[input=Sampler[x=-1976, y=0, z=2043, metric=EUCLIDEAN], y=0], right=0.0074074073]], right=ConstMulSampler[left=ConstAddSampler[left=CachingDensitySampler[id=1, input=YSampler[input=Sampler[noise=net.minecraft.world.level.levelgen.synth.NoiseStack$Perlin@73507cdd, xzScale=1.0, yScale=0.0], y=0]], right=1.0], right=0.2]], y=0]], right=1.6666666], min=0.0, max=1.0]], right=10.0]], y=0]]], right=ConstantFunction[value=12.0]] ([258.0; 292.0]) and ConstantFunction[value=250.0] ([250.0; 250.0])
[12:00:10] [Worker-Main-3/WARN]: Compiling a MIN function between two non-overlapping inputs: BinaryFunction[type=SUB, left=PreparedCache[id=271, range=[270.0; 304.0], domainAxes=5, cachingSampler=CachingDensitySampler[id=271, input=YSampler[input=SubSampler[left=ConstSubSampler[left=298.0, right=ConstMulSampler[left=ConstSubSampler[left=1.0, right=CachingDensitySampler[id=215, input=YSampler[input=Sampler[noise=net.minecraft.world.level.levelgen.synth.NoiseStack$Perlin@3ee34dcd, xzScale=1.0, yScale=0.0], y=0]]], right=6.0]], right=ConstMulSampler[left=ConstSubSampler[left=1.0, right=Sampler[input=ConstMulSampler[left=CachingDensitySampler[id=62, input=YSampler[input=SubSampler[left=ConstSubSampler[left=1.0, right=ConstMulSampler[left=YSampler[input=Sampler[x=-1976, y=0, z=2043, metric=EUCLIDEAN], y=0], right=0.0074074073]], right=ConstMulSampler[left=ConstAddSampler[left=CachingDensitySampler[id=1, input=YSampler[input=Sampler[noise=net.minecraft.world.level.levelgen.synth.NoiseStack$Perlin@73507cdd, xzScale=1.0, yScale=0.0], y=0]], right=1.0], right=0.2]], y=0]], right=1.6666666], min=0.0, max=1.0]], right=10.0]], y=0]]], right=ConstantFunction[value=12.0]] ([258.0; 292.0]) and ConstantFunction[value=250.0] ([250.0; 250.0])
[12:00:10] [Worker-Main-3/WARN]: Compiling a MIN function between two non-overlapping inputs: BinaryFunction[type=SUB, left=PreparedCache[id=273, range=[415.5; 470.5], domainAxes=5, cachingSampler=CachingDensitySampler[id=273, input=YSampler[input=SubSampler[left=ConstSubSampler[left=458.0, right=ConstMulSampler[left=ConstSubSampler[left=1.0, right=CachingDensitySampler[id=215, input=YSampler[input=Sampler[noise=net.minecraft.world.level.levelgen.synth.NoiseStack$Perlin@3ee34dcd, xzScale=1.0, yScale=0.0], y=0]]], right=12.5]], right=ConstMulSampler[left=ConstSubSampler[left=1.0, right=Sampler[input=ConstMulSampler[left=CachingDensitySampler[id=98, input=YSampler[input=SubSampler[left=ConstSubSampler[left=1.0, right=ConstMulSampler[left=YSampler[input=Sampler[x=-1031, y=0, z=2394, metric=EUCLIDEAN], y=0], right=0.02]], right=ConstMulSampler[left=ConstAddSampler[left=CachingDensitySampler[id=1, input=YSampler[input=Sampler[noise=net.minecraft.world.level.levelgen.synth.NoiseStack$Perlin@73507cdd, xzScale=1.0, yScale=0.0], y=0]], right=1.0], right=0.2]], y=0]], right=1.6666666], min=0.0, max=1.0]], right=5.0]], y=0]]], right=ConstantFunction[value=12.0]] ([403.5; 458.5]) and ConstantFunction[value=397.0] ([397.0; 397.0])
[12:00:10] [Worker-Main-3/WARN]: Compiling a MIN function between two non-overlapping inputs: BinaryFunction[type=SUB, left=PreparedCache[id=273, range=[415.5; 470.5], domainAxes=5, cachingSampler=CachingDensitySampler[id=273, input=YSampler[input=SubSampler[left=ConstSubSampler[left=458.0, right=ConstMulSampler[left=ConstSubSampler[left=1.0, right=CachingDensitySampler[id=215, input=YSampler[input=Sampler[noise=net.minecraft.world.level.levelgen.synth.NoiseStack$Perlin@3ee34dcd, xzScale=1.0, yScale=0.0], y=0]]], right=12.5]], right=ConstMulSampler[left=ConstSubSampler[left=1.0, right=Sampler[input=ConstMulSampler[left=CachingDensitySampler[id=98, input=YSampler[input=SubSampler[left=ConstSubSampler[left=1.0, right=ConstMulSampler[left=YSampler[input=Sampler[x=-1031, y=0, z=2394, metric=EUCLIDEAN], y=0], right=0.02]], right=ConstMulSampler[left=ConstAddSampler[left=CachingDensitySampler[id=1, input=YSampler[input=Sampler[noise=net.minecraft.world.level.levelgen.synth.NoiseStack$Perlin@73507cdd, xzScale=1.0, yScale=0.0], y=0]], right=1.0], right=0.2]], y=0]], right=1.6666666], min=0.0, max=1.0]], right=5.0]], y=0]]], right=ConstantFunction[value=12.0]] ([403.5; 458.5]) and ConstantFunction[value=397.0] ([397.0; 397.0])
[12:00:10] [Worker-Main-3/WARN]: Compiling a MIN function between two non-overlapping inputs: BinaryFunction[type=SUB, left=PreparedCache[id=279, range=[261.7; 276.0], domainAxes=5, cachingSampler=CachingDensitySampler[id=279, input=YSampler[input=SubSampler[left=ConstSubSampler[left=274.0, right=ConstMulSampler[left=ConstSubSampler[left=1.0, right=CachingDensitySampler[id=215, input=YSampler[input=Sampler[noise=net.minecraft.world.level.levelgen.synth.NoiseStack$Perlin@3ee34dcd, xzScale=1.0, yScale=0.0], y=0]]], right=2.0]], right=ConstMulSampler[left=ConstSubSampler[left=1.0, right=Sampler[input=ConstMulSampler[left=CachingDensitySampler[id=60, input=YSampler[input=SubSampler[left=ConstSubSampler[left=1.0, right=ConstMulSampler[left=YSampler[input=Sampler[x=-2123, y=0, z=400, metric=EUCLIDEAN], y=0], right=0.012987013]], right=ConstMulSampler[left=ConstAddSampler[left=CachingDensitySampler[id=1, input=YSampler[input=Sampler[noise=net.minecraft.world.level.levelgen.synth.NoiseStack$Perlin@73507cdd, xzScale=1.0, yScale=0.0], y=0]], right=1.0], right=0.2]], y=0]], right=1.6666666], min=0.0, max=1.0]], right=6.3]], y=0]]], right=ConstantFunction[value=12.0]] ([249.70001; 264.0]) and ConstantFunction[value=234.0] ([234.0; 234.0])
[12:00:10] [Worker-Main-3/WARN]: Compiling a MIN function between two non-overlapping inputs: BinaryFunction[type=SUB, left=PreparedCache[id=279, range=[261.7; 276.0], domainAxes=5, cachingSampler=CachingDensitySampler[id=279, input=YSampler[input=SubSampler[left=ConstSubSampler[left=274.0, right=ConstMulSampler[left=ConstSubSampler[left=1.0, right=CachingDensitySampler[id=215, input=YSampler[input=Sampler[noise=net.minecraft.world.level.levelgen.synth.NoiseStack$Perlin@3ee34dcd, xzScale=1.0, yScale=0.0], y=0]]], right=2.0]], right=ConstMulSampler[left=ConstSubSampler[left=1.0, right=Sampler[input=ConstMulSampler[left=CachingDensitySampler[id=60, input=YSampler[input=SubSampler[left=ConstSubSampler[left=1.0, right=ConstMulSampler[left=YSampler[input=Sampler[x=-2123, y=0, z=400, metric=EUCLIDEAN], y=0], right=0.012987013]], right=ConstMulSampler[left=ConstAddSampler[left=CachingDensitySampler[id=1, input=YSampler[input=Sampler[noise=net.minecraft.world.level.levelgen.synth.NoiseStack$Perlin@73507cdd, xzScale=1.0, yScale=0.0], y=0]], right=1.0], right=0.2]], y=0]], right=1.6666666], min=0.0, max=1.0]], right=6.3]], y=0]]], right=ConstantFunction[value=12.0]] ([249.70001; 264.0]) and ConstantFunction[value=234.0] ([234.0; 234.0])
[12:00:10] [Worker-Main-3/WARN]: Compiling a MIN function between two non-overlapping inputs: BinaryFunction[type=SUB, left=PreparedCache[id=285, range=[303.8; 316.0], domainAxes=5, cachingSampler=CachingDensitySampler[id=285, input=YSampler[input=SubSampler[left=ConstSubSampler[left=314.0, right=ConstMulSampler[left=ConstSubSampler[left=1.0, right=CachingDensitySampler[id=215, input=YSampler[input=Sampler[noise=net.minecraft.world.level.levelgen.synth.NoiseStack$Perlin@3ee34dcd, xzScale=1.0, yScale=0.0], y=0]]], right=2.0]], right=ConstMulSampler[left=ConstSubSampler[left=1.0, right=Sampler[input=ConstMulSampler[left=CachingDensitySampler[id=43, input=YSampler[input=SubSampler[left=ConstSubSampler[left=1.0, right=ConstMulSampler[left=YSampler[input=Sampler[x=-2674, y=0, z=124, metric=EUCLIDEAN], y=0], right=0.023809524]], right=ConstMulSampler[left=ConstAddSampler[left=CachingDensitySampler[id=1, input=YSampler[input=Sampler[noise=net.minecraft.world.level.levelgen.synth.NoiseStack$Perlin@73507cdd, xzScale=1.0, yScale=0.0], y=0]], right=1.0], right=0.2]], y=0]], right=1.6666666], min=0.0, max=1.0]], right=4.2]], y=0]]], right=ConstantFunction[value=12.0]] ([291.8; 304.0]) and ConstantFunction[value=274.0] ([274.0; 274.0])
[12:00:10] [Worker-Main-3/WARN]: Compiling a MIN function between two non-overlapping inputs: BinaryFunction[type=SUB, left=PreparedCache[id=285, range=[303.8; 316.0], domainAxes=5, cachingSampler=CachingDensitySampler[id=285, input=YSampler[input=SubSampler[left=ConstSubSampler[left=314.0, right=ConstMulSampler[left=ConstSubSampler[left=1.0, right=CachingDensitySampler[id=215, input=YSampler[input=Sampler[noise=net.minecraft.world.level.levelgen.synth.NoiseStack$Perlin@3ee34dcd, xzScale=1.0, yScale=0.0], y=0]]], right=2.0]], right=ConstMulSampler[left=ConstSubSampler[left=1.0, right=Sampler[input=ConstMulSampler[left=CachingDensitySampler[id=43, input=YSampler[input=SubSampler[left=ConstSubSampler[left=1.0, right=ConstMulSampler[left=YSampler[input=Sampler[x=-2674, y=0, z=124, metric=EUCLIDEAN], y=0], right=0.023809524]], right=ConstMulSampler[left=ConstAddSampler[left=CachingDensitySampler[id=1, input=YSampler[input=Sampler[noise=net.minecraft.world.level.levelgen.synth.NoiseStack$Perlin@73507cdd, xzScale=1.0, yScale=0.0], y=0]], right=1.0], right=0.2]], y=0]], right=1.6666666], min=0.0, max=1.0]], right=4.2]], y=0]]], right=ConstantFunction[value=12.0]] ([291.8; 304.0]) and ConstantFunction[value=274.0] ([274.0; 274.0])
[12:00:10] [Worker-Main-3/WARN]: Compiling a MIN function between two non-overlapping inputs: BinaryFunction[type=SUB, left=PreparedCache[id=293, range=[179.0; 241.0], domainAxes=5, cachingSampler=CachingDensitySampler[id=293, input=YSampler[input=SubSampler[left=ConstSubSampler[left=228.0, right=ConstMulSampler[left=ConstSubSampler[left=1.0, right=CachingDensitySampler[id=215, input=YSampler[input=Sampler[noise=net.minecraft.world.level.levelgen.synth.NoiseStack$Perlin@3ee34dcd, xzScale=1.0, yScale=0.0], y=0]]], right=13.0]], right=ConstMulSampler[left=ConstSubSampler[left=1.0, right=Sampler[input=ConstMulSampler[left=CachingDensitySampler[id=70, input=YSampler[input=SubSampler[left=ConstSubSampler[left=1.0, right=ConstMulSampler[left=YSampler[input=Sampler[x=-1642, y=0, z=-2046, metric=EUCLIDEAN], y=0], right=0.005376344]], right=ConstMulSampler[left=ConstAddSampler[left=CachingDensitySampler[id=1, input=YSampler[input=Sampler[noise=net.minecraft.world.level.levelgen.synth.NoiseStack$Perlin@73507cdd, xzScale=1.0, yScale=0.0], y=0]], right=1.0], right=0.2]], y=0]], right=1.6666666], min=0.0, max=1.0]], right=10.0]], y=0]]], right=ConstantFunction[value=12.0]] ([167.0; 229.0]) and ConstantFunction[value=166.0] ([166.0; 166.0])
[12:00:10] [Worker-Main-3/WARN]: Compiling a MIN function between two non-overlapping inputs: BinaryFunction[type=SUB, left=PreparedCache[id=293, range=[179.0; 241.0], domainAxes=5, cachingSampler=CachingDensitySampler[id=293, input=YSampler[input=SubSampler[left=ConstSubSampler[left=228.0, right=ConstMulSampler[left=ConstSubSampler[left=1.0, right=CachingDensitySampler[id=215, input=YSampler[input=Sampler[noise=net.minecraft.world.level.levelgen.synth.NoiseStack$Perlin@3ee34dcd, xzScale=1.0, yScale=0.0], y=0]]], right=13.0]], right=ConstMulSampler[left=ConstSubSampler[left=1.0, right=Sampler[input=ConstMulSampler[left=CachingDensitySampler[id=70, input=YSampler[input=SubSampler[left=ConstSubSampler[left=1.0, right=ConstMulSampler[left=YSampler[input=Sampler[x=-1642, y=0, z=-2046, metric=EUCLIDEAN], y=0], right=0.005376344]], right=ConstMulSampler[left=ConstAddSampler[left=CachingDensitySampler[id=1, input=YSampler[input=Sampler[noise=net.minecraft.world.level.levelgen.synth.NoiseStack$Perlin@73507cdd, xzScale=1.0, yScale=0.0], y=0]], right=1.0], right=0.2]], y=0]], right=1.6666666], min=0.0, max=1.0]], right=10.0]], y=0]]], right=ConstantFunction[value=12.0]] ([167.0; 229.0]) and ConstantFunction[value=166.0] ([166.0; 166.0])
[12:00:10] [Worker-Main-3/WARN]: Compiling a MIN function between two non-overlapping inputs: BinaryFunction[type=SUB, left=PreparedCache[id=295, range=[334.0; 392.0], domainAxes=5, cachingSampler=CachingDensitySampler[id=295, input=YSampler[input=SubSampler[left=ConstSubSampler[left=380.0, right=ConstMulSampler[left=ConstSubSampler[left=1.0, right=CachingDensitySampler[id=215, input=YSampler[input=Sampler[noise=net.minecraft.world.level.levelgen.synth.NoiseStack$Perlin@3ee34dcd, xzScale=1.0, yScale=0.0], y=0]]], right=12.0]], right=ConstMulSampler[left=ConstSubSampler[left=1.0, right=Sampler[input=ConstMulSampler[left=CachingDensitySampler[id=105, input=YSampler[input=SubSampler[left=ConstSubSampler[left=1.0, right=ConstMulSampler[left=YSampler[input=Sampler[x=-692, y=0, z=-1898, metric=EUCLIDEAN], y=0], right=0.008695652]], right=ConstMulSampler[left=ConstAddSampler[left=CachingDensitySampler[id=1, input=YSampler[input=Sampler[noise=net.minecraft.world.level.levelgen.synth.NoiseStack$Perlin@73507cdd, xzScale=1.0, yScale=0.0], y=0]], right=1.0], right=0.2]], y=0]], right=1.6666666], min=0.0, max=1.0]], right=10.0]], y=0]]], right=ConstantFunction[value=12.0]] ([322.0; 380.0]) and ConstantFunction[value=320.0] ([320.0; 320.0])
[12:00:10] [Worker-Main-3/WARN]: Compiling a MIN function between two non-overlapping inputs: BinaryFunction[type=SUB, left=PreparedCache[id=295, range=[334.0; 392.0], domainAxes=5, cachingSampler=CachingDensitySampler[id=295, input=YSampler[input=SubSampler[left=ConstSubSampler[left=380.0, right=ConstMulSampler[left=ConstSubSampler[left=1.0, right=CachingDensitySampler[id=215, input=YSampler[input=Sampler[noise=net.minecraft.world.level.levelgen.synth.NoiseStack$Perlin@3ee34dcd, xzScale=1.0, yScale=0.0], y=0]]], right=12.0]], right=ConstMulSampler[left=ConstSubSampler[left=1.0, right=Sampler[input=ConstMulSampler[left=CachingDensitySampler[id=105, input=YSampler[input=SubSampler[left=ConstSubSampler[left=1.0, right=ConstMulSampler[left=YSampler[input=Sampler[x=-692, y=0, z=-1898, metric=EUCLIDEAN], y=0], right=0.008695652]], right=ConstMulSampler[left=ConstAddSampler[left=CachingDensitySampler[id=1, input=YSampler[input=Sampler[noise=net.minecraft.world.level.levelgen.synth.NoiseStack$Perlin@73507cdd, xzScale=1.0, yScale=0.0], y=0]], right=1.0], right=0.2]], y=0]], right=1.6666666], min=0.0, max=1.0]], right=10.0]], y=0]]], right=ConstantFunction[value=12.0]] ([322.0; 380.0]) and ConstantFunction[value=320.0] ([320.0; 320.0])
[12:00:10] [Worker-Main-3/WARN]: Compiling a MIN function between two non-overlapping inputs: BinaryFunction[type=SUB, left=PreparedCache[id=297, range=[195.0; 257.0], domainAxes=5, cachingSampler=CachingDensitySampler[id=297, input=YSampler[input=SubSampler[left=ConstSubSampler[left=244.0, right=ConstMulSampler[left=ConstSubSampler[left=1.0, right=CachingDensitySampler[id=215, input=YSampler[input=Sampler[noise=net.minecraft.world.level.levelgen.synth.NoiseStack$Perlin@3ee34dcd, xzScale=1.0, yScale=0.0], y=0]]], right=13.0]], right=ConstMulSampler[left=ConstSubSampler[left=1.0, right=Sampler[input=ConstMulSampler[left=CachingDensitySampler[id=74, input=YSampler[input=SubSampler[left=ConstSubSampler[left=1.0, right=ConstMulSampler[left=YSampler[input=Sampler[x=-1613, y=0, z=-1567, metric=EUCLIDEAN], y=0], right=0.004950495]], right=ConstMulSampler[left=ConstAddSampler[left=CachingDensitySampler[id=1, input=YSampler[input=Sampler[noise=net.minecraft.world.level.levelgen.synth.NoiseStack$Perlin@73507cdd, xzScale=1.0, yScale=0.0], y=0]], right=1.0], right=0.2]], y=0]], right=1.6666666], min=0.0, max=1.0]], right=10.0]], y=0]]], right=ConstantFunction[value=12.0]] ([183.0; 245.0]) and ConstantFunction[value=182.0] ([182.0; 182.0])
[12:00:10] [Worker-Main-3/WARN]: Compiling a MIN function between two non-overlapping inputs: BinaryFunction[type=SUB, left=PreparedCache[id=297, range=[195.0; 257.0], domainAxes=5, cachingSampler=CachingDensitySampler[id=297, input=YSampler[input=SubSampler[left=ConstSubSampler[left=244.0, right=ConstMulSampler[left=ConstSubSampler[left=1.0, right=CachingDensitySampler[id=215, input=YSampler[input=Sampler[noise=net.minecraft.world.level.levelgen.synth.NoiseStack$Perlin@3ee34dcd, xzScale=1.0, yScale=0.0], y=0]]], right=13.0]], right=ConstMulSampler[left=ConstSubSampler[left=1.0, right=Sampler[input=ConstMulSampler[left=CachingDensitySampler[id=74, input=YSampler[input=SubSampler[left=ConstSubSampler[left=1.0, right=ConstMulSampler[left=YSampler[input=Sampler[x=-1613, y=0, z=-1567, metric=EUCLIDEAN], y=0], right=0.004950495]], right=ConstMulSampler[left=ConstAddSampler[left=CachingDensitySampler[id=1, input=YSampler[input=Sampler[noise=net.minecraft.world.level.levelgen.synth.NoiseStack$Perlin@73507cdd, xzScale=1.0, yScale=0.0], y=0]], right=1.0], right=0.2]], y=0]], right=1.6666666], min=0.0, max=1.0]], right=10.0]], y=0]]], right=ConstantFunction[value=12.0]] ([183.0; 245.0]) and ConstantFunction[value=182.0] ([182.0; 182.0])
[12:00:10] [Worker-Main-3/WARN]: Compiling a MIN function between two non-overlapping inputs: BinaryFunction[type=SUB, left=PreparedCache[id=299, range=[242.7; 301.0], domainAxes=5, cachingSampler=CachingDensitySampler[id=299, input=YSampler[input=SubSampler[left=ConstSubSampler[left=288.0, right=ConstMulSampler[left=ConstSubSampler[left=1.0, right=CachingDensitySampler[id=215, input=YSampler[input=Sampler[noise=net.minecraft.world.level.levelgen.synth.NoiseStack$Perlin@3ee34dcd, xzScale=1.0, yScale=0.0], y=0]]], right=13.0]], right=ConstMulSampler[left=ConstSubSampler[left=1.0, right=Sampler[input=ConstMulSampler[left=CachingDensitySampler[id=72, input=YSampler[input=SubSampler[left=ConstSubSampler[left=1.0, right=ConstMulSampler[left=YSampler[input=Sampler[x=-1918, y=0, z=-2166, metric=EUCLIDEAN], y=0], right=0.01724138]], right=ConstMulSampler[left=ConstAddSampler[left=CachingDensitySampler[id=1, input=YSampler[input=Sampler[noise=net.minecraft.world.level.levelgen.synth.NoiseStack$Perlin@73507cdd, xzScale=1.0, yScale=0.0], y=0]], right=1.0], right=0.2]], y=0]], right=1.6666666], min=0.0, max=1.0]], right=6.3]], y=0]]], right=ConstantFunction[value=12.0]] ([230.7; 289.0]) and ConstantFunction[value=226.0] ([226.0; 226.0])
[12:00:10] [Worker-Main-3/WARN]: Compiling a MIN function between two non-overlapping inputs: BinaryFunction[type=SUB, left=PreparedCache[id=299, range=[242.7; 301.0], domainAxes=5, cachingSampler=CachingDensitySampler[id=299, input=YSampler[input=SubSampler[left=ConstSubSampler[left=288.0, right=ConstMulSampler[left=ConstSubSampler[left=1.0, right=CachingDensitySampler[id=215, input=YSampler[input=Sampler[noise=net.minecraft.world.level.levelgen.synth.NoiseStack$Perlin@3ee34dcd, xzScale=1.0, yScale=0.0], y=0]]], right=13.0]], right=ConstMulSampler[left=ConstSubSampler[left=1.0, right=Sampler[input=ConstMulSampler[left=CachingDensitySampler[id=72, input=YSampler[input=SubSampler[left=ConstSubSampler[left=1.0, right=ConstMulSampler[left=YSampler[input=Sampler[x=-1918, y=0, z=-2166, metric=EUCLIDEAN], y=0], right=0.01724138]], right=ConstMulSampler[left=ConstAddSampler[left=CachingDensitySampler[id=1, input=YSampler[input=Sampler[noise=net.minecraft.world.level.levelgen.synth.NoiseStack$Perlin@73507cdd, xzScale=1.0, yScale=0.0], y=0]], right=1.0], right=0.2]], y=0]], right=1.6666666], min=0.0, max=1.0]], right=6.3]], y=0]]], right=ConstantFunction[value=12.0]] ([230.7; 289.0]) and ConstantFunction[value=226.0] ([226.0; 226.0])
[12:00:10] [Worker-Main-3/WARN]: Compiling a MIN function between two non-overlapping inputs: BinaryFunction[type=SUB, left=PreparedCache[id=303, range=[-187.0; -133.0], domainAxes=5, cachingSampler=CachingDensitySampler[id=303, input=YSampler[input=SubSampler[left=ConstSubSampler[left=-144.0, right=ConstMulSampler[left=ConstSubSampler[left=1.0, right=CachingDensitySampler[id=215, input=YSampler[input=Sampler[noise=net.minecraft.world.level.levelgen.synth.NoiseStack$Perlin@3ee34dcd, xzScale=1.0, yScale=0.0], y=0]]], right=11.0]], right=ConstMulSampler[left=ConstSubSampler[left=1.0, right=Sampler[input=ConstMulSampler[left=CachingDensitySampler[id=134, input=YSampler[input=SubSampler[left=ConstSubSampler[left=1.0, right=ConstMulSampler[left=YSampler[input=Sampler[x=710, y=0, z=-2087, metric=EUCLIDEAN], y=0], right=0.0058479533]], right=ConstMulSampler[left=ConstAddSampler[left=CachingDensitySampler[id=1, input=YSampler[input=Sampler[noise=net.minecraft.world.level.levelgen.synth.NoiseStack$Perlin@73507cdd, xzScale=1.0, yScale=0.0], y=0]], right=1.0], right=0.2]], y=0]], right=1.6666666], min=0.0, max=1.0]], right=10.0]], y=0]]], right=ConstantFunction[value=12.0]] ([-199.0; -145.0]) and ConstantFunction[value=-202.0] ([-202.0; -202.0])
[12:00:10] [Worker-Main-3/WARN]: Compiling a MIN function between two non-overlapping inputs: BinaryFunction[type=SUB, left=PreparedCache[id=303, range=[-187.0; -133.0], domainAxes=5, cachingSampler=CachingDensitySampler[id=303, input=YSampler[input=SubSampler[left=ConstSubSampler[left=-144.0, right=ConstMulSampler[left=ConstSubSampler[left=1.0, right=CachingDensitySampler[id=215, input=YSampler[input=Sampler[noise=net.minecraft.world.level.levelgen.synth.NoiseStack$Perlin@3ee34dcd, xzScale=1.0, yScale=0.0], y=0]]], right=11.0]], right=ConstMulSampler[left=ConstSubSampler[left=1.0, right=Sampler[input=ConstMulSampler[left=CachingDensitySampler[id=134, input=YSampler[input=SubSampler[left=ConstSubSampler[left=1.0, right=ConstMulSampler[left=YSampler[input=Sampler[x=710, y=0, z=-2087, metric=EUCLIDEAN], y=0], right=0.0058479533]], right=ConstMulSampler[left=ConstAddSampler[left=CachingDensitySampler[id=1, input=YSampler[input=Sampler[noise=net.minecraft.world.level.levelgen.synth.NoiseStack$Perlin@73507cdd, xzScale=1.0, yScale=0.0], y=0]], right=1.0], right=0.2]], y=0]], right=1.6666666], min=0.0, max=1.0]], right=10.0]], y=0]]], right=ConstantFunction[value=12.0]] ([-199.0; -145.0]) and ConstantFunction[value=-202.0] ([-202.0; -202.0])
[12:00:10] [Worker-Main-3/WARN]: Compiling a MIN function between two non-overlapping inputs: BinaryFunction[type=SUB, left=PreparedCache[id=305, range=[-73.0; -27.0], domainAxes=5, cachingSampler=CachingDensitySampler[id=305, input=YSampler[input=SubSampler[left=ConstSubSampler[left=-36.0, right=ConstMulSampler[left=ConstSubSampler[left=1.0, right=CachingDensitySampler[id=215, input=YSampler[input=Sampler[noise=net.minecraft.world.level.levelgen.synth.NoiseStack$Perlin@3ee34dcd, xzScale=1.0, yScale=0.0], y=0]]], right=9.0]], right=ConstMulSampler[left=ConstSubSampler[left=1.0, right=Sampler[input=ConstMulSampler[left=CachingDensitySampler[id=132, input=YSampler[input=SubSampler[left=ConstSubSampler[left=1.0, right=ConstMulSampler[left=YSampler[input=Sampler[x=820, y=0, z=-2415, metric=EUCLIDEAN], y=0], right=0.006666667]], right=ConstMulSampler[left=ConstAddSampler[left=CachingDensitySampler[id=1, input=YSampler[input=Sampler[noise=net.minecraft.world.level.levelgen.synth.NoiseStack$Perlin@73507cdd, xzScale=1.0, yScale=0.0], y=0]], right=1.0], right=0.2]], y=0]], right=1.6666666], min=0.0, max=1.0]], right=10.0]], y=0]]], right=ConstantFunction[value=12.0]] ([-85.0; -39.0]) and ConstantFunction[value=-90.0] ([-90.0; -90.0])
[12:00:10] [Worker-Main-3/WARN]: Compiling a MIN function between two non-overlapping inputs: BinaryFunction[type=SUB, left=PreparedCache[id=305, range=[-73.0; -27.0], domainAxes=5, cachingSampler=CachingDensitySampler[id=305, input=YSampler[input=SubSampler[left=ConstSubSampler[left=-36.0, right=ConstMulSampler[left=ConstSubSampler[left=1.0, right=CachingDensitySampler[id=215, input=YSampler[input=Sampler[noise=net.minecraft.world.level.levelgen.synth.NoiseStack$Perlin@3ee34dcd, xzScale=1.0, yScale=0.0], y=0]]], right=9.0]], right=ConstMulSampler[left=ConstSubSampler[left=1.0, right=Sampler[input=ConstMulSampler[left=CachingDensitySampler[id=132, input=YSampler[input=SubSampler[left=ConstSubSampler[left=1.0, right=ConstMulSampler[left=YSampler[input=Sampler[x=820, y=0, z=-2415, metric=EUCLIDEAN], y=0], right=0.006666667]], right=ConstMulSampler[left=ConstAddSampler[left=CachingDensitySampler[id=1, input=YSampler[input=Sampler[noise=net.minecraft.world.level.levelgen.synth.NoiseStack$Perlin@73507cdd, xzScale=1.0, yScale=0.0], y=0]], right=1.0], right=0.2]], y=0]], right=1.6666666], min=0.0, max=1.0]], right=10.0]], y=0]]], right=ConstantFunction[value=12.0]] ([-85.0; -39.0]) and ConstantFunction[value=-90.0] ([-90.0; -90.0])
[12:00:10] [Worker-Main-3/WARN]: Compiling a MIN function between two non-overlapping inputs: BinaryFunction[type=SUB, left=PreparedCache[id=307, range=[-215.0; -161.0], domainAxes=5, cachingSampler=CachingDensitySampler[id=307, input=YSampler[input=SubSampler[left=ConstSubSampler[left=-172.0, right=ConstMulSampler[left=ConstSubSampler[left=1.0, right=CachingDensitySampler[id=215, input=YSampler[input=Sampler[noise=net.minecraft.world.level.levelgen.synth.NoiseStack$Perlin@3ee34dcd, xzScale=1.0, yScale=0.0], y=0]]], right=11.0]], right=ConstMulSampler[left=ConstSubSampler[left=1.0, right=Sampler[input=ConstMulSampler[left=CachingDensitySampler[id=136, input=YSampler[input=SubSampler[left=ConstSubSampler[left=1.0, right=ConstMulSampler[left=YSampler[input=Sampler[x=846, y=0, z=-1506, metric=EUCLIDEAN], y=0], right=0.006329114]], right=ConstMulSampler[left=ConstAddSampler[left=CachingDensitySampler[id=1, input=YSampler[input=Sampler[noise=net.minecraft.world.level.levelgen.synth.NoiseStack$Perlin@73507cdd, xzScale=1.0, yScale=0.0], y=0]], right=1.0], right=0.2]], y=0]], right=1.6666666], min=0.0, max=1.0]], right=10.0]], y=0]]], right=ConstantFunction[value=12.0]] ([-227.0; -173.0]) and ConstantFunction[value=-230.0] ([-230.0; -230.0])
[12:00:10] [Worker-Main-3/WARN]: Compiling a MIN function between two non-overlapping inputs: BinaryFunction[type=SUB, left=PreparedCache[id=307, range=[-215.0; -161.0], domainAxes=5, cachingSampler=CachingDensitySampler[id=307, input=YSampler[input=SubSampler[left=ConstSubSampler[left=-172.0, right=ConstMulSampler[left=ConstSubSampler[left=1.0, right=CachingDensitySampler[id=215, input=YSampler[input=Sampler[noise=net.minecraft.world.level.levelgen.synth.NoiseStack$Perlin@3ee34dcd, xzScale=1.0, yScale=0.0], y=0]]], right=11.0]], right=ConstMulSampler[left=ConstSubSampler[left=1.0, right=Sampler[input=ConstMulSampler[left=CachingDensitySampler[id=136, input=YSampler[input=SubSampler[left=ConstSubSampler[left=1.0, right=ConstMulSampler[left=YSampler[input=Sampler[x=846, y=0, z=-1506, metric=EUCLIDEAN], y=0], right=0.006329114]], right=ConstMulSampler[left=ConstAddSampler[left=CachingDensitySampler[id=1, input=YSampler[input=Sampler[noise=net.minecraft.world.level.levelgen.synth.NoiseStack$Perlin@73507cdd, xzScale=1.0, yScale=0.0], y=0]], right=1.0], right=0.2]], y=0]], right=1.6666666], min=0.0, max=1.0]], right=10.0]], y=0]]], right=ConstantFunction[value=12.0]] ([-227.0; -173.0]) and ConstantFunction[value=-230.0] ([-230.0; -230.0])
[12:00:10] [Worker-Main-3/WARN]: Compiling a MIN function between two non-overlapping inputs: BinaryFunction[type=SUB, left=PreparedCache[id=309, range=[-113.0; -67.0], domainAxes=5, cachingSampler=CachingDensitySampler[id=309, input=YSampler[input=SubSampler[left=ConstSubSampler[left=-76.0, right=ConstMulSampler[left=ConstSubSampler[left=1.0, right=CachingDensitySampler[id=215, input=YSampler[input=Sampler[noise=net.minecraft.world.level.levelgen.synth.NoiseStack$Perlin@3ee34dcd, xzScale=1.0, yScale=0.0], y=0]]], right=9.0]], right=ConstMulSampler[left=ConstSubSampler[left=1.0, right=Sampler[input=ConstMulSampler[left=CachingDensitySampler[id=144, input=YSampler[input=SubSampler[left=ConstSubSampler[left=1.0, right=ConstMulSampler[left=YSampler[input=Sampler[x=1452, y=0, z=-2268, metric=EUCLIDEAN], y=0], right=0.007142857]], right=ConstMulSampler[left=ConstAddSampler[left=CachingDensitySampler[id=1, input=YSampler[input=Sampler[noise=net.minecraft.world.level.levelgen.synth.NoiseStack$Perlin@73507cdd, xzScale=1.0, yScale=0.0], y=0]], right=1.0], right=0.2]], y=0]], right=1.6666666], min=0.0, max=1.0]], right=10.0]], y=0]]], right=ConstantFunction[value=12.0]] ([-125.0; -79.0]) and ConstantFunction[value=-130.0] ([-130.0; -130.0])
[12:00:10] [Worker-Main-3/WARN]: Compiling a MIN function between two non-overlapping inputs: BinaryFunction[type=SUB, left=PreparedCache[id=309, range=[-113.0; -67.0], domainAxes=5, cachingSampler=CachingDensitySampler[id=309, input=YSampler[input=SubSampler[left=ConstSubSampler[left=-76.0, right=ConstMulSampler[left=ConstSubSampler[left=1.0, right=CachingDensitySampler[id=215, input=YSampler[input=Sampler[noise=net.minecraft.world.level.levelgen.synth.NoiseStack$Perlin@3ee34dcd, xzScale=1.0, yScale=0.0], y=0]]], right=9.0]], right=ConstMulSampler[left=ConstSubSampler[left=1.0, right=Sampler[input=ConstMulSampler[left=CachingDensitySampler[id=144, input=YSampler[input=SubSampler[left=ConstSubSampler[left=1.0, right=ConstMulSampler[left=YSampler[input=Sampler[x=1452, y=0, z=-2268, metric=EUCLIDEAN], y=0], right=0.007142857]], right=ConstMulSampler[left=ConstAddSampler[left=CachingDensitySampler[id=1, input=YSampler[input=Sampler[noise=net.minecraft.world.level.levelgen.synth.NoiseStack$Perlin@73507cdd, xzScale=1.0, yScale=0.0], y=0]], right=1.0], right=0.2]], y=0]], right=1.6666666], min=0.0, max=1.0]], right=10.0]], y=0]]], right=ConstantFunction[value=12.0]] ([-125.0; -79.0]) and ConstantFunction[value=-130.0] ([-130.0; -130.0])
[12:00:10] [Worker-Main-3/WARN]: Compiling a MIN function between two non-overlapping inputs: BinaryFunction[type=SUB, left=PreparedCache[id=313, range=[102.4; 143.0], domainAxes=5, cachingSampler=CachingDensitySampler[id=313, input=YSampler[input=SubSampler[left=ConstSubSampler[left=134.0, right=ConstMulSampler[left=ConstSubSampler[left=1.0, right=CachingDensitySampler[id=215, input=YSampler[input=Sampler[noise=net.minecraft.world.level.levelgen.synth.NoiseStack$Perlin@3ee34dcd, xzScale=1.0, yScale=0.0], y=0]]], right=9.0]], right=ConstMulSampler[left=ConstSubSampler[left=1.0, right=Sampler[input=ConstMulSampler[left=CachingDensitySampler[id=208, input=YSampler[input=SubSampler[left=ConstSubSampler[left=1.0, right=ConstMulSampler[left=YSampler[input=Sampler[x=3689, y=0, z=1203, metric=EUCLIDEAN], y=0], right=0.016949153]], right=ConstMulSampler[left=ConstAddSampler[left=CachingDensitySampler[id=1, input=YSampler[input=Sampler[noise=net.minecraft.world.level.levelgen.synth.NoiseStack$Perlin@73507cdd, xzScale=1.0, yScale=0.0], y=0]], right=1.0], right=0.2]], y=0]], right=1.6666666], min=0.0, max=1.0]], right=4.6]], y=0]]], right=ConstantFunction[value=12.0]] ([90.4; 131.0]) and ConstantFunction[value=80.0] ([80.0; 80.0])
[12:00:10] [Worker-Main-3/WARN]: Compiling a MIN function between two non-overlapping inputs: BinaryFunction[type=SUB, left=PreparedCache[id=313, range=[102.4; 143.0], domainAxes=5, cachingSampler=CachingDensitySampler[id=313, input=YSampler[input=SubSampler[left=ConstSubSampler[left=134.0, right=ConstMulSampler[left=ConstSubSampler[left=1.0, right=CachingDensitySampler[id=215, input=YSampler[input=Sampler[noise=net.minecraft.world.level.levelgen.synth.NoiseStack$Perlin@3ee34dcd, xzScale=1.0, yScale=0.0], y=0]]], right=9.0]], right=ConstMulSampler[left=ConstSubSampler[left=1.0, right=Sampler[input=ConstMulSampler[left=CachingDensitySampler[id=208, input=YSampler[input=SubSampler[left=ConstSubSampler[left=1.0, right=ConstMulSampler[left=YSampler[input=Sampler[x=3689, y=0, z=1203, metric=EUCLIDEAN], y=0], right=0.016949153]], right=ConstMulSampler[left=ConstAddSampler[left=CachingDensitySampler[id=1, input=YSampler[input=Sampler[noise=net.minecraft.world.level.levelgen.synth.NoiseStack$Perlin@73507cdd, xzScale=1.0, yScale=0.0], y=0]], right=1.0], right=0.2]], y=0]], right=1.6666666], min=0.0, max=1.0]], right=4.6]], y=0]]], right=ConstantFunction[value=12.0]] ([90.4; 131.0]) and ConstantFunction[value=80.0] ([80.0; 80.0])
[12:00:10] [Worker-Main-3/WARN]: Compiling a MIN function between two non-overlapping inputs: BinaryFunction[type=SUB, left=PreparedCache[id=315, range=[145.3; 187.0], domainAxes=5, cachingSampler=CachingDensitySampler[id=315, input=YSampler[input=SubSampler[left=ConstSubSampler[left=178.0, right=ConstMulSampler[left=ConstSubSampler[left=1.0, right=CachingDensitySampler[id=215, input=YSampler[input=Sampler[noise=net.minecraft.world.level.levelgen.synth.NoiseStack$Perlin@3ee34dcd, xzScale=1.0, yScale=0.0], y=0]]], right=9.0]], right=ConstMulSampler[left=ConstSubSampler[left=1.0, right=Sampler[input=ConstMulSampler[left=CachingDensitySampler[id=209, input=YSampler[input=SubSampler[left=ConstSubSampler[left=1.0, right=ConstMulSampler[left=YSampler[input=Sampler[x=3785, y=0, z=1321, metric=EUCLIDEAN], y=0], right=0.018181818]], right=ConstMulSampler[left=ConstAddSampler[left=CachingDensitySampler[id=1, input=YSampler[input=Sampler[noise=net.minecraft.world.level.levelgen.synth.NoiseStack$Perlin@73507cdd, xzScale=1.0, yScale=0.0], y=0]], right=1.0], right=0.2]], y=0]], right=1.6666666], min=0.0, max=1.0]], right=5.7]], y=0]]], right=ConstantFunction[value=12.0]] ([133.3; 175.0]) and ConstantFunction[value=124.0] ([124.0; 124.0])
[12:00:10] [Worker-Main-3/WARN]: Compiling a MIN function between two non-overlapping inputs: BinaryFunction[type=SUB, left=PreparedCache[id=315, range=[145.3; 187.0], domainAxes=5, cachingSampler=CachingDensitySampler[id=315, input=YSampler[input=SubSampler[left=ConstSubSampler[left=178.0, right=ConstMulSampler[left=ConstSubSampler[left=1.0, right=CachingDensitySampler[id=215, input=YSampler[input=Sampler[noise=net.minecraft.world.level.levelgen.synth.NoiseStack$Perlin@3ee34dcd, xzScale=1.0, yScale=0.0], y=0]]], right=9.0]], right=ConstMulSampler[left=ConstSubSampler[left=1.0, right=Sampler[input=ConstMulSampler[left=CachingDensitySampler[id=209, input=YSampler[input=SubSampler[left=ConstSubSampler[left=1.0, right=ConstMulSampler[left=YSampler[input=Sampler[x=3785, y=0, z=1321, metric=EUCLIDEAN], y=0], right=0.018181818]], right=ConstMulSampler[left=ConstAddSampler[left=CachingDensitySampler[id=1, input=YSampler[input=Sampler[noise=net.minecraft.world.level.levelgen.synth.NoiseStack$Perlin@73507cdd, xzScale=1.0, yScale=0.0], y=0]], right=1.0], right=0.2]], y=0]], right=1.6666666], min=0.0, max=1.0]], right=5.7]], y=0]]], right=ConstantFunction[value=12.0]] ([133.3; 175.0]) and ConstantFunction[value=124.0] ([124.0; 124.0])
[12:00:10] [Worker-Main-3/WARN]: Compiling a MIN function between two non-overlapping inputs: BinaryFunction[type=SUB, left=PreparedCache[id=319, range=[41.0; 87.0], domainAxes=5, cachingSampler=CachingDensitySampler[id=319, input=YSampler[input=SubSampler[left=ConstSubSampler[left=78.0, right=ConstMulSampler[left=ConstSubSampler[left=1.0, right=CachingDensitySampler[id=215, input=YSampler[input=Sampler[noise=net.minecraft.world.level.levelgen.synth.NoiseStack$Perlin@3ee34dcd, xzScale=1.0, yScale=0.0], y=0]]], right=9.0]], right=ConstMulSampler[left=ConstSubSampler[left=1.0, right=Sampler[input=ConstMulSampler[left=CachingDensitySampler[id=183, input=YSampler[input=SubSampler[left=ConstSubSampler[left=1.0, right=ConstMulSampler[left=YSampler[input=Sampler[x=3120, y=0, z=1755, metric=EUCLIDEAN], y=0], right=0.008333334]], right=ConstMulSampler[left=ConstAddSampler[left=CachingDensitySampler[id=1, input=YSampler[input=Sampler[noise=net.minecraft.world.level.levelgen.synth.NoiseStack$Perlin@73507cdd, xzScale=1.0, yScale=0.0], y=0]], right=1.0], right=0.2]], y=0]], right=1.6666666], min=0.0, max=1.0]], right=10.0]], y=0]]], right=ConstantFunction[value=12.0]] ([29.0; 75.0]) and ConstantFunction[value=24.0] ([24.0; 24.0])
[12:00:10] [Worker-Main-3/WARN]: Compiling a MIN function between two non-overlapping inputs: BinaryFunction[type=SUB, left=PreparedCache[id=319, range=[41.0; 87.0], domainAxes=5, cachingSampler=CachingDensitySampler[id=319, input=YSampler[input=SubSampler[left=ConstSubSampler[left=78.0, right=ConstMulSampler[left=ConstSubSampler[left=1.0, right=CachingDensitySampler[id=215, input=YSampler[input=Sampler[noise=net.minecraft.world.level.levelgen.synth.NoiseStack$Perlin@3ee34dcd, xzScale=1.0, yScale=0.0], y=0]]], right=9.0]], right=ConstMulSampler[left=ConstSubSampler[left=1.0, right=Sampler[input=ConstMulSampler[left=CachingDensitySampler[id=183, input=YSampler[input=SubSampler[left=ConstSubSampler[left=1.0, right=ConstMulSampler[left=YSampler[input=Sampler[x=3120, y=0, z=1755, metric=EUCLIDEAN], y=0], right=0.008333334]], right=ConstMulSampler[left=ConstAddSampler[left=CachingDensitySampler[id=1, input=YSampler[input=Sampler[noise=net.minecraft.world.level.levelgen.synth.NoiseStack$Perlin@73507cdd, xzScale=1.0, yScale=0.0], y=0]], right=1.0], right=0.2]], y=0]], right=1.6666666], min=0.0, max=1.0]], right=10.0]], y=0]]], right=ConstantFunction[value=12.0]] ([29.0; 75.0]) and ConstantFunction[value=24.0] ([24.0; 24.0])
[12:00:10] [Worker-Main-3/WARN]: Compiling a MIN function between two non-overlapping inputs: BinaryFunction[type=SUB, left=PreparedCache[id=321, range=[269.0; 315.0], domainAxes=5, cachingSampler=CachingDensitySampler[id=321, input=YSampler[input=SubSampler[left=ConstSubSampler[left=306.0, right=ConstMulSampler[left=ConstSubSampler[left=1.0, right=CachingDensitySampler[id=215, input=YSampler[input=Sampler[noise=net.minecraft.world.level.levelgen.synth.NoiseStack$Perlin@3ee34dcd, xzScale=1.0, yScale=0.0], y=0]]], right=9.0]], right=ConstMulSampler[left=ConstSubSampler[left=1.0, right=Sampler[input=ConstMulSampler[left=CachingDensitySampler[id=182, input=YSampler[input=SubSampler[left=ConstSubSampler[left=1.0, right=ConstMulSampler[left=YSampler[input=Sampler[x=2798, y=0, z=891, metric=EUCLIDEAN], y=0], right=0.0051020407]], right=ConstMulSampler[left=ConstAddSampler[left=CachingDensitySampler[id=1, input=YSampler[input=Sampler[noise=net.minecraft.world.level.levelgen.synth.NoiseStack$Perlin@73507cdd, xzScale=1.0, yScale=0.0], y=0]], right=1.0], right=0.2]], y=0]], right=1.6666666], min=0.0, max=1.0]], right=10.0]], y=0]]], right=ConstantFunction[value=12.0]] ([257.0; 303.0]) and ConstantFunction[value=252.0] ([252.0; 252.0])
[12:00:10] [Worker-Main-3/WARN]: Compiling a MIN function between two non-overlapping inputs: BinaryFunction[type=SUB, left=PreparedCache[id=321, range=[269.0; 315.0], domainAxes=5, cachingSampler=CachingDensitySampler[id=321, input=YSampler[input=SubSampler[left=ConstSubSampler[left=306.0, right=ConstMulSampler[left=ConstSubSampler[left=1.0, right=CachingDensitySampler[id=215, input=YSampler[input=Sampler[noise=net.minecraft.world.level.levelgen.synth.NoiseStack$Perlin@3ee34dcd, xzScale=1.0, yScale=0.0], y=0]]], right=9.0]], right=ConstMulSampler[left=ConstSubSampler[left=1.0, right=Sampler[input=ConstMulSampler[left=CachingDensitySampler[id=182, input=YSampler[input=SubSampler[left=ConstSubSampler[left=1.0, right=ConstMulSampler[left=YSampler[input=Sampler[x=2798, y=0, z=891, metric=EUCLIDEAN], y=0], right=0.0051020407]], right=ConstMulSampler[left=ConstAddSampler[left=CachingDensitySampler[id=1, input=YSampler[input=Sampler[noise=net.minecraft.world.level.levelgen.synth.NoiseStack$Perlin@73507cdd, xzScale=1.0, yScale=0.0], y=0]], right=1.0], right=0.2]], y=0]], right=1.6666666], min=0.0, max=1.0]], right=10.0]], y=0]]], right=ConstantFunction[value=12.0]] ([257.0; 303.0]) and ConstantFunction[value=252.0] ([252.0; 252.0])
[12:00:10] [Worker-Main-3/WARN]: Compiling a MIN function between two non-overlapping inputs: BinaryFunction[type=SUB, left=PreparedCache[id=325, range=[303.2; 358.0], domainAxes=5, cachingSampler=CachingDensitySampler[id=325, input=YSampler[input=SubSampler[left=ConstSubSampler[left=346.0, right=ConstMulSampler[left=ConstSubSampler[left=1.0, right=CachingDensitySampler[id=215, input=YSampler[input=Sampler[noise=net.minecraft.world.level.levelgen.synth.NoiseStack$Perlin@3ee34dcd, xzScale=1.0, yScale=0.0], y=0]]], right=12.0]], right=ConstMulSampler[left=ConstSubSampler[left=1.0, right=Sampler[input=ConstMulSampler[left=CachingDensitySampler[id=153, input=YSampler[input=SubSampler[left=ConstSubSampler[left=1.0, right=ConstMulSampler[left=YSampler[input=Sampler[x=1617, y=0, z=3694, metric=EUCLIDEAN], y=0], right=0.013333334]], right=ConstMulSampler[left=ConstAddSampler[left=CachingDensitySampler[id=1, input=YSampler[input=Sampler[noise=net.minecraft.world.level.levelgen.synth.NoiseStack$Perlin@73507cdd, xzScale=1.0, yScale=0.0], y=0]], right=1.0], right=0.2]], y=0]], right=1.6666666], min=0.0, max=1.0]], right=6.8]], y=0]]], right=ConstantFunction[value=12.0]] ([291.2; 346.0]) and ConstantFunction[value=286.0] ([286.0; 286.0])
[12:00:10] [Worker-Main-3/WARN]: Compiling a MIN function between two non-overlapping inputs: BinaryFunction[type=SUB, left=PreparedCache[id=325, range=[303.2; 358.0], domainAxes=5, cachingSampler=CachingDensitySampler[id=325, input=YSampler[input=SubSampler[left=ConstSubSampler[left=346.0, right=ConstMulSampler[left=ConstSubSampler[left=1.0, right=CachingDensitySampler[id=215, input=YSampler[input=Sampler[noise=net.minecraft.world.level.levelgen.synth.NoiseStack$Perlin@3ee34dcd, xzScale=1.0, yScale=0.0], y=0]]], right=12.0]], right=ConstMulSampler[left=ConstSubSampler[left=1.0, right=Sampler[input=ConstMulSampler[left=CachingDensitySampler[id=153, input=YSampler[input=SubSampler[left=ConstSubSampler[left=1.0, right=ConstMulSampler[left=YSampler[input=Sampler[x=1617, y=0, z=3694, metric=EUCLIDEAN], y=0], right=0.013333334]], right=ConstMulSampler[left=ConstAddSampler[left=CachingDensitySampler[id=1, input=YSampler[input=Sampler[noise=net.minecraft.world.level.levelgen.synth.NoiseStack$Perlin@73507cdd, xzScale=1.0, yScale=0.0], y=0]], right=1.0], right=0.2]], y=0]], right=1.6666666], min=0.0, max=1.0]], right=6.8]], y=0]]], right=ConstantFunction[value=12.0]] ([291.2; 346.0]) and ConstantFunction[value=286.0] ([286.0; 286.0])
[12:00:10] [Worker-Main-3/WARN]: Compiling a MIN function between two non-overlapping inputs: BinaryFunction[type=SUB, left=PreparedCache[id=327, range=[499.0; 553.0], domainAxes=5, cachingSampler=CachingDensitySampler[id=327, input=YSampler[input=SubSampler[left=ConstSubSampler[left=542.0, right=ConstMulSampler[left=ConstSubSampler[left=1.0, right=CachingDensitySampler[id=215, input=YSampler[input=Sampler[noise=net.minecraft.world.level.levelgen.synth.NoiseStack$Perlin@3ee34dcd, xzScale=1.0, yScale=0.0], y=0]]], right=11.0]], right=ConstMulSampler[left=ConstSubSampler[left=1.0, right=Sampler[input=ConstMulSampler[left=CachingDensitySampler[id=141, input=YSampler[input=SubSampler[left=ConstSubSampler[left=1.0, right=ConstMulSampler[left=YSampler[input=Sampler[x=923, y=0, z=3338, metric=EUCLIDEAN], y=0], right=0.0057471264]], right=ConstMulSampler[left=ConstAddSampler[left=CachingDensitySampler[id=1, input=YSampler[input=Sampler[noise=net.minecraft.world.level.levelgen.synth.NoiseStack$Perlin@73507cdd, xzScale=1.0, yScale=0.0], y=0]], right=1.0], right=0.2]], y=0]], right=1.6666666], min=0.0, max=1.0]], right=10.0]], y=0]]], right=ConstantFunction[value=12.0]] ([487.0; 541.0]) and ConstantFunction[value=484.0] ([484.0; 484.0])
[12:00:10] [Worker-Main-3/WARN]: Compiling a MIN function between two non-overlapping inputs: BinaryFunction[type=SUB, left=PreparedCache[id=327, range=[499.0; 553.0], domainAxes=5, cachingSampler=CachingDensitySampler[id=327, input=YSampler[input=SubSampler[left=ConstSubSampler[left=542.0, right=ConstMulSampler[left=ConstSubSampler[left=1.0, right=CachingDensitySampler[id=215, input=YSampler[input=Sampler[noise=net.minecraft.world.level.levelgen.synth.NoiseStack$Perlin@3ee34dcd, xzScale=1.0, yScale=0.0], y=0]]], right=11.0]], right=ConstMulSampler[left=ConstSubSampler[left=1.0, right=Sampler[input=ConstMulSampler[left=CachingDensitySampler[id=141, input=YSampler[input=SubSampler[left=ConstSubSampler[left=1.0, right=ConstMulSampler[left=YSampler[input=Sampler[x=923, y=0, z=3338, metric=EUCLIDEAN], y=0], right=0.0057471264]], right=ConstMulSampler[left=ConstAddSampler[left=CachingDensitySampler[id=1, input=YSampler[input=Sampler[noise=net.minecraft.world.level.levelgen.synth.NoiseStack$Perlin@73507cdd, xzScale=1.0, yScale=0.0], y=0]], right=1.0], right=0.2]], y=0]], right=1.6666666], min=0.0, max=1.0]], right=10.0]], y=0]]], right=ConstantFunction[value=12.0]] ([487.0; 541.0]) and ConstantFunction[value=484.0] ([484.0; 484.0])
[12:00:10] [Worker-Main-3/WARN]: Compiling a MIN function between two non-overlapping inputs: BinaryFunction[type=SUB, left=PreparedCache[id=331, range=[565.2; 618.0], domainAxes=5, cachingSampler=CachingDensitySampler[id=331, input=YSampler[input=SubSampler[left=ConstSubSampler[left=606.0, right=ConstMulSampler[left=ConstSubSampler[left=1.0, right=CachingDensitySampler[id=215, input=YSampler[input=Sampler[noise=net.minecraft.world.level.levelgen.synth.NoiseStack$Perlin@3ee34dcd, xzScale=1.0, yScale=0.0], y=0]]], right=12.0]], right=ConstMulSampler[left=ConstSubSampler[left=1.0, right=Sampler[input=ConstMulSampler[left=CachingDensitySampler[id=152, input=YSampler[input=SubSampler[left=ConstSubSampler[left=1.0, right=ConstMulSampler[left=YSampler[input=Sampler[x=1163, y=0, z=3650, metric=EUCLIDEAN], y=0], right=0.015625]], right=ConstMulSampler[left=ConstAddSampler[left=CachingDensitySampler[id=1, input=YSampler[input=Sampler[noise=net.minecraft.world.level.levelgen.synth.NoiseStack$Perlin@73507cdd, xzScale=1.0, yScale=0.0], y=0]], right=1.0], right=0.2]], y=0]], right=1.6666666], min=0.0, max=1.0]], right=4.8]], y=0]]], right=ConstantFunction[value=12.0]] ([553.2; 606.0]) and ConstantFunction[value=546.0] ([546.0; 546.0])
[12:00:10] [Worker-Main-3/WARN]: Compiling a MIN function between two non-overlapping inputs: BinaryFunction[type=SUB, left=PreparedCache[id=331, range=[565.2; 618.0], domainAxes=5, cachingSampler=CachingDensitySampler[id=331, input=YSampler[input=SubSampler[left=ConstSubSampler[left=606.0, right=ConstMulSampler[left=ConstSubSampler[left=1.0, right=CachingDensitySampler[id=215, input=YSampler[input=Sampler[noise=net.minecraft.world.level.levelgen.synth.NoiseStack$Perlin@3ee34dcd, xzScale=1.0, yScale=0.0], y=0]]], right=12.0]], right=ConstMulSampler[left=ConstSubSampler[left=1.0, right=Sampler[input=ConstMulSampler[left=CachingDensitySampler[id=152, input=YSampler[input=SubSampler[left=ConstSubSampler[left=1.0, right=ConstMulSampler[left=YSampler[input=Sampler[x=1163, y=0, z=3650, metric=EUCLIDEAN], y=0], right=0.015625]], right=ConstMulSampler[left=ConstAddSampler[left=CachingDensitySampler[id=1, input=YSampler[input=Sampler[noise=net.minecraft.world.level.levelgen.synth.NoiseStack$Perlin@73507cdd, xzScale=1.0, yScale=0.0], y=0]], right=1.0], right=0.2]], y=0]], right=1.6666666], min=0.0, max=1.0]], right=4.8]], y=0]]], right=ConstantFunction[value=12.0]] ([553.2; 606.0]) and ConstantFunction[value=546.0] ([546.0; 546.0])
[12:00:10] [Worker-Main-3/WARN]: Compiling a MIN function between two non-overlapping inputs: BinaryFunction[type=SUB, left=PreparedCache[id=333, range=[299.0; 353.0], domainAxes=5, cachingSampler=CachingDensitySampler[id=333, input=YSampler[input=SubSampler[left=ConstSubSampler[left=342.0, right=ConstMulSampler[left=ConstSubSampler[left=1.0, right=CachingDensitySampler[id=215, input=YSampler[input=Sampler[noise=net.minecraft.world.level.levelgen.synth.NoiseStack$Perlin@3ee34dcd, xzScale=1.0, yScale=0.0], y=0]]], right=11.0]], right=ConstMulSampler[left=ConstSubSampler[left=1.0, right=Sampler[input=ConstMulSampler[left=CachingDensitySampler[id=150, input=YSampler[input=SubSampler[left=ConstSubSampler[left=1.0, right=ConstMulSampler[left=YSampler[input=Sampler[x=1563, y=0, z=2869, metric=EUCLIDEAN], y=0], right=0.004950495]], right=ConstMulSampler[left=ConstAddSampler[left=CachingDensitySampler[id=1, input=YSampler[input=Sampler[noise=net.minecraft.world.level.levelgen.synth.NoiseStack$Perlin@73507cdd, xzScale=1.0, yScale=0.0], y=0]], right=1.0], right=0.2]], y=0]], right=1.6666666], min=0.0, max=1.0]], right=10.0]], y=0]]], right=ConstantFunction[value=12.0]] ([287.0; 341.0]) and ConstantFunction[value=284.0] ([284.0; 284.0])
[12:00:10] [Worker-Main-3/WARN]: Compiling a MIN function between two non-overlapping inputs: BinaryFunction[type=SUB, left=PreparedCache[id=333, range=[299.0; 353.0], domainAxes=5, cachingSampler=CachingDensitySampler[id=333, input=YSampler[input=SubSampler[left=ConstSubSampler[left=342.0, right=ConstMulSampler[left=ConstSubSampler[left=1.0, right=CachingDensitySampler[id=215, input=YSampler[input=Sampler[noise=net.minecraft.world.level.levelgen.synth.NoiseStack$Perlin@3ee34dcd, xzScale=1.0, yScale=0.0], y=0]]], right=11.0]], right=ConstMulSampler[left=ConstSubSampler[left=1.0, right=Sampler[input=ConstMulSampler[left=CachingDensitySampler[id=150, input=YSampler[input=SubSampler[left=ConstSubSampler[left=1.0, right=ConstMulSampler[left=YSampler[input=Sampler[x=1563, y=0, z=2869, metric=EUCLIDEAN], y=0], right=0.004950495]], right=ConstMulSampler[left=ConstAddSampler[left=CachingDensitySampler[id=1, input=YSampler[input=Sampler[noise=net.minecraft.world.level.levelgen.synth.NoiseStack$Perlin@73507cdd, xzScale=1.0, yScale=0.0], y=0]], right=1.0], right=0.2]], y=0]], right=1.6666666], min=0.0, max=1.0]], right=10.0]], y=0]]], right=ConstantFunction[value=12.0]] ([287.0; 341.0]) and ConstantFunction[value=284.0] ([284.0; 284.0])
[12:00:10] [Worker-Main-3/WARN]: Compiling a MIN function between two non-overlapping inputs: BinaryFunction[type=SUB, left=PreparedCache[id=339, range=[-375.2; -362.0], domainAxes=5, cachingSampler=CachingDensitySampler[id=339, input=YSampler[input=SubSampler[left=ConstSubSampler[left=-364.0, right=ConstMulSampler[left=ConstSubSampler[left=1.0, right=CachingDensitySampler[id=215, input=YSampler[input=Sampler[noise=net.minecraft.world.level.levelgen.synth.NoiseStack$Perlin@3ee34dcd, xzScale=1.0, yScale=0.0], y=0]]], right=2.0]], right=ConstMulSampler[left=ConstSubSampler[left=1.0, right=Sampler[input=ConstMulSampler[left=CachingDensitySampler[id=99, input=YSampler[input=SubSampler[left=ConstSubSampler[left=1.0, right=ConstMulSampler[left=YSampler[input=Sampler[x=-1325, y=0, z=2998, metric=EUCLIDEAN], y=0], right=0.014925373]], right=ConstMulSampler[left=ConstAddSampler[left=CachingDensitySampler[id=1, input=YSampler[input=Sampler[noise=net.minecraft.world.level.levelgen.synth.NoiseStack$Perlin@73507cdd, xzScale=1.0, yScale=0.0], y=0]], right=1.0], right=0.2]], y=0]], right=1.6666666], min=0.0, max=1.0]], right=5.2]], y=0]]], right=ConstantFunction[value=12.0]] ([-387.2; -374.0]) and ConstantFunction[value=-404.0] ([-404.0; -404.0])
[12:00:10] [Worker-Main-3/WARN]: Compiling a MIN function between two non-overlapping inputs: BinaryFunction[type=SUB, left=PreparedCache[id=339, range=[-375.2; -362.0], domainAxes=5, cachingSampler=CachingDensitySampler[id=339, input=YSampler[input=SubSampler[left=ConstSubSampler[left=-364.0, right=ConstMulSampler[left=ConstSubSampler[left=1.0, right=CachingDensitySampler[id=215, input=YSampler[input=Sampler[noise=net.minecraft.world.level.levelgen.synth.NoiseStack$Perlin@3ee34dcd, xzScale=1.0, yScale=0.0], y=0]]], right=2.0]], right=ConstMulSampler[left=ConstSubSampler[left=1.0, right=Sampler[input=ConstMulSampler[left=CachingDensitySampler[id=99, input=YSampler[input=SubSampler[left=ConstSubSampler[left=1.0, right=ConstMulSampler[left=YSampler[input=Sampler[x=-1325, y=0, z=2998, metric=EUCLIDEAN], y=0], right=0.014925373]], right=ConstMulSampler[left=ConstAddSampler[left=CachingDensitySampler[id=1, input=YSampler[input=Sampler[noise=net.minecraft.world.level.levelgen.synth.NoiseStack$Perlin@73507cdd, xzScale=1.0, yScale=0.0], y=0]], right=1.0], right=0.2]], y=0]], right=1.6666666], min=0.0, max=1.0]], right=5.2]], y=0]]], right=ConstantFunction[value=12.0]] ([-387.2; -374.0]) and ConstantFunction[value=-404.0] ([-404.0; -404.0])
[12:00:10] [Worker-Main-3/WARN]: Compiling a MIN function between two non-overlapping inputs: BinaryFunction[type=SUB, left=PreparedCache[id=341, range=[-253.0; -238.0], domainAxes=5, cachingSampler=CachingDensitySampler[id=341, input=YSampler[input=SubSampler[left=ConstSubSampler[left=-240.0, right=ConstMulSampler[left=ConstSubSampler[left=1.0, right=CachingDensitySampler[id=215, input=YSampler[input=Sampler[noise=net.minecraft.world.level.levelgen.synth.NoiseStack$Perlin@3ee34dcd, xzScale=1.0, yScale=0.0], y=0]]], right=2.0]], right=ConstMulSampler[left=ConstSubSampler[left=1.0, right=Sampler[input=ConstMulSampler[left=CachingDensitySampler[id=101, input=YSampler[input=SubSampler[left=ConstSubSampler[left=1.0, right=ConstMulSampler[left=YSampler[input=Sampler[x=-1029, y=0, z=3246, metric=EUCLIDEAN], y=0], right=0.012658228]], right=ConstMulSampler[left=ConstAddSampler[left=CachingDensitySampler[id=1, input=YSampler[input=Sampler[noise=net.minecraft.world.level.levelgen.synth.NoiseStack$Perlin@73507cdd, xzScale=1.0, yScale=0.0], y=0]], right=1.0], right=0.2]], y=0]], right=1.6666666], min=0.0, max=1.0]], right=7.0]], y=0]]], right=ConstantFunction[value=12.0]] ([-265.0; -250.0]) and ConstantFunction[value=-280.0] ([-280.0; -280.0])
[12:00:10] [Worker-Main-3/WARN]: Compiling a MIN function between two non-overlapping inputs: BinaryFunction[type=SUB, left=PreparedCache[id=341, range=[-253.0; -238.0], domainAxes=5, cachingSampler=CachingDensitySampler[id=341, input=YSampler[input=SubSampler[left=ConstSubSampler[left=-240.0, right=ConstMulSampler[left=ConstSubSampler[left=1.0, right=CachingDensitySampler[id=215, input=YSampler[input=Sampler[noise=net.minecraft.world.level.levelgen.synth.NoiseStack$Perlin@3ee34dcd, xzScale=1.0, yScale=0.0], y=0]]], right=2.0]], right=ConstMulSampler[left=ConstSubSampler[left=1.0, right=Sampler[input=ConstMulSampler[left=CachingDensitySampler[id=101, input=YSampler[input=SubSampler[left=ConstSubSampler[left=1.0, right=ConstMulSampler[left=YSampler[input=Sampler[x=-1029, y=0, z=3246, metric=EUCLIDEAN], y=0], right=0.012658228]], right=ConstMulSampler[left=ConstAddSampler[left=CachingDensitySampler[id=1, input=YSampler[input=Sampler[noise=net.minecraft.world.level.levelgen.synth.NoiseStack$Perlin@73507cdd, xzScale=1.0, yScale=0.0], y=0]], right=1.0], right=0.2]], y=0]], right=1.6666666], min=0.0, max=1.0]], right=7.0]], y=0]]], right=ConstantFunction[value=12.0]] ([-265.0; -250.0]) and ConstantFunction[value=-280.0] ([-280.0; -280.0])
[12:00:10] [Worker-Main-3/WARN]: Compiling a MIN function between two non-overlapping inputs: BinaryFunction[type=SUB, left=PreparedCache[id=354, range=[-494.0; -450.0], domainAxes=5, cachingSampler=CachingDensitySampler[id=354, input=YSampler[input=SubSampler[left=ConstSubSampler[left=-460.0, right=ConstMulSampler[left=ConstSubSampler[left=1.0, right=CachingDensitySampler[id=215, input=YSampler[input=Sampler[noise=net.minecraft.world.level.levelgen.synth.NoiseStack$Perlin@3ee34dcd, xzScale=1.0, yScale=0.0], y=0]]], right=10.0]], right=ConstMulSampler[left=ConstSubSampler[left=1.0, right=Sampler[input=ConstMulSampler[left=CachingDensitySampler[id=25, input=YSampler[input=SubSampler[left=ConstSubSampler[left=1.0, right=ConstMulSampler[left=YSampler[input=Sampler[x=-3080, y=0, z=1155, metric=EUCLIDEAN], y=0], right=0.01923077]], right=ConstMulSampler[left=ConstAddSampler[left=CachingDensitySampler[id=1, input=YSampler[input=Sampler[noise=net.minecraft.world.level.levelgen.synth.NoiseStack$Perlin@73507cdd, xzScale=1.0, yScale=0.0], y=0]], right=1.0], right=0.2]], y=0]], right=1.6666666], min=0.0, max=1.0]], right=4.0]], y=0]]], right=ConstantFunction[value=12.0]] ([-506.0; -462.0]) and ConstantFunction[value=-516.0] ([-516.0; -516.0])
[12:00:10] [Worker-Main-3/WARN]: Compiling a MIN function between two non-overlapping inputs: BinaryFunction[type=SUB, left=PreparedCache[id=354, range=[-494.0; -450.0], domainAxes=5, cachingSampler=CachingDensitySampler[id=354, input=YSampler[input=SubSampler[left=ConstSubSampler[left=-460.0, right=ConstMulSampler[left=ConstSubSampler[left=1.0, right=CachingDensitySampler[id=215, input=YSampler[input=Sampler[noise=net.minecraft.world.level.levelgen.synth.NoiseStack$Perlin@3ee34dcd, xzScale=1.0, yScale=0.0], y=0]]], right=10.0]], right=ConstMulSampler[left=ConstSubSampler[left=1.0, right=Sampler[input=ConstMulSampler[left=CachingDensitySampler[id=25, input=YSampler[input=SubSampler[left=ConstSubSampler[left=1.0, right=ConstMulSampler[left=YSampler[input=Sampler[x=-3080, y=0, z=1155, metric=EUCLIDEAN], y=0], right=0.01923077]], right=ConstMulSampler[left=ConstAddSampler[left=CachingDensitySampler[id=1, input=YSampler[input=Sampler[noise=net.minecraft.world.level.levelgen.synth.NoiseStack$Perlin@73507cdd, xzScale=1.0, yScale=0.0], y=0]], right=1.0], right=0.2]], y=0]], right=1.6666666], min=0.0, max=1.0]], right=4.0]], y=0]]], right=ConstantFunction[value=12.0]] ([-506.0; -462.0]) and ConstantFunction[value=-516.0] ([-516.0; -516.0])
[12:00:10] [Worker-Main-3/WARN]: Compiling a MIN function between two non-overlapping inputs: BinaryFunction[type=SUB, left=PreparedCache[id=358, range=[-607.6; -578.0], domainAxes=5, cachingSampler=CachingDensitySampler[id=358, input=YSampler[input=SubSampler[left=ConstSubSampler[left=-584.0, right=ConstMulSampler[left=ConstSubSampler[left=1.0, right=CachingDensitySampler[id=215, input=YSampler[input=Sampler[noise=net.minecraft.world.level.levelgen.synth.NoiseStack$Perlin@3ee34dcd, xzScale=1.0, yScale=0.0], y=0]]], right=6.0]], right=ConstMulSampler[left=ConstSubSampler[left=1.0, right=Sampler[input=ConstMulSampler[left=CachingDensitySampler[id=9, input=YSampler[input=SubSampler[left=ConstSubSampler[left=1.0, right=ConstMulSampler[left=YSampler[input=Sampler[x=-3710, y=0, z=1632, metric=EUCLIDEAN], y=0], right=0.013513514]], right=ConstMulSampler[left=ConstAddSampler[left=CachingDensitySampler[id=1, input=YSampler[input=Sampler[noise=net.minecraft.world.level.levelgen.synth.NoiseStack$Perlin@73507cdd, xzScale=1.0, yScale=0.0], y=0]], right=1.0], right=0.2]], y=0]], right=1.6666666], min=0.0, max=1.0]], right=5.6]], y=0]]], right=ConstantFunction[value=12.0]] ([-619.6; -590.0]) and ConstantFunction[value=-632.0] ([-632.0; -632.0])
[12:00:10] [Worker-Main-3/WARN]: Compiling a MIN function between two non-overlapping inputs: BinaryFunction[type=SUB, left=PreparedCache[id=358, range=[-607.6; -578.0], domainAxes=5, cachingSampler=CachingDensitySampler[id=358, input=YSampler[input=SubSampler[left=ConstSubSampler[left=-584.0, right=ConstMulSampler[left=ConstSubSampler[left=1.0, right=CachingDensitySampler[id=215, input=YSampler[input=Sampler[noise=net.minecraft.world.level.levelgen.synth.NoiseStack$Perlin@3ee34dcd, xzScale=1.0, yScale=0.0], y=0]]], right=6.0]], right=ConstMulSampler[left=ConstSubSampler[left=1.0, right=Sampler[input=ConstMulSampler[left=CachingDensitySampler[id=9, input=YSampler[input=SubSampler[left=ConstSubSampler[left=1.0, right=ConstMulSampler[left=YSampler[input=Sampler[x=-3710, y=0, z=1632, metric=EUCLIDEAN], y=0], right=0.013513514]], right=ConstMulSampler[left=ConstAddSampler[left=CachingDensitySampler[id=1, input=YSampler[input=Sampler[noise=net.minecraft.world.level.levelgen.synth.NoiseStack$Perlin@73507cdd, xzScale=1.0, yScale=0.0], y=0]], right=1.0], right=0.2]], y=0]], right=1.6666666], min=0.0, max=1.0]], right=5.6]], y=0]]], right=ConstantFunction[value=12.0]] ([-619.6; -590.0]) and ConstantFunction[value=-632.0] ([-632.0; -632.0])
[12:00:10] [Worker-Main-3/WARN]: Compiling a MIN function between two non-overlapping inputs: BinaryFunction[type=SUB, left=PreparedCache[id=368, range=[1237.0; 1283.0], domainAxes=5, cachingSampler=CachingDensitySampler[id=368, input=YSampler[input=SubSampler[left=ConstSubSampler[left=1274.0, right=ConstMulSampler[left=ConstSubSampler[left=1.0, right=CachingDensitySampler[id=215, input=YSampler[input=Sampler[noise=net.minecraft.world.level.levelgen.synth.NoiseStack$Perlin@3ee34dcd, xzScale=1.0, yScale=0.0], y=0]]], right=9.0]], right=ConstMulSampler[left=ConstSubSampler[left=1.0, right=Sampler[input=ConstMulSampler[left=CachingDensitySampler[id=21, input=YSampler[input=SubSampler[left=ConstSubSampler[left=1.0, right=ConstMulSampler[left=YSampler[input=Sampler[x=-2900, y=0, z=-1080, metric=EUCLIDEAN], y=0], right=0.0048076925]], right=ConstMulSampler[left=ConstAddSampler[left=CachingDensitySampler[id=1, input=YSampler[input=Sampler[noise=net.minecraft.world.level.levelgen.synth.NoiseStack$Perlin@73507cdd, xzScale=1.0, yScale=0.0], y=0]], right=1.0], right=0.2]], y=0]], right=1.6666666], min=0.0, max=1.0]], right=10.0]], y=0]]], right=ConstantFunction[value=12.0]] ([1225.0; 1271.0]) and ConstantFunction[value=1220.0] ([1220.0; 1220.0])
[12:00:10] [Worker-Main-3/WARN]: Compiling a MIN function between two non-overlapping inputs: BinaryFunction[type=SUB, left=PreparedCache[id=368, range=[1237.0; 1283.0], domainAxes=5, cachingSampler=CachingDensitySampler[id=368, input=YSampler[input=SubSampler[left=ConstSubSampler[left=1274.0, right=ConstMulSampler[left=ConstSubSampler[left=1.0, right=CachingDensitySampler[id=215, input=YSampler[input=Sampler[noise=net.minecraft.world.level.levelgen.synth.NoiseStack$Perlin@3ee34dcd, xzScale=1.0, yScale=0.0], y=0]]], right=9.0]], right=ConstMulSampler[left=ConstSubSampler[left=1.0, right=Sampler[input=ConstMulSampler[left=CachingDensitySampler[id=21, input=YSampler[input=SubSampler[left=ConstSubSampler[left=1.0, right=ConstMulSampler[left=YSampler[input=Sampler[x=-2900, y=0, z=-1080, metric=EUCLIDEAN], y=0], right=0.0048076925]], right=ConstMulSampler[left=ConstAddSampler[left=CachingDensitySampler[id=1, input=YSampler[input=Sampler[noise=net.minecraft.world.level.levelgen.synth.NoiseStack$Perlin@73507cdd, xzScale=1.0, yScale=0.0], y=0]], right=1.0], right=0.2]], y=0]], right=1.6666666], min=0.0, max=1.0]], right=10.0]], y=0]]], right=ConstantFunction[value=12.0]] ([1225.0; 1271.0]) and ConstantFunction[value=1220.0] ([1220.0; 1220.0])
[12:00:10] [Worker-Main-3/WARN]: Compiling a MIN function between two non-overlapping inputs: BinaryFunction[type=SUB, left=PreparedCache[id=374, range=[1214.4; 1254.0], domainAxes=5, cachingSampler=CachingDensitySampler[id=374, input=YSampler[input=SubSampler[left=ConstSubSampler[left=1246.0, right=ConstMulSampler[left=ConstSubSampler[left=1.0, right=CachingDensitySampler[id=215, input=YSampler[input=Sampler[noise=net.minecraft.world.level.levelgen.synth.NoiseStack$Perlin@3ee34dcd, xzScale=1.0, yScale=0.0], y=0]]], right=8.0]], right=ConstMulSampler[left=ConstSubSampler[left=1.0, right=Sampler[input=ConstMulSampler[left=CachingDensitySampler[id=3, input=YSampler[input=SubSampler[left=ConstSubSampler[left=1.0, right=ConstMulSampler[left=YSampler[input=Sampler[x=-3695, y=0, z=-1100, metric=EUCLIDEAN], y=0], right=0.012048192]], right=ConstMulSampler[left=ConstAddSampler[left=CachingDensitySampler[id=1, input=YSampler[input=Sampler[noise=net.minecraft.world.level.levelgen.synth.NoiseStack$Perlin@73507cdd, xzScale=1.0, yScale=0.0], y=0]], right=1.0], right=0.2]], y=0]], right=1.6666666], min=0.0, max=1.0]], right=7.6]], y=0]]], right=ConstantFunction[value=12.0]] ([1202.4; 1242.0]) and ConstantFunction[value=1194.0] ([1194.0; 1194.0])
[12:00:10] [Worker-Main-3/WARN]: Compiling a MIN function between two non-overlapping inputs: BinaryFunction[type=SUB, left=PreparedCache[id=374, range=[1214.4; 1254.0], domainAxes=5, cachingSampler=CachingDensitySampler[id=374, input=YSampler[input=SubSampler[left=ConstSubSampler[left=1246.0, right=ConstMulSampler[left=ConstSubSampler[left=1.0, right=CachingDensitySampler[id=215, input=YSampler[input=Sampler[noise=net.minecraft.world.level.levelgen.synth.NoiseStack$Perlin@3ee34dcd, xzScale=1.0, yScale=0.0], y=0]]], right=8.0]], right=ConstMulSampler[left=ConstSubSampler[left=1.0, right=Sampler[input=ConstMulSampler[left=CachingDensitySampler[id=3, input=YSampler[input=SubSampler[left=ConstSubSampler[left=1.0, right=ConstMulSampler[left=YSampler[input=Sampler[x=-3695, y=0, z=-1100, metric=EUCLIDEAN], y=0], right=0.012048192]], right=ConstMulSampler[left=ConstAddSampler[left=CachingDensitySampler[id=1, input=YSampler[input=Sampler[noise=net.minecraft.world.level.levelgen.synth.NoiseStack$Perlin@73507cdd, xzScale=1.0, yScale=0.0], y=0]], right=1.0], right=0.2]], y=0]], right=1.6666666], min=0.0, max=1.0]], right=7.6]], y=0]]], right=ConstantFunction[value=12.0]] ([1202.4; 1242.0]) and ConstantFunction[value=1194.0] ([1194.0; 1194.0])
[12:00:10] [Worker-Main-3/WARN]: Compiling a MIN function between two non-overlapping inputs: BinaryFunction[type=SUB, left=PreparedCache[id=382, range=[684.3; 711.0], domainAxes=5, cachingSampler=CachingDensitySampler[id=382, input=YSampler[input=SubSampler[left=ConstSubSampler[left=706.0, right=ConstMulSampler[left=ConstSubSampler[left=1.0, right=CachingDensitySampler[id=215, input=YSampler[input=Sampler[noise=net.minecraft.world.level.levelgen.synth.NoiseStack$Perlin@3ee34dcd, xzScale=1.0, yScale=0.0], y=0]]], right=5.0]], right=ConstMulSampler[left=ConstSubSampler[left=1.0, right=Sampler[input=ConstMulSampler[left=CachingDensitySampler[id=88, input=YSampler[input=SubSampler[left=ConstSubSampler[left=1.0, right=ConstMulSampler[left=YSampler[input=Sampler[x=-1219, y=0, z=-3037, metric=EUCLIDEAN], y=0], right=0.012658228]], right=ConstMulSampler[left=ConstAddSampler[left=CachingDensitySampler[id=1, input=YSampler[input=Sampler[noise=net.minecraft.world.level.levelgen.synth.NoiseStack$Perlin@73507cdd, xzScale=1.0, yScale=0.0], y=0]], right=1.0], right=0.2]], y=0]], right=1.6666666], min=0.0, max=1.0]], right=6.7]], y=0]]], right=ConstantFunction[value=12.0]] ([672.3; 699.0]) and ConstantFunction[value=660.0] ([660.0; 660.0])
[12:00:10] [Worker-Main-3/WARN]: Compiling a MIN function between two non-overlapping inputs: BinaryFunction[type=SUB, left=PreparedCache[id=382, range=[684.3; 711.0], domainAxes=5, cachingSampler=CachingDensitySampler[id=382, input=YSampler[input=SubSampler[left=ConstSubSampler[left=706.0, right=ConstMulSampler[left=ConstSubSampler[left=1.0, right=CachingDensitySampler[id=215, input=YSampler[input=Sampler[noise=net.minecraft.world.level.levelgen.synth.NoiseStack$Perlin@3ee34dcd, xzScale=1.0, yScale=0.0], y=0]]], right=5.0]], right=ConstMulSampler[left=ConstSubSampler[left=1.0, right=Sampler[input=ConstMulSampler[left=CachingDensitySampler[id=88, input=YSampler[input=SubSampler[left=ConstSubSampler[left=1.0, right=ConstMulSampler[left=YSampler[input=Sampler[x=-1219, y=0, z=-3037, metric=EUCLIDEAN], y=0], right=0.012658228]], right=ConstMulSampler[left=ConstAddSampler[left=CachingDensitySampler[id=1, input=YSampler[input=Sampler[noise=net.minecraft.world.level.levelgen.synth.NoiseStack$Perlin@73507cdd, xzScale=1.0, yScale=0.0], y=0]], right=1.0], right=0.2]], y=0]], right=1.6666666], min=0.0, max=1.0]], right=6.7]], y=0]]], right=ConstantFunction[value=12.0]] ([672.3; 699.0]) and ConstantFunction[value=660.0] ([660.0; 660.0])
[12:00:10] [Worker-Main-3/WARN]: Compiling a MIN function between two non-overlapping inputs: BinaryFunction[type=SUB, left=PreparedCache[id=384, range=[695.25; 755.75], domainAxes=5, cachingSampler=CachingDensitySampler[id=384, input=YSampler[input=SubSampler[left=ConstSubSampler[left=742.0, right=ConstMulSampler[left=ConstSubSampler[left=1.0, right=CachingDensitySampler[id=215, input=YSampler[input=Sampler[noise=net.minecraft.world.level.levelgen.synth.NoiseStack$Perlin@3ee34dcd, xzScale=1.0, yScale=0.0], y=0]]], right=13.75]], right=ConstMulSampler[left=ConstSubSampler[left=1.0, right=Sampler[input=ConstMulSampler[left=CachingDensitySampler[id=89, input=YSampler[input=SubSampler[left=ConstSubSampler[left=1.0, right=ConstMulSampler[left=YSampler[input=Sampler[x=-1025, y=0, z=-2938, metric=EUCLIDEAN], y=0], right=0.015384615]], right=ConstMulSampler[left=ConstAddSampler[left=CachingDensitySampler[id=1, input=YSampler[input=Sampler[noise=net.minecraft.world.level.levelgen.synth.NoiseStack$Perlin@73507cdd, xzScale=1.0, yScale=0.0], y=0]], right=1.0], right=0.2]], y=0]], right=1.6666666], min=0.0, max=1.0]], right=5.5]], y=0]]], right=ConstantFunction[value=12.0]] ([683.25; 743.75]) and ConstantFunction[value=678.0] ([678.0; 678.0])
[12:00:10] [Worker-Main-3/WARN]: Compiling a MIN function between two non-overlapping inputs: BinaryFunction[type=SUB, left=PreparedCache[id=384, range=[695.25; 755.75], domainAxes=5, cachingSampler=CachingDensitySampler[id=384, input=YSampler[input=SubSampler[left=ConstSubSampler[left=742.0, right=ConstMulSampler[left=ConstSubSampler[left=1.0, right=CachingDensitySampler[id=215, input=YSampler[input=Sampler[noise=net.minecraft.world.level.levelgen.synth.NoiseStack$Perlin@3ee34dcd, xzScale=1.0, yScale=0.0], y=0]]], right=13.75]], right=ConstMulSampler[left=ConstSubSampler[left=1.0, right=Sampler[input=ConstMulSampler[left=CachingDensitySampler[id=89, input=YSampler[input=SubSampler[left=ConstSubSampler[left=1.0, right=ConstMulSampler[left=YSampler[input=Sampler[x=-1025, y=0, z=-2938, metric=EUCLIDEAN], y=0], right=0.015384615]], right=ConstMulSampler[left=ConstAddSampler[left=CachingDensitySampler[id=1, input=YSampler[input=Sampler[noise=net.minecraft.world.level.levelgen.synth.NoiseStack$Perlin@73507cdd, xzScale=1.0, yScale=0.0], y=0]], right=1.0], right=0.2]], y=0]], right=1.6666666], min=0.0, max=1.0]], right=5.5]], y=0]]], right=ConstantFunction[value=12.0]] ([683.25; 743.75]) and ConstantFunction[value=678.0] ([678.0; 678.0])
[12:00:10] [Worker-Main-3/WARN]: Compiling a MIN function between two non-overlapping inputs: BinaryFunction[type=SUB, left=PreparedCache[id=388, range=[782.0; 807.0], domainAxes=5, cachingSampler=CachingDensitySampler[id=388, input=YSampler[input=SubSampler[left=ConstSubSampler[left=802.0, right=ConstMulSampler[left=ConstSubSampler[left=1.0, right=CachingDensitySampler[id=215, input=YSampler[input=Sampler[noise=net.minecraft.world.level.levelgen.synth.NoiseStack$Perlin@3ee34dcd, xzScale=1.0, yScale=0.0], y=0]]], right=5.0]], right=ConstMulSampler[left=ConstSubSampler[left=1.0, right=Sampler[input=ConstMulSampler[left=CachingDensitySampler[id=91, input=YSampler[input=SubSampler[left=ConstSubSampler[left=1.0, right=ConstMulSampler[left=YSampler[input=Sampler[x=-1343, y=0, z=-2901, metric=EUCLIDEAN], y=0], right=0.016129032]], right=ConstMulSampler[left=ConstAddSampler[left=CachingDensitySampler[id=1, input=YSampler[input=Sampler[noise=net.minecraft.world.level.levelgen.synth.NoiseStack$Perlin@73507cdd, xzScale=1.0, yScale=0.0], y=0]], right=1.0], right=0.2]], y=0]], right=1.6666666], min=0.0, max=1.0]], right=5.0]], y=0]]], right=ConstantFunction[value=12.0]] ([770.0; 795.0]) and ConstantFunction[value=756.0] ([756.0; 756.0])
[12:00:10] [Worker-Main-3/WARN]: Compiling a MIN function between two non-overlapping inputs: BinaryFunction[type=SUB, left=PreparedCache[id=388, range=[782.0; 807.0], domainAxes=5, cachingSampler=CachingDensitySampler[id=388, input=YSampler[input=SubSampler[left=ConstSubSampler[left=802.0, right=ConstMulSampler[left=ConstSubSampler[left=1.0, right=CachingDensitySampler[id=215, input=YSampler[input=Sampler[noise=net.minecraft.world.level.levelgen.synth.NoiseStack$Perlin@3ee34dcd, xzScale=1.0, yScale=0.0], y=0]]], right=5.0]], right=ConstMulSampler[left=ConstSubSampler[left=1.0, right=Sampler[input=ConstMulSampler[left=CachingDensitySampler[id=91, input=YSampler[input=SubSampler[left=ConstSubSampler[left=1.0, right=ConstMulSampler[left=YSampler[input=Sampler[x=-1343, y=0, z=-2901, metric=EUCLIDEAN], y=0], right=0.016129032]], right=ConstMulSampler[left=ConstAddSampler[left=CachingDensitySampler[id=1, input=YSampler[input=Sampler[noise=net.minecraft.world.level.levelgen.synth.NoiseStack$Perlin@73507cdd, xzScale=1.0, yScale=0.0], y=0]], right=1.0], right=0.2]], y=0]], right=1.6666666], min=0.0, max=1.0]], right=5.0]], y=0]]], right=ConstantFunction[value=12.0]] ([770.0; 795.0]) and ConstantFunction[value=756.0] ([756.0; 756.0])
[12:00:10] [Worker-Main-3/WARN]: Compiling a MIN function between two non-overlapping inputs: BinaryFunction[type=SUB, left=PreparedCache[id=390, range=[681.0; 727.0], domainAxes=5, cachingSampler=CachingDensitySampler[id=390, input=YSampler[input=SubSampler[left=ConstSubSampler[left=718.0, right=ConstMulSampler[left=ConstSubSampler[left=1.0, right=CachingDensitySampler[id=215, input=YSampler[input=Sampler[noise=net.minecraft.world.level.levelgen.synth.NoiseStack$Perlin@3ee34dcd, xzScale=1.0, yScale=0.0], y=0]]], right=9.0]], right=ConstMulSampler[left=ConstSubSampler[left=1.0, right=Sampler[input=ConstMulSampler[left=CachingDensitySampler[id=86, input=YSampler[input=SubSampler[left=ConstSubSampler[left=1.0, right=ConstMulSampler[left=YSampler[input=Sampler[x=-864, y=0, z=-3445, metric=EUCLIDEAN], y=0], right=0.005076142]], right=ConstMulSampler[left=ConstAddSampler[left=CachingDensitySampler[id=1, input=YSampler[input=Sampler[noise=net.minecraft.world.level.levelgen.synth.NoiseStack$Perlin@73507cdd, xzScale=1.0, yScale=0.0], y=0]], right=1.0], right=0.2]], y=0]], right=1.6666666], min=0.0, max=1.0]], right=10.0]], y=0]]], right=ConstantFunction[value=12.0]] ([669.0; 715.0]) and ConstantFunction[value=664.0] ([664.0; 664.0])
[12:00:10] [Worker-Main-3/WARN]: Compiling a MIN function between two non-overlapping inputs: BinaryFunction[type=SUB, left=PreparedCache[id=390, range=[681.0; 727.0], domainAxes=5, cachingSampler=CachingDensitySampler[id=390, input=YSampler[input=SubSampler[left=ConstSubSampler[left=718.0, right=ConstMulSampler[left=ConstSubSampler[left=1.0, right=CachingDensitySampler[id=215, input=YSampler[input=Sampler[noise=net.minecraft.world.level.levelgen.synth.NoiseStack$Perlin@3ee34dcd, xzScale=1.0, yScale=0.0], y=0]]], right=9.0]], right=ConstMulSampler[left=ConstSubSampler[left=1.0, right=Sampler[input=ConstMulSampler[left=CachingDensitySampler[id=86, input=YSampler[input=SubSampler[left=ConstSubSampler[left=1.0, right=ConstMulSampler[left=YSampler[input=Sampler[x=-864, y=0, z=-3445, metric=EUCLIDEAN], y=0], right=0.005076142]], right=ConstMulSampler[left=ConstAddSampler[left=CachingDensitySampler[id=1, input=YSampler[input=Sampler[noise=net.minecraft.world.level.levelgen.synth.NoiseStack$Perlin@73507cdd, xzScale=1.0, yScale=0.0], y=0]], right=1.0], right=0.2]], y=0]], right=1.6666666], min=0.0, max=1.0]], right=10.0]], y=0]]], right=ConstantFunction[value=12.0]] ([669.0; 715.0]) and ConstantFunction[value=664.0] ([664.0; 664.0])
[12:00:10] [Worker-Main-3/WARN]: Compiling a MIN function between two non-overlapping inputs: BinaryFunction[type=SUB, left=PreparedCache[id=396, range=[-1121.1; -1108.0], domainAxes=5, cachingSampler=CachingDensitySampler[id=396, input=YSampler[input=SubSampler[left=ConstSubSampler[left=-1110.0, right=ConstMulSampler[left=ConstSubSampler[left=1.0, right=CachingDensitySampler[id=215, input=YSampler[input=Sampler[noise=net.minecraft.world.level.levelgen.synth.NoiseStack$Perlin@3ee34dcd, xzScale=1.0, yScale=0.0], y=0]]], right=2.0]], right=ConstMulSampler[left=ConstSubSampler[left=1.0, right=Sampler[input=ConstMulSampler[left=CachingDensitySampler[id=155, input=YSampler[input=SubSampler[left=ConstSubSampler[left=1.0, right=ConstMulSampler[left=YSampler[input=Sampler[x=1969, y=0, z=-2777, metric=EUCLIDEAN], y=0], right=0.015625]], right=ConstMulSampler[left=ConstAddSampler[left=CachingDensitySampler[id=1, input=YSampler[input=Sampler[noise=net.minecraft.world.level.levelgen.synth.NoiseStack$Perlin@73507cdd, xzScale=1.0, yScale=0.0], y=0]], right=1.0], right=0.2]], y=0]], right=1.6666666], min=0.0, max=1.0]], right=5.1]], y=0]]], right=ConstantFunction[value=12.0]] ([-1133.1; -1120.0]) and ConstantFunction[value=-1150.0] ([-1150.0; -1150.0])
[12:00:10] [Worker-Main-3/WARN]: Compiling a MIN function between two non-overlapping inputs: BinaryFunction[type=SUB, left=PreparedCache[id=396, range=[-1121.1; -1108.0], domainAxes=5, cachingSampler=CachingDensitySampler[id=396, input=YSampler[input=SubSampler[left=ConstSubSampler[left=-1110.0, right=ConstMulSampler[left=ConstSubSampler[left=1.0, right=CachingDensitySampler[id=215, input=YSampler[input=Sampler[noise=net.minecraft.world.level.levelgen.synth.NoiseStack$Perlin@3ee34dcd, xzScale=1.0, yScale=0.0], y=0]]], right=2.0]], right=ConstMulSampler[left=ConstSubSampler[left=1.0, right=Sampler[input=ConstMulSampler[left=CachingDensitySampler[id=155, input=YSampler[input=SubSampler[left=ConstSubSampler[left=1.0, right=ConstMulSampler[left=YSampler[input=Sampler[x=1969, y=0, z=-2777, metric=EUCLIDEAN], y=0], right=0.015625]], right=ConstMulSampler[left=ConstAddSampler[left=CachingDensitySampler[id=1, input=YSampler[input=Sampler[noise=net.minecraft.world.level.levelgen.synth.NoiseStack$Perlin@73507cdd, xzScale=1.0, yScale=0.0], y=0]], right=1.0], right=0.2]], y=0]], right=1.6666666], min=0.0, max=1.0]], right=5.1]], y=0]]], right=ConstantFunction[value=12.0]] ([-1133.1; -1120.0]) and ConstantFunction[value=-1150.0] ([-1150.0; -1150.0])
[12:00:10] [Worker-Main-3/WARN]: Compiling a MIN function between two non-overlapping inputs: BinaryFunction[type=SUB, left=PreparedCache[id=398, range=[-1360.0; -1348.0], domainAxes=5, cachingSampler=CachingDensitySampler[id=398, input=YSampler[input=SubSampler[left=ConstSubSampler[left=-1350.0, right=ConstMulSampler[left=ConstSubSampler[left=1.0, right=CachingDensitySampler[id=215, input=YSampler[input=Sampler[noise=net.minecraft.world.level.levelgen.synth.NoiseStack$Perlin@3ee34dcd, xzScale=1.0, yScale=0.0], y=0]]], right=2.0]], right=ConstMulSampler[left=ConstSubSampler[left=1.0, right=Sampler[input=ConstMulSampler[left=CachingDensitySampler[id=143, input=YSampler[input=SubSampler[left=ConstSubSampler[left=1.0, right=ConstMulSampler[left=YSampler[input=Sampler[x=1114, y=0, z=-3126, metric=EUCLIDEAN], y=0], right=0.01923077]], right=ConstMulSampler[left=ConstAddSampler[left=CachingDensitySampler[id=1, input=YSampler[input=Sampler[noise=net.minecraft.world.level.levelgen.synth.NoiseStack$Perlin@73507cdd, xzScale=1.0, yScale=0.0], y=0]], right=1.0], right=0.2]], y=0]], right=1.6666666], min=0.0, max=1.0]], right=4.0]], y=0]]], right=ConstantFunction[value=12.0]] ([-1372.0; -1360.0]) and ConstantFunction[value=-1390.0] ([-1390.0; -1390.0])
[12:00:10] [Worker-Main-3/WARN]: Compiling a MIN function between two non-overlapping inputs: BinaryFunction[type=SUB, left=PreparedCache[id=398, range=[-1360.0; -1348.0], domainAxes=5, cachingSampler=CachingDensitySampler[id=398, input=YSampler[input=SubSampler[left=ConstSubSampler[left=-1350.0, right=ConstMulSampler[left=ConstSubSampler[left=1.0, right=CachingDensitySampler[id=215, input=YSampler[input=Sampler[noise=net.minecraft.world.level.levelgen.synth.NoiseStack$Perlin@3ee34dcd, xzScale=1.0, yScale=0.0], y=0]]], right=2.0]], right=ConstMulSampler[left=ConstSubSampler[left=1.0, right=Sampler[input=ConstMulSampler[left=CachingDensitySampler[id=143, input=YSampler[input=SubSampler[left=ConstSubSampler[left=1.0, right=ConstMulSampler[left=YSampler[input=Sampler[x=1114, y=0, z=-3126, metric=EUCLIDEAN], y=0], right=0.01923077]], right=ConstMulSampler[left=ConstAddSampler[left=CachingDensitySampler[id=1, input=YSampler[input=Sampler[noise=net.minecraft.world.level.levelgen.synth.NoiseStack$Perlin@73507cdd, xzScale=1.0, yScale=0.0], y=0]], right=1.0], right=0.2]], y=0]], right=1.6666666], min=0.0, max=1.0]], right=4.0]], y=0]]], right=ConstantFunction[value=12.0]] ([-1372.0; -1360.0]) and ConstantFunction[value=-1390.0] ([-1390.0; -1390.0])
[12:00:10] [Worker-Main-3/WARN]: Compiling a MIN function between two non-overlapping inputs: BinaryFunction[type=SUB, left=PreparedCache[id=402, range=[-1162.8; -1148.0], domainAxes=5, cachingSampler=CachingDensitySampler[id=402, input=YSampler[input=SubSampler[left=ConstSubSampler[left=-1150.0, right=ConstMulSampler[left=ConstSubSampler[left=1.0, right=CachingDensitySampler[id=215, input=YSampler[input=Sampler[noise=net.minecraft.world.level.levelgen.synth.NoiseStack$Perlin@3ee34dcd, xzScale=1.0, yScale=0.0], y=0]]], right=2.0]], right=ConstMulSampler[left=ConstSubSampler[left=1.0, right=Sampler[input=ConstMulSampler[left=CachingDensitySampler[id=130, input=YSampler[input=SubSampler[left=ConstSubSampler[left=1.0, right=ConstMulSampler[left=YSampler[input=Sampler[x=1106, y=0, z=-3663, metric=EUCLIDEAN], y=0], right=0.013513514]], right=ConstMulSampler[left=ConstAddSampler[left=CachingDensitySampler[id=1, input=YSampler[input=Sampler[noise=net.minecraft.world.level.levelgen.synth.NoiseStack$Perlin@73507cdd, xzScale=1.0, yScale=0.0], y=0]], right=1.0], right=0.2]], y=0]], right=1.6666666], min=0.0, max=1.0]], right=6.8]], y=0]]], right=ConstantFunction[value=12.0]] ([-1174.8; -1160.0]) and ConstantFunction[value=-1190.0] ([-1190.0; -1190.0])
[12:00:10] [Worker-Main-3/WARN]: Compiling a MIN function between two non-overlapping inputs: BinaryFunction[type=SUB, left=PreparedCache[id=402, range=[-1162.8; -1148.0], domainAxes=5, cachingSampler=CachingDensitySampler[id=402, input=YSampler[input=SubSampler[left=ConstSubSampler[left=-1150.0, right=ConstMulSampler[left=ConstSubSampler[left=1.0, right=CachingDensitySampler[id=215, input=YSampler[input=Sampler[noise=net.minecraft.world.level.levelgen.synth.NoiseStack$Perlin@3ee34dcd, xzScale=1.0, yScale=0.0], y=0]]], right=2.0]], right=ConstMulSampler[left=ConstSubSampler[left=1.0, right=Sampler[input=ConstMulSampler[left=CachingDensitySampler[id=130, input=YSampler[input=SubSampler[left=ConstSubSampler[left=1.0, right=ConstMulSampler[left=YSampler[input=Sampler[x=1106, y=0, z=-3663, metric=EUCLIDEAN], y=0], right=0.013513514]], right=ConstMulSampler[left=ConstAddSampler[left=CachingDensitySampler[id=1, input=YSampler[input=Sampler[noise=net.minecraft.world.level.levelgen.synth.NoiseStack$Perlin@73507cdd, xzScale=1.0, yScale=0.0], y=0]], right=1.0], right=0.2]], y=0]], right=1.6666666], min=0.0, max=1.0]], right=6.8]], y=0]]], right=ConstantFunction[value=12.0]] ([-1174.8; -1160.0]) and ConstantFunction[value=-1190.0] ([-1190.0; -1190.0])
[12:00:10] [Worker-Main-3/WARN]: Compiling a MIN function between two non-overlapping inputs: BinaryFunction[type=SUB, left=PreparedCache[id=438, range=[575.0; 615.0], domainAxes=7, cachingSampler=CachingDensitySampler[id=438, input=AddSampler[left=YSampler[input=SubSampler[left=ConstSubSampler[left=600.0, right=ConstMulSampler[left=ConstSubSampler[left=1.0, right=CachingDensitySampler[id=215, input=YSampler[input=Sampler[noise=net.minecraft.world.level.levelgen.synth.NoiseStack$Perlin@3ee34dcd, xzScale=1.0, yScale=0.0], y=0]]], right=2.5]], right=ConstMulSampler[left=ConstSubSampler[left=1.0, right=Sampler[input=ConstMulSampler[left=CachingDensitySampler[id=204, input=YSampler[input=SubSampler[left=ConstSubSampler[left=1.0, right=ConstMulSampler[left=YSampler[input=Sampler[x=3420, y=0, z=3420, metric=EUCLIDEAN], y=0], right=0.004166667]], right=ConstMulSampler[left=ConstAddSampler[left=CachingDensitySampler[id=1, input=YSampler[input=Sampler[noise=net.minecraft.world.level.levelgen.synth.NoiseStack$Perlin@73507cdd, xzScale=1.0, yScale=0.0], y=0]], right=1.0], right=0.2]], y=0]], right=1.6666666], min=0.0, max=1.0]], right=10.0]], y=0], right=MulSampler[left=Sampler[input=ConstMulSampler[left=ConstSubSampler[left=20.0, right=Sampler[x=3478, y=0, z=3437, metric=EUCLIDEAN]], right=0.125], min=0.0, max=1.0], right=YSampler[input=ConstSubSampler[left=595.0, right=SubSampler[left=ConstSubSampler[left=600.0, right=ConstMulSampler[left=ConstSubSampler[left=1.0, right=CachingDensitySampler[id=215, input=YSampler[input=Sampler[noise=net.minecraft.world.level.levelgen.synth.NoiseStack$Perlin@3ee34dcd, xzScale=1.0, yScale=0.0], y=0]]], right=2.5]], right=ConstMulSampler[left=ConstSubSampler[left=1.0, right=Sampler[input=ConstMulSampler[left=CachingDensitySampler[id=204, input=YSampler[input=SubSampler[left=ConstSubSampler[left=1.0, right=ConstMulSampler[left=YSampler[input=Sampler[x=3420, y=0, z=3420, metric=EUCLIDEAN], y=0], right=0.004166667]], right=ConstMulSampler[left=ConstAddSampler[left=CachingDensitySampler[id=1, input=YSampler[input=Sampler[noise=net.minecraft.world.level.levelgen.synth.NoiseStack$Perlin@73507cdd, xzScale=1.0, yScale=0.0], y=0]], right=1.0], right=0.2]], y=0]], right=1.6666666], min=0.0, max=1.0]], right=10.0]]], y=0]]]]], right=ConstantFunction[value=12.0]] ([563.0; 603.0]) and ConstantFunction[value=559.0] ([559.0; 559.0])
[12:00:10] [Worker-Main-3/WARN]: Compiling a MIN function between two non-overlapping inputs: BinaryFunction[type=SUB, left=PreparedCache[id=438, range=[575.0; 615.0], domainAxes=7, cachingSampler=CachingDensitySampler[id=438, input=AddSampler[left=YSampler[input=SubSampler[left=ConstSubSampler[left=600.0, right=ConstMulSampler[left=ConstSubSampler[left=1.0, right=CachingDensitySampler[id=215, input=YSampler[input=Sampler[noise=net.minecraft.world.level.levelgen.synth.NoiseStack$Perlin@3ee34dcd, xzScale=1.0, yScale=0.0], y=0]]], right=2.5]], right=ConstMulSampler[left=ConstSubSampler[left=1.0, right=Sampler[input=ConstMulSampler[left=CachingDensitySampler[id=204, input=YSampler[input=SubSampler[left=ConstSubSampler[left=1.0, right=ConstMulSampler[left=YSampler[input=Sampler[x=3420, y=0, z=3420, metric=EUCLIDEAN], y=0], right=0.004166667]], right=ConstMulSampler[left=ConstAddSampler[left=CachingDensitySampler[id=1, input=YSampler[input=Sampler[noise=net.minecraft.world.level.levelgen.synth.NoiseStack$Perlin@73507cdd, xzScale=1.0, yScale=0.0], y=0]], right=1.0], right=0.2]], y=0]], right=1.6666666], min=0.0, max=1.0]], right=10.0]], y=0], right=MulSampler[left=Sampler[input=ConstMulSampler[left=ConstSubSampler[left=20.0, right=Sampler[x=3478, y=0, z=3437, metric=EUCLIDEAN]], right=0.125], min=0.0, max=1.0], right=YSampler[input=ConstSubSampler[left=595.0, right=SubSampler[left=ConstSubSampler[left=600.0, right=ConstMulSampler[left=ConstSubSampler[left=1.0, right=CachingDensitySampler[id=215, input=YSampler[input=Sampler[noise=net.minecraft.world.level.levelgen.synth.NoiseStack$Perlin@3ee34dcd, xzScale=1.0, yScale=0.0], y=0]]], right=2.5]], right=ConstMulSampler[left=ConstSubSampler[left=1.0, right=Sampler[input=ConstMulSampler[left=CachingDensitySampler[id=204, input=YSampler[input=SubSampler[left=ConstSubSampler[left=1.0, right=ConstMulSampler[left=YSampler[input=Sampler[x=3420, y=0, z=3420, metric=EUCLIDEAN], y=0], right=0.004166667]], right=ConstMulSampler[left=ConstAddSampler[left=CachingDensitySampler[id=1, input=YSampler[input=Sampler[noise=net.minecraft.world.level.levelgen.synth.NoiseStack$Perlin@73507cdd, xzScale=1.0, yScale=0.0], y=0]], right=1.0], right=0.2]], y=0]], right=1.6666666], min=0.0, max=1.0]], right=10.0]]], y=0]]]]], right=ConstantFunction[value=12.0]] ([563.0; 603.0]) and ConstantFunction[value=559.0] ([559.0; 559.0])
[12:00:10] [Worker-Main-3/WARN]: Compiling a MIN function between two non-overlapping inputs: BinaryFunction[type=SUB, left=PreparedCache[id=440, range=[594.6; 610.5], domainAxes=5, cachingSampler=CachingDensitySampler[id=440, input=YSampler[input=SubSampler[left=ConstSubSampler[left=608.0, right=ConstMulSampler[left=ConstSubSampler[left=1.0, right=CachingDensitySampler[id=215, input=YSampler[input=Sampler[noise=net.minecraft.world.level.levelgen.synth.NoiseStack$Perlin@3ee34dcd, xzScale=1.0, yScale=0.0], y=0]]], right=2.5]], right=ConstMulSampler[left=ConstSubSampler[left=1.0, right=Sampler[input=ConstMulSampler[left=CachingDensitySampler[id=211, input=YSampler[input=SubSampler[left=ConstSubSampler[left=1.0, right=ConstMulSampler[left=YSampler[input=Sampler[x=3740, y=0, z=3198, metric=EUCLIDEAN], y=0], right=0.016949153]], right=ConstMulSampler[left=ConstAddSampler[left=CachingDensitySampler[id=1, input=YSampler[input=Sampler[noise=net.minecraft.world.level.levelgen.synth.NoiseStack$Perlin@73507cdd, xzScale=1.0, yScale=0.0], y=0]], right=1.0], right=0.2]], y=0]], right=1.6666666], min=0.0, max=1.0]], right=5.9]], y=0]]], right=ConstantFunction[value=12.0]] ([582.6; 598.5]) and ConstantFunction[value=567.0] ([567.0; 567.0])
[12:00:10] [Worker-Main-3/WARN]: Compiling a MIN function between two non-overlapping inputs: BinaryFunction[type=SUB, left=PreparedCache[id=440, range=[594.6; 610.5], domainAxes=5, cachingSampler=CachingDensitySampler[id=440, input=YSampler[input=SubSampler[left=ConstSubSampler[left=608.0, right=ConstMulSampler[left=ConstSubSampler[left=1.0, right=CachingDensitySampler[id=215, input=YSampler[input=Sampler[noise=net.minecraft.world.level.levelgen.synth.NoiseStack$Perlin@3ee34dcd, xzScale=1.0, yScale=0.0], y=0]]], right=2.5]], right=ConstMulSampler[left=ConstSubSampler[left=1.0, right=Sampler[input=ConstMulSampler[left=CachingDensitySampler[id=211, input=YSampler[input=SubSampler[left=ConstSubSampler[left=1.0, right=ConstMulSampler[left=YSampler[input=Sampler[x=3740, y=0, z=3198, metric=EUCLIDEAN], y=0], right=0.016949153]], right=ConstMulSampler[left=ConstAddSampler[left=CachingDensitySampler[id=1, input=YSampler[input=Sampler[noise=net.minecraft.world.level.levelgen.synth.NoiseStack$Perlin@73507cdd, xzScale=1.0, yScale=0.0], y=0]], right=1.0], right=0.2]], y=0]], right=1.6666666], min=0.0, max=1.0]], right=5.9]], y=0]]], right=ConstantFunction[value=12.0]] ([582.6; 598.5]) and ConstantFunction[value=567.0] ([567.0; 567.0])
[12:00:10] [Worker-Main-3/WARN]: Compiling a MIN function between two non-overlapping inputs: BinaryFunction[type=SUB, left=PreparedCache[id=442, range=[506.5; 526.5], domainAxes=5, cachingSampler=CachingDensitySampler[id=442, input=YSampler[input=SubSampler[left=ConstSubSampler[left=524.0, right=ConstMulSampler[left=ConstSubSampler[left=1.0, right=CachingDensitySampler[id=215, input=YSampler[input=Sampler[noise=net.minecraft.world.level.levelgen.synth.NoiseStack$Perlin@3ee34dcd, xzScale=1.0, yScale=0.0], y=0]]], right=2.5]], right=ConstMulSampler[left=ConstSubSampler[left=1.0, right=Sampler[input=ConstMulSampler[left=CachingDensitySampler[id=186, input=YSampler[input=SubSampler[left=ConstSubSampler[left=1.0, right=ConstMulSampler[left=YSampler[input=Sampler[x=3025, y=0, z=3662, metric=EUCLIDEAN], y=0], right=0.005235602]], right=ConstMulSampler[left=ConstAddSampler[left=CachingDensitySampler[id=1, input=YSampler[input=Sampler[noise=net.minecraft.world.level.levelgen.synth.NoiseStack$Perlin@73507cdd, xzScale=1.0, yScale=0.0], y=0]], right=1.0], right=0.2]], y=0]], right=1.6666666], min=0.0, max=1.0]], right=10.0]], y=0]]], right=ConstantFunction[value=12.0]] ([494.5; 514.5]) and ConstantFunction[value=483.0] ([483.0; 483.0])
[12:00:10] [Worker-Main-3/WARN]: Compiling a MIN function between two non-overlapping inputs: BinaryFunction[type=SUB, left=PreparedCache[id=442, range=[506.5; 526.5], domainAxes=5, cachingSampler=CachingDensitySampler[id=442, input=YSampler[input=SubSampler[left=ConstSubSampler[left=524.0, right=ConstMulSampler[left=ConstSubSampler[left=1.0, right=CachingDensitySampler[id=215, input=YSampler[input=Sampler[noise=net.minecraft.world.level.levelgen.synth.NoiseStack$Perlin@3ee34dcd, xzScale=1.0, yScale=0.0], y=0]]], right=2.5]], right=ConstMulSampler[left=ConstSubSampler[left=1.0, right=Sampler[input=ConstMulSampler[left=CachingDensitySampler[id=186, input=YSampler[input=SubSampler[left=ConstSubSampler[left=1.0, right=ConstMulSampler[left=YSampler[input=Sampler[x=3025, y=0, z=3662, metric=EUCLIDEAN], y=0], right=0.005235602]], right=ConstMulSampler[left=ConstAddSampler[left=CachingDensitySampler[id=1, input=YSampler[input=Sampler[noise=net.minecraft.world.level.levelgen.synth.NoiseStack$Perlin@73507cdd, xzScale=1.0, yScale=0.0], y=0]], right=1.0], right=0.2]], y=0]], right=1.6666666], min=0.0, max=1.0]], right=10.0]], y=0]]], right=ConstantFunction[value=12.0]] ([494.5; 514.5]) and ConstantFunction[value=483.0] ([483.0; 483.0])
[12:00:10] [Worker-Main-3/WARN]: Compiling a MIN function between two non-overlapping inputs: BinaryFunction[type=SUB, left=PreparedCache[id=444, range=[498.1; 514.5], domainAxes=5, cachingSampler=CachingDensitySampler[id=444, input=YSampler[input=SubSampler[left=ConstSubSampler[left=512.0, right=ConstMulSampler[left=ConstSubSampler[left=1.0, right=CachingDensitySampler[id=215, input=YSampler[input=Sampler[noise=net.minecraft.world.level.levelgen.synth.NoiseStack$Perlin@3ee34dcd, xzScale=1.0, yScale=0.0], y=0]]], right=2.5]], right=ConstMulSampler[left=ConstSubSampler[left=1.0, right=Sampler[input=ConstMulSampler[left=CachingDensitySampler[id=212, input=YSampler[input=SubSampler[left=ConstSubSampler[left=1.0, right=ConstMulSampler[left=YSampler[input=Sampler[x=3859, y=0, z=3413, metric=EUCLIDEAN], y=0], right=0.014285714]], right=ConstMulSampler[left=ConstAddSampler[left=CachingDensitySampler[id=1, input=YSampler[input=Sampler[noise=net.minecraft.world.level.levelgen.synth.NoiseStack$Perlin@73507cdd, xzScale=1.0, yScale=0.0], y=0]], right=1.0], right=0.2]], y=0]], right=1.6666666], min=0.0, max=1.0]], right=6.4]], y=0]]], right=ConstantFunction[value=12.0]] ([486.1; 502.5]) and ConstantFunction[value=471.0] ([471.0; 471.0])
[12:00:10] [Worker-Main-3/WARN]: Compiling a MIN function between two non-overlapping inputs: BinaryFunction[type=SUB, left=PreparedCache[id=444, range=[498.1; 514.5], domainAxes=5, cachingSampler=CachingDensitySampler[id=444, input=YSampler[input=SubSampler[left=ConstSubSampler[left=512.0, right=ConstMulSampler[left=ConstSubSampler[left=1.0, right=CachingDensitySampler[id=215, input=YSampler[input=Sampler[noise=net.minecraft.world.level.levelgen.synth.NoiseStack$Perlin@3ee34dcd, xzScale=1.0, yScale=0.0], y=0]]], right=2.5]], right=ConstMulSampler[left=ConstSubSampler[left=1.0, right=Sampler[input=ConstMulSampler[left=CachingDensitySampler[id=212, input=YSampler[input=SubSampler[left=ConstSubSampler[left=1.0, right=ConstMulSampler[left=YSampler[input=Sampler[x=3859, y=0, z=3413, metric=EUCLIDEAN], y=0], right=0.014285714]], right=ConstMulSampler[left=ConstAddSampler[left=CachingDensitySampler[id=1, input=YSampler[input=Sampler[noise=net.minecraft.world.level.levelgen.synth.NoiseStack$Perlin@73507cdd, xzScale=1.0, yScale=0.0], y=0]], right=1.0], right=0.2]], y=0]], right=1.6666666], min=0.0, max=1.0]], right=6.4]], y=0]]], right=ConstantFunction[value=12.0]] ([486.1; 502.5]) and ConstantFunction[value=471.0] ([471.0; 471.0])
[12:00:10] [Worker-Main-3/WARN]: Compiling a MIN function between two non-overlapping inputs: BinaryFunction[type=SUB, left=PreparedCache[id=446, range=[526.5; 546.5], domainAxes=5, cachingSampler=CachingDensitySampler[id=446, input=YSampler[input=SubSampler[left=ConstSubSampler[left=544.0, right=ConstMulSampler[left=ConstSubSampler[left=1.0, right=CachingDensitySampler[id=215, input=YSampler[input=Sampler[noise=net.minecraft.world.level.levelgen.synth.NoiseStack$Perlin@3ee34dcd, xzScale=1.0, yScale=0.0], y=0]]], right=2.5]], right=ConstMulSampler[left=ConstSubSampler[left=1.0, right=Sampler[input=ConstMulSampler[left=CachingDensitySampler[id=203, input=YSampler[input=SubSampler[left=ConstSubSampler[left=1.0, right=ConstMulSampler[left=YSampler[input=Sampler[x=3473, y=0, z=2967, metric=EUCLIDEAN], y=0], right=0.0057142857]], right=ConstMulSampler[left=ConstAddSampler[left=CachingDensitySampler[id=1, input=YSampler[input=Sampler[noise=net.minecraft.world.level.levelgen.synth.NoiseStack$Perlin@73507cdd, xzScale=1.0, yScale=0.0], y=0]], right=1.0], right=0.2]], y=0]], right=1.6666666], min=0.0, max=1.0]], right=10.0]], y=0]]], right=ConstantFunction[value=12.0]] ([514.5; 534.5]) and ConstantFunction[value=503.0] ([503.0; 503.0])
[12:00:10] [Worker-Main-3/WARN]: Compiling a MIN function between two non-overlapping inputs: BinaryFunction[type=SUB, left=PreparedCache[id=446, range=[526.5; 546.5], domainAxes=5, cachingSampler=CachingDensitySampler[id=446, input=YSampler[input=SubSampler[left=ConstSubSampler[left=544.0, right=ConstMulSampler[left=ConstSubSampler[left=1.0, right=CachingDensitySampler[id=215, input=YSampler[input=Sampler[noise=net.minecraft.world.level.levelgen.synth.NoiseStack$Perlin@3ee34dcd, xzScale=1.0, yScale=0.0], y=0]]], right=2.5]], right=ConstMulSampler[left=ConstSubSampler[left=1.0, right=Sampler[input=ConstMulSampler[left=CachingDensitySampler[id=203, input=YSampler[input=SubSampler[left=ConstSubSampler[left=1.0, right=ConstMulSampler[left=YSampler[input=Sampler[x=3473, y=0, z=2967, metric=EUCLIDEAN], y=0], right=0.0057142857]], right=ConstMulSampler[left=ConstAddSampler[left=CachingDensitySampler[id=1, input=YSampler[input=Sampler[noise=net.minecraft.world.level.levelgen.synth.NoiseStack$Perlin@73507cdd, xzScale=1.0, yScale=0.0], y=0]], right=1.0], right=0.2]], y=0]], right=1.6666666], min=0.0, max=1.0]], right=10.0]], y=0]]], right=ConstantFunction[value=12.0]] ([514.5; 534.5]) and ConstantFunction[value=503.0] ([503.0; 503.0])
[12:00:10] [Worker-Main-3/WARN]: Compiling a MIN function between two non-overlapping inputs: BinaryFunction[type=SUB, left=PreparedCache[id=456, range=[-960.0; -926.0], domainAxes=5, cachingSampler=CachingDensitySampler[id=456, input=YSampler[input=SubSampler[left=ConstSubSampler[left=-932.0, right=ConstMulSampler[left=ConstSubSampler[left=1.0, right=CachingDensitySampler[id=215, input=YSampler[input=Sampler[noise=net.minecraft.world.level.levelgen.synth.NoiseStack$Perlin@3ee34dcd, xzScale=1.0, yScale=0.0], y=0]]], right=6.0]], right=ConstMulSampler[left=ConstSubSampler[left=1.0, right=Sampler[input=ConstMulSampler[left=CachingDensitySampler[id=49, input=YSampler[input=SubSampler[left=ConstSubSampler[left=1.0, right=ConstMulSampler[left=YSampler[input=Sampler[x=-2797, y=0, z=3488, metric=EUCLIDEAN], y=0], right=0.01010101]], right=ConstMulSampler[left=ConstAddSampler[left=CachingDensitySampler[id=1, input=YSampler[input=Sampler[noise=net.minecraft.world.level.levelgen.synth.NoiseStack$Perlin@73507cdd, xzScale=1.0, yScale=0.0], y=0]], right=1.0], right=0.2]], y=0]], right=1.6666666], min=0.0, max=1.0]], right=10.0]], y=0]]], right=ConstantFunction[value=12.0]] ([-972.0; -938.0]) and ConstantFunction[value=-980.0] ([-980.0; -980.0])
[12:00:10] [Worker-Main-3/WARN]: Compiling a MIN function between two non-overlapping inputs: BinaryFunction[type=SUB, left=PreparedCache[id=456, range=[-960.0; -926.0], domainAxes=5, cachingSampler=CachingDensitySampler[id=456, input=YSampler[input=SubSampler[left=ConstSubSampler[left=-932.0, right=ConstMulSampler[left=ConstSubSampler[left=1.0, right=CachingDensitySampler[id=215, input=YSampler[input=Sampler[noise=net.minecraft.world.level.levelgen.synth.NoiseStack$Perlin@3ee34dcd, xzScale=1.0, yScale=0.0], y=0]]], right=6.0]], right=ConstMulSampler[left=ConstSubSampler[left=1.0, right=Sampler[input=ConstMulSampler[left=CachingDensitySampler[id=49, input=YSampler[input=SubSampler[left=ConstSubSampler[left=1.0, right=ConstMulSampler[left=YSampler[input=Sampler[x=-2797, y=0, z=3488, metric=EUCLIDEAN], y=0], right=0.01010101]], right=ConstMulSampler[left=ConstAddSampler[left=CachingDensitySampler[id=1, input=YSampler[input=Sampler[noise=net.minecraft.world.level.levelgen.synth.NoiseStack$Perlin@73507cdd, xzScale=1.0, yScale=0.0], y=0]], right=1.0], right=0.2]], y=0]], right=1.6666666], min=0.0, max=1.0]], right=10.0]], y=0]]], right=ConstantFunction[value=12.0]] ([-972.0; -938.0]) and ConstantFunction[value=-980.0] ([-980.0; -980.0])
[12:00:10] [Worker-Main-3/WARN]: Compiling a MIN function between two non-overlapping inputs: BinaryFunction[type=SUB, left=PreparedCache[id=458, range=[-850.5; -795.5], domainAxes=5, cachingSampler=CachingDensitySampler[id=458, input=YSampler[input=SubSampler[left=ConstSubSampler[left=-808.0, right=ConstMulSampler[left=ConstSubSampler[left=1.0, right=CachingDensitySampler[id=215, input=YSampler[input=Sampler[noise=net.minecraft.world.level.levelgen.synth.NoiseStack$Perlin@3ee34dcd, xzScale=1.0, yScale=0.0], y=0]]], right=12.5]], right=ConstMulSampler[left=ConstSubSampler[left=1.0, right=Sampler[input=ConstMulSampler[left=CachingDensitySampler[id=50, input=YSampler[input=SubSampler[left=ConstSubSampler[left=1.0, right=ConstMulSampler[left=YSampler[input=Sampler[x=-2828, y=0, z=3276, metric=EUCLIDEAN], y=0], right=0.01754386]], right=ConstMulSampler[left=ConstAddSampler[left=CachingDensitySampler[id=1, input=YSampler[input=Sampler[noise=net.minecraft.world.level.levelgen.synth.NoiseStack$Perlin@73507cdd, xzScale=1.0, yScale=0.0], y=0]], right=1.0], right=0.2]], y=0]], right=1.6666666], min=0.0, max=1.0]], right=5.0]], y=0]]], right=ConstantFunction[value=12.0]] ([-862.5; -807.5]) and ConstantFunction[value=-869.0] ([-869.0; -869.0])
[12:00:10] [Worker-Main-3/WARN]: Compiling a MIN function between two non-overlapping inputs: BinaryFunction[type=SUB, left=PreparedCache[id=458, range=[-850.5; -795.5], domainAxes=5, cachingSampler=CachingDensitySampler[id=458, input=YSampler[input=SubSampler[left=ConstSubSampler[left=-808.0, right=ConstMulSampler[left=ConstSubSampler[left=1.0, right=CachingDensitySampler[id=215, input=YSampler[input=Sampler[noise=net.minecraft.world.level.levelgen.synth.NoiseStack$Perlin@3ee34dcd, xzScale=1.0, yScale=0.0], y=0]]], right=12.5]], right=ConstMulSampler[left=ConstSubSampler[left=1.0, right=Sampler[input=ConstMulSampler[left=CachingDensitySampler[id=50, input=YSampler[input=SubSampler[left=ConstSubSampler[left=1.0, right=ConstMulSampler[left=YSampler[input=Sampler[x=-2828, y=0, z=3276, metric=EUCLIDEAN], y=0], right=0.01754386]], right=ConstMulSampler[left=ConstAddSampler[left=CachingDensitySampler[id=1, input=YSampler[input=Sampler[noise=net.minecraft.world.level.levelgen.synth.NoiseStack$Perlin@73507cdd, xzScale=1.0, yScale=0.0], y=0]], right=1.0], right=0.2]], y=0]], right=1.6666666], min=0.0, max=1.0]], right=5.0]], y=0]]], right=ConstantFunction[value=12.0]] ([-862.5; -807.5]) and ConstantFunction[value=-869.0] ([-869.0; -869.0])
[12:00:10] [Worker-Main-3/WARN]: Compiling a MIN function between two non-overlapping inputs: BinaryFunction[type=SUB, left=PreparedCache[id=462, range=[741.2; 801.0], domainAxes=5, cachingSampler=CachingDensitySampler[id=462, input=YSampler[input=SubSampler[left=ConstSubSampler[left=788.0, right=ConstMulSampler[left=ConstSubSampler[left=1.0, right=CachingDensitySampler[id=215, input=YSampler[input=Sampler[noise=net.minecraft.world.level.levelgen.synth.NoiseStack$Perlin@3ee34dcd, xzScale=1.0, yScale=0.0], y=0]]], right=13.0]], right=ConstMulSampler[left=ConstSubSampler[left=1.0, right=Sampler[input=ConstMulSampler[left=CachingDensitySampler[id=157, input=YSampler[input=SubSampler[left=ConstSubSampler[left=1.0, right=ConstMulSampler[left=YSampler[input=Sampler[x=2024, y=0, z=-1868, metric=EUCLIDEAN], y=0], right=0.012048192]], right=ConstMulSampler[left=ConstAddSampler[left=CachingDensitySampler[id=1, input=YSampler[input=Sampler[noise=net.minecraft.world.level.levelgen.synth.NoiseStack$Perlin@73507cdd, xzScale=1.0, yScale=0.0], y=0]], right=1.0], right=0.2]], y=0]], right=1.6666666], min=0.0, max=1.0]], right=7.8]], y=0]]], right=ConstantFunction[value=12.0]] ([729.2; 789.0]) and ConstantFunction[value=726.0] ([726.0; 726.0])
[12:00:10] [Worker-Main-3/WARN]: Compiling a MIN function between two non-overlapping inputs: BinaryFunction[type=SUB, left=PreparedCache[id=462, range=[741.2; 801.0], domainAxes=5, cachingSampler=CachingDensitySampler[id=462, input=YSampler[input=SubSampler[left=ConstSubSampler[left=788.0, right=ConstMulSampler[left=ConstSubSampler[left=1.0, right=CachingDensitySampler[id=215, input=YSampler[input=Sampler[noise=net.minecraft.world.level.levelgen.synth.NoiseStack$Perlin@3ee34dcd, xzScale=1.0, yScale=0.0], y=0]]], right=13.0]], right=ConstMulSampler[left=ConstSubSampler[left=1.0, right=Sampler[input=ConstMulSampler[left=CachingDensitySampler[id=157, input=YSampler[input=SubSampler[left=ConstSubSampler[left=1.0, right=ConstMulSampler[left=YSampler[input=Sampler[x=2024, y=0, z=-1868, metric=EUCLIDEAN], y=0], right=0.012048192]], right=ConstMulSampler[left=ConstAddSampler[left=CachingDensitySampler[id=1, input=YSampler[input=Sampler[noise=net.minecraft.world.level.levelgen.synth.NoiseStack$Perlin@73507cdd, xzScale=1.0, yScale=0.0], y=0]], right=1.0], right=0.2]], y=0]], right=1.6666666], min=0.0, max=1.0]], right=7.8]], y=0]]], right=ConstantFunction[value=12.0]] ([729.2; 789.0]) and ConstantFunction[value=726.0] ([726.0; 726.0])
[12:00:10] [Worker-Main-3/WARN]: Compiling a MIN function between two non-overlapping inputs: BinaryFunction[type=SUB, left=PreparedCache[id=466, range=[817.15; 862.25], domainAxes=5, cachingSampler=CachingDensitySampler[id=466, input=YSampler[input=SubSampler[left=ConstSubSampler[left=852.0, right=ConstMulSampler[left=ConstSubSampler[left=1.0, right=CachingDensitySampler[id=215, input=YSampler[input=Sampler[noise=net.minecraft.world.level.levelgen.synth.NoiseStack$Perlin@3ee34dcd, xzScale=1.0, yScale=0.0], y=0]]], right=10.25]], right=ConstMulSampler[left=ConstSubSampler[left=1.0, right=Sampler[input=ConstMulSampler[left=CachingDensitySampler[id=158, input=YSampler[input=SubSampler[left=ConstSubSampler[left=1.0, right=ConstMulSampler[left=YSampler[input=Sampler[x=1837, y=0, z=-1794, metric=EUCLIDEAN], y=0], right=0.018518519]], right=ConstMulSampler[left=ConstAddSampler[left=CachingDensitySampler[id=1, input=YSampler[input=Sampler[noise=net.minecraft.world.level.levelgen.synth.NoiseStack$Perlin@73507cdd, xzScale=1.0, yScale=0.0], y=0]], right=1.0], right=0.2]], y=0]], right=1.6666666], min=0.0, max=1.0]], right=4.1]], y=0]]], right=ConstantFunction[value=12.0]] ([805.15; 850.25]) and ConstantFunction[value=796.0] ([796.0; 796.0])
[12:00:10] [Worker-Main-3/WARN]: Compiling a MIN function between two non-overlapping inputs: BinaryFunction[type=SUB, left=PreparedCache[id=466, range=[817.15; 862.25], domainAxes=5, cachingSampler=CachingDensitySampler[id=466, input=YSampler[input=SubSampler[left=ConstSubSampler[left=852.0, right=ConstMulSampler[left=ConstSubSampler[left=1.0, right=CachingDensitySampler[id=215, input=YSampler[input=Sampler[noise=net.minecraft.world.level.levelgen.synth.NoiseStack$Perlin@3ee34dcd, xzScale=1.0, yScale=0.0], y=0]]], right=10.25]], right=ConstMulSampler[left=ConstSubSampler[left=1.0, right=Sampler[input=ConstMulSampler[left=CachingDensitySampler[id=158, input=YSampler[input=SubSampler[left=ConstSubSampler[left=1.0, right=ConstMulSampler[left=YSampler[input=Sampler[x=1837, y=0, z=-1794, metric=EUCLIDEAN], y=0], right=0.018518519]], right=ConstMulSampler[left=ConstAddSampler[left=CachingDensitySampler[id=1, input=YSampler[input=Sampler[noise=net.minecraft.world.level.levelgen.synth.NoiseStack$Perlin@73507cdd, xzScale=1.0, yScale=0.0], y=0]], right=1.0], right=0.2]], y=0]], right=1.6666666], min=0.0, max=1.0]], right=4.1]], y=0]]], right=ConstantFunction[value=12.0]] ([805.15; 850.25]) and ConstantFunction[value=796.0] ([796.0; 796.0])
[12:00:10] [Worker-Main-3/WARN]: Compiling a MIN function between two non-overlapping inputs: BinaryFunction[type=SUB, left=PreparedCache[id=468, range=[783.0; 845.0], domainAxes=5, cachingSampler=CachingDensitySampler[id=468, input=YSampler[input=SubSampler[left=ConstSubSampler[left=832.0, right=ConstMulSampler[left=ConstSubSampler[left=1.0, right=CachingDensitySampler[id=215, input=YSampler[input=Sampler[noise=net.minecraft.world.level.levelgen.synth.NoiseStack$Perlin@3ee34dcd, xzScale=1.0, yScale=0.0], y=0]]], right=13.0]], right=ConstMulSampler[left=ConstSubSampler[left=1.0, right=Sampler[input=ConstMulSampler[left=CachingDensitySampler[id=160, input=YSampler[input=SubSampler[left=ConstSubSampler[left=1.0, right=ConstMulSampler[left=YSampler[input=Sampler[x=1857, y=0, z=-816, metric=EUCLIDEAN], y=0], right=0.007246377]], right=ConstMulSampler[left=ConstAddSampler[left=CachingDensitySampler[id=1, input=YSampler[input=Sampler[noise=net.minecraft.world.level.levelgen.synth.NoiseStack$Perlin@73507cdd, xzScale=1.0, yScale=0.0], y=0]], right=1.0], right=0.2]], y=0]], right=1.6666666], min=0.0, max=1.0]], right=10.0]], y=0]]], right=ConstantFunction[value=12.0]] ([771.0; 833.0]) and ConstantFunction[value=770.0] ([770.0; 770.0])
[12:00:10] [Worker-Main-3/WARN]: Compiling a MIN function between two non-overlapping inputs: BinaryFunction[type=SUB, left=PreparedCache[id=468, range=[783.0; 845.0], domainAxes=5, cachingSampler=CachingDensitySampler[id=468, input=YSampler[input=SubSampler[left=ConstSubSampler[left=832.0, right=ConstMulSampler[left=ConstSubSampler[left=1.0, right=CachingDensitySampler[id=215, input=YSampler[input=Sampler[noise=net.minecraft.world.level.levelgen.synth.NoiseStack$Perlin@3ee34dcd, xzScale=1.0, yScale=0.0], y=0]]], right=13.0]], right=ConstMulSampler[left=ConstSubSampler[left=1.0, right=Sampler[input=ConstMulSampler[left=CachingDensitySampler[id=160, input=YSampler[input=SubSampler[left=ConstSubSampler[left=1.0, right=ConstMulSampler[left=YSampler[input=Sampler[x=1857, y=0, z=-816, metric=EUCLIDEAN], y=0], right=0.007246377]], right=ConstMulSampler[left=ConstAddSampler[left=CachingDensitySampler[id=1, input=YSampler[input=Sampler[noise=net.minecraft.world.level.levelgen.synth.NoiseStack$Perlin@73507cdd, xzScale=1.0, yScale=0.0], y=0]], right=1.0], right=0.2]], y=0]], right=1.6666666], min=0.0, max=1.0]], right=10.0]], y=0]]], right=ConstantFunction[value=12.0]] ([771.0; 833.0]) and ConstantFunction[value=770.0] ([770.0; 770.0])
[12:00:10] [Worker-Main-3/WARN]: Compiling a MIN function between two non-overlapping inputs: BinaryFunction[type=SUB, left=PreparedCache[id=476, range=[-177.9; -140.0], domainAxes=5, cachingSampler=CachingDensitySampler[id=476, input=YSampler[input=SubSampler[left=ConstSubSampler[left=-148.0, right=ConstMulSampler[left=ConstSubSampler[left=1.0, right=CachingDensitySampler[id=215, input=YSampler[input=Sampler[noise=net.minecraft.world.level.levelgen.synth.NoiseStack$Perlin@3ee34dcd, xzScale=1.0, yScale=0.0], y=0]]], right=8.0]], right=ConstMulSampler[left=ConstSubSampler[left=1.0, right=Sampler[input=ConstMulSampler[left=CachingDensitySampler[id=103, input=YSampler[input=SubSampler[left=ConstSubSampler[left=1.0, right=ConstMulSampler[left=YSampler[input=Sampler[x=-494, y=0, z=-2825, metric=EUCLIDEAN], y=0], right=0.012987013]], right=ConstMulSampler[left=ConstAddSampler[left=CachingDensitySampler[id=1, input=YSampler[input=Sampler[noise=net.minecraft.world.level.levelgen.synth.NoiseStack$Perlin@73507cdd, xzScale=1.0, yScale=0.0], y=0]], right=1.0], right=0.2]], y=0]], right=1.6666666], min=0.0, max=1.0]], right=5.9]], y=0]]], right=ConstantFunction[value=12.0]] ([-189.9; -152.0]) and ConstantFunction[value=-200.0] ([-200.0; -200.0])
[12:00:10] [Worker-Main-3/WARN]: Compiling a MIN function between two non-overlapping inputs: BinaryFunction[type=SUB, left=PreparedCache[id=476, range=[-177.9; -140.0], domainAxes=5, cachingSampler=CachingDensitySampler[id=476, input=YSampler[input=SubSampler[left=ConstSubSampler[left=-148.0, right=ConstMulSampler[left=ConstSubSampler[left=1.0, right=CachingDensitySampler[id=215, input=YSampler[input=Sampler[noise=net.minecraft.world.level.levelgen.synth.NoiseStack$Perlin@3ee34dcd, xzScale=1.0, yScale=0.0], y=0]]], right=8.0]], right=ConstMulSampler[left=ConstSubSampler[left=1.0, right=Sampler[input=ConstMulSampler[left=CachingDensitySampler[id=103, input=YSampler[input=SubSampler[left=ConstSubSampler[left=1.0, right=ConstMulSampler[left=YSampler[input=Sampler[x=-494, y=0, z=-2825, metric=EUCLIDEAN], y=0], right=0.012987013]], right=ConstMulSampler[left=ConstAddSampler[left=CachingDensitySampler[id=1, input=YSampler[input=Sampler[noise=net.minecraft.world.level.levelgen.synth.NoiseStack$Perlin@73507cdd, xzScale=1.0, yScale=0.0], y=0]], right=1.0], right=0.2]], y=0]], right=1.6666666], min=0.0, max=1.0]], right=5.9]], y=0]]], right=ConstantFunction[value=12.0]] ([-189.9; -152.0]) and ConstantFunction[value=-200.0] ([-200.0; -200.0])
[12:00:10] [Worker-Main-3/WARN]: Compiling a MIN function between two non-overlapping inputs: BinaryFunction[type=SUB, left=PreparedCache[id=488, range=[-753.0; -707.0], domainAxes=5, cachingSampler=CachingDensitySampler[id=488, input=YSampler[input=SubSampler[left=ConstSubSampler[left=-716.0, right=ConstMulSampler[left=ConstSubSampler[left=1.0, right=CachingDensitySampler[id=215, input=YSampler[input=Sampler[noise=net.minecraft.world.level.levelgen.synth.NoiseStack$Perlin@3ee34dcd, xzScale=1.0, yScale=0.0], y=0]]], right=9.0]], right=ConstMulSampler[left=ConstSubSampler[left=1.0, right=Sampler[input=ConstMulSampler[left=CachingDensitySampler[id=185, input=YSampler[input=SubSampler[left=ConstSubSampler[left=1.0, right=ConstMulSampler[left=YSampler[input=Sampler[x=2759, y=0, z=2959, metric=EUCLIDEAN], y=0], right=0.0060975607]], right=ConstMulSampler[left=ConstAddSampler[left=CachingDensitySampler[id=1, input=YSampler[input=Sampler[noise=net.minecraft.world.level.levelgen.synth.NoiseStack$Perlin@73507cdd, xzScale=1.0, yScale=0.0], y=0]], right=1.0], right=0.2]], y=0]], right=1.6666666], min=0.0, max=1.0]], right=10.0]], y=0]]], right=ConstantFunction[value=12.0]] ([-765.0; -719.0]) and ConstantFunction[value=-770.0] ([-770.0; -770.0])
[12:00:10] [Worker-Main-3/WARN]: Compiling a MIN function between two non-overlapping inputs: BinaryFunction[type=SUB, left=PreparedCache[id=488, range=[-753.0; -707.0], domainAxes=5, cachingSampler=CachingDensitySampler[id=488, input=YSampler[input=SubSampler[left=ConstSubSampler[left=-716.0, right=ConstMulSampler[left=ConstSubSampler[left=1.0, right=CachingDensitySampler[id=215, input=YSampler[input=Sampler[noise=net.minecraft.world.level.levelgen.synth.NoiseStack$Perlin@3ee34dcd, xzScale=1.0, yScale=0.0], y=0]]], right=9.0]], right=ConstMulSampler[left=ConstSubSampler[left=1.0, right=Sampler[input=ConstMulSampler[left=CachingDensitySampler[id=185, input=YSampler[input=SubSampler[left=ConstSubSampler[left=1.0, right=ConstMulSampler[left=YSampler[input=Sampler[x=2759, y=0, z=2959, metric=EUCLIDEAN], y=0], right=0.0060975607]], right=ConstMulSampler[left=ConstAddSampler[left=CachingDensitySampler[id=1, input=YSampler[input=Sampler[noise=net.minecraft.world.level.levelgen.synth.NoiseStack$Perlin@73507cdd, xzScale=1.0, yScale=0.0], y=0]], right=1.0], right=0.2]], y=0]], right=1.6666666], min=0.0, max=1.0]], right=10.0]], y=0]]], right=ConstantFunction[value=12.0]] ([-765.0; -719.0]) and ConstantFunction[value=-770.0] ([-770.0; -770.0])
[12:00:10] [Worker-Main-3/WARN]: Compiling a MIN function between two non-overlapping inputs: BinaryFunction[type=SUB, left=PreparedCache[id=498, range=[980.6; 994.0], domainAxes=5, cachingSampler=CachingDensitySampler[id=498, input=YSampler[input=SubSampler[left=ConstSubSampler[left=992.0, right=ConstMulSampler[left=ConstSubSampler[left=1.0, right=CachingDensitySampler[id=215, input=YSampler[input=Sampler[noise=net.minecraft.world.level.levelgen.synth.NoiseStack$Perlin@3ee34dcd, xzScale=1.0, yScale=0.0], y=0]]], right=2.0]], right=ConstMulSampler[left=ConstSubSampler[left=1.0, right=Sampler[input=ConstMulSampler[left=CachingDensitySampler[id=120, input=YSampler[input=SubSampler[left=ConstSubSampler[left=1.0, right=ConstMulSampler[left=YSampler[input=Sampler[x=-258, y=0, z=3539, metric=EUCLIDEAN], y=0], right=0.015384615]], right=ConstMulSampler[left=ConstAddSampler[left=CachingDensitySampler[id=1, input=YSampler[input=Sampler[noise=net.minecraft.world.level.levelgen.synth.NoiseStack$Perlin@73507cdd, xzScale=1.0, yScale=0.0], y=0]], right=1.0], right=0.2]], y=0]], right=1.6666666], min=0.0, max=1.0]], right=5.4]], y=0]]], right=ConstantFunction[value=12.0]] ([968.6; 982.0]) and ConstantFunction[value=952.0] ([952.0; 952.0])
[12:00:10] [Worker-Main-3/WARN]: Compiling a MIN function between two non-overlapping inputs: BinaryFunction[type=SUB, left=PreparedCache[id=498, range=[980.6; 994.0], domainAxes=5, cachingSampler=CachingDensitySampler[id=498, input=YSampler[input=SubSampler[left=ConstSubSampler[left=992.0, right=ConstMulSampler[left=ConstSubSampler[left=1.0, right=CachingDensitySampler[id=215, input=YSampler[input=Sampler[noise=net.minecraft.world.level.levelgen.synth.NoiseStack$Perlin@3ee34dcd, xzScale=1.0, yScale=0.0], y=0]]], right=2.0]], right=ConstMulSampler[left=ConstSubSampler[left=1.0, right=Sampler[input=ConstMulSampler[left=CachingDensitySampler[id=120, input=YSampler[input=SubSampler[left=ConstSubSampler[left=1.0, right=ConstMulSampler[left=YSampler[input=Sampler[x=-258, y=0, z=3539, metric=EUCLIDEAN], y=0], right=0.015384615]], right=ConstMulSampler[left=ConstAddSampler[left=CachingDensitySampler[id=1, input=YSampler[input=Sampler[noise=net.minecraft.world.level.levelgen.synth.NoiseStack$Perlin@73507cdd, xzScale=1.0, yScale=0.0], y=0]], right=1.0], right=0.2]], y=0]], right=1.6666666], min=0.0, max=1.0]], right=5.4]], y=0]]], right=ConstantFunction[value=12.0]] ([968.6; 982.0]) and ConstantFunction[value=952.0] ([952.0; 952.0])
[12:00:10] [Worker-Main-3/WARN]: Compiling a MIN function between two non-overlapping inputs: BinaryFunction[type=SUB, left=PreparedCache[id=502, range=[951.2; 966.0], domainAxes=5, cachingSampler=CachingDensitySampler[id=502, input=YSampler[input=SubSampler[left=ConstSubSampler[left=964.0, right=ConstMulSampler[left=ConstSubSampler[left=1.0, right=CachingDensitySampler[id=215, input=YSampler[input=Sampler[noise=net.minecraft.world.level.levelgen.synth.NoiseStack$Perlin@3ee34dcd, xzScale=1.0, yScale=0.0], y=0]]], right=2.0]], right=ConstMulSampler[left=ConstSubSampler[left=1.0, right=Sampler[input=ConstMulSampler[left=CachingDensitySampler[id=121, input=YSampler[input=SubSampler[left=ConstSubSampler[left=1.0, right=ConstMulSampler[left=YSampler[input=Sampler[x=-119, y=0, z=3667, metric=EUCLIDEAN], y=0], right=0.011235955]], right=ConstMulSampler[left=ConstAddSampler[left=CachingDensitySampler[id=1, input=YSampler[input=Sampler[noise=net.minecraft.world.level.levelgen.synth.NoiseStack$Perlin@73507cdd, xzScale=1.0, yScale=0.0], y=0]], right=1.0], right=0.2]], y=0]], right=1.6666666], min=0.0, max=1.0]], right=6.8]], y=0]]], right=ConstantFunction[value=12.0]] ([939.2; 954.0]) and ConstantFunction[value=924.0] ([924.0; 924.0])
[12:00:10] [Worker-Main-3/WARN]: Compiling a MIN function between two non-overlapping inputs: BinaryFunction[type=SUB, left=PreparedCache[id=502, range=[951.2; 966.0], domainAxes=5, cachingSampler=CachingDensitySampler[id=502, input=YSampler[input=SubSampler[left=ConstSubSampler[left=964.0, right=ConstMulSampler[left=ConstSubSampler[left=1.0, right=CachingDensitySampler[id=215, input=YSampler[input=Sampler[noise=net.minecraft.world.level.levelgen.synth.NoiseStack$Perlin@3ee34dcd, xzScale=1.0, yScale=0.0], y=0]]], right=2.0]], right=ConstMulSampler[left=ConstSubSampler[left=1.0, right=Sampler[input=ConstMulSampler[left=CachingDensitySampler[id=121, input=YSampler[input=SubSampler[left=ConstSubSampler[left=1.0, right=ConstMulSampler[left=YSampler[input=Sampler[x=-119, y=0, z=3667, metric=EUCLIDEAN], y=0], right=0.011235955]], right=ConstMulSampler[left=ConstAddSampler[left=CachingDensitySampler[id=1, input=YSampler[input=Sampler[noise=net.minecraft.world.level.levelgen.synth.NoiseStack$Perlin@73507cdd, xzScale=1.0, yScale=0.0], y=0]], right=1.0], right=0.2]], y=0]], right=1.6666666], min=0.0, max=1.0]], right=6.8]], y=0]]], right=ConstantFunction[value=12.0]] ([939.2; 954.0]) and ConstantFunction[value=924.0] ([924.0; 924.0])
[12:00:10] [Worker-Main-3/WARN]: Compiling a MIN function between two non-overlapping inputs: BinaryFunction[type=SUB, left=PreparedCache[id=506, range=[181.4; 207.0], domainAxes=5, cachingSampler=CachingDensitySampler[id=506, input=YSampler[input=SubSampler[left=ConstSubSampler[left=202.0, right=ConstMulSampler[left=ConstSubSampler[left=1.0, right=CachingDensitySampler[id=215, input=YSampler[input=Sampler[noise=net.minecraft.world.level.levelgen.synth.NoiseStack$Perlin@3ee34dcd, xzScale=1.0, yScale=0.0], y=0]]], right=5.0]], right=ConstMulSampler[left=ConstSubSampler[left=1.0, right=Sampler[input=ConstMulSampler[left=CachingDensitySampler[id=68, input=YSampler[input=SubSampler[left=ConstSubSampler[left=1.0, right=ConstMulSampler[left=YSampler[input=Sampler[x=-1876, y=0, z=-3092, metric=EUCLIDEAN], y=0], right=0.01923077]], right=ConstMulSampler[left=ConstAddSampler[left=CachingDensitySampler[id=1, input=YSampler[input=Sampler[noise=net.minecraft.world.level.levelgen.synth.NoiseStack$Perlin@73507cdd, xzScale=1.0, yScale=0.0], y=0]], right=1.0], right=0.2]], y=0]], right=1.6666666], min=0.0, max=1.0]], right=5.6]], y=0]]], right=ConstantFunction[value=12.0]] ([169.4; 195.0]) and ConstantFunction[value=156.0] ([156.0; 156.0])
[12:00:10] [Worker-Main-3/WARN]: Compiling a MIN function between two non-overlapping inputs: BinaryFunction[type=SUB, left=PreparedCache[id=506, range=[181.4; 207.0], domainAxes=5, cachingSampler=CachingDensitySampler[id=506, input=YSampler[input=SubSampler[left=ConstSubSampler[left=202.0, right=ConstMulSampler[left=ConstSubSampler[left=1.0, right=CachingDensitySampler[id=215, input=YSampler[input=Sampler[noise=net.minecraft.world.level.levelgen.synth.NoiseStack$Perlin@3ee34dcd, xzScale=1.0, yScale=0.0], y=0]]], right=5.0]], right=ConstMulSampler[left=ConstSubSampler[left=1.0, right=Sampler[input=ConstMulSampler[left=CachingDensitySampler[id=68, input=YSampler[input=SubSampler[left=ConstSubSampler[left=1.0, right=ConstMulSampler[left=YSampler[input=Sampler[x=-1876, y=0, z=-3092, metric=EUCLIDEAN], y=0], right=0.01923077]], right=ConstMulSampler[left=ConstAddSampler[left=CachingDensitySampler[id=1, input=YSampler[input=Sampler[noise=net.minecraft.world.level.levelgen.synth.NoiseStack$Perlin@73507cdd, xzScale=1.0, yScale=0.0], y=0]], right=1.0], right=0.2]], y=0]], right=1.6666666], min=0.0, max=1.0]], right=5.6]], y=0]]], right=ConstantFunction[value=12.0]] ([169.4; 195.0]) and ConstantFunction[value=156.0] ([156.0; 156.0])
[12:00:10] [Worker-Main-3/WARN]: Compiling a MIN function between two non-overlapping inputs: BinaryFunction[type=SUB, left=PreparedCache[id=512, range=[315.9; 339.0], domainAxes=5, cachingSampler=CachingDensitySampler[id=512, input=YSampler[input=SubSampler[left=ConstSubSampler[left=334.0, right=ConstMulSampler[left=ConstSubSampler[left=1.0, right=CachingDensitySampler[id=215, input=YSampler[input=Sampler[noise=net.minecraft.world.level.levelgen.synth.NoiseStack$Perlin@3ee34dcd, xzScale=1.0, yScale=0.0], y=0]]], right=5.0]], right=ConstMulSampler[left=ConstSubSampler[left=1.0, right=Sampler[input=ConstMulSampler[left=CachingDensitySampler[id=56, input=YSampler[input=SubSampler[left=ConstSubSampler[left=1.0, right=ConstMulSampler[left=YSampler[input=Sampler[x=-2116, y=0, z=-2515, metric=EUCLIDEAN], y=0], right=0.024390243]], right=ConstMulSampler[left=ConstAddSampler[left=CachingDensitySampler[id=1, input=YSampler[input=Sampler[noise=net.minecraft.world.level.levelgen.synth.NoiseStack$Perlin@73507cdd, xzScale=1.0, yScale=0.0], y=0]], right=1.0], right=0.2]], y=0]], right=1.6666666], min=0.0, max=1.0]], right=3.1]], y=0]]], right=ConstantFunction[value=12.0]] ([303.9; 327.0]) and ConstantFunction[value=288.0] ([288.0; 288.0])
[12:00:10] [Worker-Main-3/WARN]: Compiling a MIN function between two non-overlapping inputs: BinaryFunction[type=SUB, left=PreparedCache[id=512, range=[315.9; 339.0], domainAxes=5, cachingSampler=CachingDensitySampler[id=512, input=YSampler[input=SubSampler[left=ConstSubSampler[left=334.0, right=ConstMulSampler[left=ConstSubSampler[left=1.0, right=CachingDensitySampler[id=215, input=YSampler[input=Sampler[noise=net.minecraft.world.level.levelgen.synth.NoiseStack$Perlin@3ee34dcd, xzScale=1.0, yScale=0.0], y=0]]], right=5.0]], right=ConstMulSampler[left=ConstSubSampler[left=1.0, right=Sampler[input=ConstMulSampler[left=CachingDensitySampler[id=56, input=YSampler[input=SubSampler[left=ConstSubSampler[left=1.0, right=ConstMulSampler[left=YSampler[input=Sampler[x=-2116, y=0, z=-2515, metric=EUCLIDEAN], y=0], right=0.024390243]], right=ConstMulSampler[left=ConstAddSampler[left=CachingDensitySampler[id=1, input=YSampler[input=Sampler[noise=net.minecraft.world.level.levelgen.synth.NoiseStack$Perlin@73507cdd, xzScale=1.0, yScale=0.0], y=0]], right=1.0], right=0.2]], y=0]], right=1.6666666], min=0.0, max=1.0]], right=3.1]], y=0]]], right=ConstantFunction[value=12.0]] ([303.9; 327.0]) and ConstantFunction[value=288.0] ([288.0; 288.0])
[12:00:10] [Worker-Main-3/WARN]: Compiling a MIN function between two non-overlapping inputs: BinaryFunction[type=SUB, left=PreparedCache[id=516, range=[-553.0; -507.0], domainAxes=5, cachingSampler=CachingDensitySampler[id=516, input=YSampler[input=SubSampler[left=ConstSubSampler[left=-516.0, right=ConstMulSampler[left=ConstSubSampler[left=1.0, right=CachingDensitySampler[id=215, input=YSampler[input=Sampler[noise=net.minecraft.world.level.levelgen.synth.NoiseStack$Perlin@3ee34dcd, xzScale=1.0, yScale=0.0], y=0]]], right=9.0]], right=ConstMulSampler[left=ConstSubSampler[left=1.0, right=Sampler[input=ConstMulSampler[left=CachingDensitySampler[id=180, input=YSampler[input=SubSampler[left=ConstSubSampler[left=1.0, right=ConstMulSampler[left=YSampler[input=Sampler[x=3163, y=0, z=341, metric=EUCLIDEAN], y=0], right=0.007633588]], right=ConstMulSampler[left=ConstAddSampler[left=CachingDensitySampler[id=1, input=YSampler[input=Sampler[noise=net.minecraft.world.level.levelgen.synth.NoiseStack$Perlin@73507cdd, xzScale=1.0, yScale=0.0], y=0]], right=1.0], right=0.2]], y=0]], right=1.6666666], min=0.0, max=1.0]], right=10.0]], y=0]]], right=ConstantFunction[value=12.0]] ([-565.0; -519.0]) and ConstantFunction[value=-570.0] ([-570.0; -570.0])
[12:00:10] [Worker-Main-3/WARN]: Compiling a MIN function between two non-overlapping inputs: BinaryFunction[type=SUB, left=PreparedCache[id=516, range=[-553.0; -507.0], domainAxes=5, cachingSampler=CachingDensitySampler[id=516, input=YSampler[input=SubSampler[left=ConstSubSampler[left=-516.0, right=ConstMulSampler[left=ConstSubSampler[left=1.0, right=CachingDensitySampler[id=215, input=YSampler[input=Sampler[noise=net.minecraft.world.level.levelgen.synth.NoiseStack$Perlin@3ee34dcd, xzScale=1.0, yScale=0.0], y=0]]], right=9.0]], right=ConstMulSampler[left=ConstSubSampler[left=1.0, right=Sampler[input=ConstMulSampler[left=CachingDensitySampler[id=180, input=YSampler[input=SubSampler[left=ConstSubSampler[left=1.0, right=ConstMulSampler[left=YSampler[input=Sampler[x=3163, y=0, z=341, metric=EUCLIDEAN], y=0], right=0.007633588]], right=ConstMulSampler[left=ConstAddSampler[left=CachingDensitySampler[id=1, input=YSampler[input=Sampler[noise=net.minecraft.world.level.levelgen.synth.NoiseStack$Perlin@73507cdd, xzScale=1.0, yScale=0.0], y=0]], right=1.0], right=0.2]], y=0]], right=1.6666666], min=0.0, max=1.0]], right=10.0]], y=0]]], right=ConstantFunction[value=12.0]] ([-565.0; -519.0]) and ConstantFunction[value=-570.0] ([-570.0; -570.0])
[12:00:10] [Worker-Main-3/WARN]: Compiling a MIN function between two non-overlapping inputs: BinaryFunction[type=SUB, left=PreparedCache[id=518, range=[-655.4; -611.0], domainAxes=5, cachingSampler=CachingDensitySampler[id=518, input=YSampler[input=SubSampler[left=ConstSubSampler[left=-620.0, right=ConstMulSampler[left=ConstSubSampler[left=1.0, right=CachingDensitySampler[id=215, input=YSampler[input=Sampler[noise=net.minecraft.world.level.levelgen.synth.NoiseStack$Perlin@3ee34dcd, xzScale=1.0, yScale=0.0], y=0]]], right=9.0]], right=ConstMulSampler[left=ConstSubSampler[left=1.0, right=Sampler[input=ConstMulSampler[left=CachingDensitySampler[id=193, input=YSampler[input=SubSampler[left=ConstSubSampler[left=1.0, right=ConstMulSampler[left=YSampler[input=Sampler[x=3486, y=0, z=-214, metric=EUCLIDEAN], y=0], right=0.012345679]], right=ConstMulSampler[left=ConstAddSampler[left=CachingDensitySampler[id=1, input=YSampler[input=Sampler[noise=net.minecraft.world.level.levelgen.synth.NoiseStack$Perlin@73507cdd, xzScale=1.0, yScale=0.0], y=0]], right=1.0], right=0.2]], y=0]], right=1.6666666], min=0.0, max=1.0]], right=8.4]], y=0]]], right=ConstantFunction[value=12.0]] ([-667.4; -623.0]) and ConstantFunction[value=-674.0] ([-674.0; -674.0])
[12:00:10] [Worker-Main-3/WARN]: Compiling a MIN function between two non-overlapping inputs: BinaryFunction[type=SUB, left=PreparedCache[id=518, range=[-655.4; -611.0], domainAxes=5, cachingSampler=CachingDensitySampler[id=518, input=YSampler[input=SubSampler[left=ConstSubSampler[left=-620.0, right=ConstMulSampler[left=ConstSubSampler[left=1.0, right=CachingDensitySampler[id=215, input=YSampler[input=Sampler[noise=net.minecraft.world.level.levelgen.synth.NoiseStack$Perlin@3ee34dcd, xzScale=1.0, yScale=0.0], y=0]]], right=9.0]], right=ConstMulSampler[left=ConstSubSampler[left=1.0, right=Sampler[input=ConstMulSampler[left=CachingDensitySampler[id=193, input=YSampler[input=SubSampler[left=ConstSubSampler[left=1.0, right=ConstMulSampler[left=YSampler[input=Sampler[x=3486, y=0, z=-214, metric=EUCLIDEAN], y=0], right=0.012345679]], right=ConstMulSampler[left=ConstAddSampler[left=CachingDensitySampler[id=1, input=YSampler[input=Sampler[noise=net.minecraft.world.level.levelgen.synth.NoiseStack$Perlin@73507cdd, xzScale=1.0, yScale=0.0], y=0]], right=1.0], right=0.2]], y=0]], right=1.6666666], min=0.0, max=1.0]], right=8.4]], y=0]]], right=ConstantFunction[value=12.0]] ([-667.4; -623.0]) and ConstantFunction[value=-674.0] ([-674.0; -674.0])
[12:00:10] [Worker-Main-3/WARN]: Compiling a MIN function between two non-overlapping inputs: BinaryFunction[type=SUB, left=PreparedCache[id=520, range=[-634.15; -569.25], domainAxes=5, cachingSampler=CachingDensitySampler[id=520, input=YSampler[input=SubSampler[left=ConstSubSampler[left=-584.0, right=ConstMulSampler[left=ConstSubSampler[left=1.0, right=CachingDensitySampler[id=215, input=YSampler[input=Sampler[noise=net.minecraft.world.level.levelgen.synth.NoiseStack$Perlin@3ee34dcd, xzScale=1.0, yScale=0.0], y=0]]], right=14.75]], right=ConstMulSampler[left=ConstSubSampler[left=1.0, right=Sampler[input=ConstMulSampler[left=CachingDensitySampler[id=207, input=YSampler[input=SubSampler[left=ConstSubSampler[left=1.0, right=ConstMulSampler[left=YSampler[input=Sampler[x=3661, y=0, z=-227, metric=EUCLIDEAN], y=0], right=0.016949153]], right=ConstMulSampler[left=ConstAddSampler[left=CachingDensitySampler[id=1, input=YSampler[input=Sampler[noise=net.minecraft.world.level.levelgen.synth.NoiseStack$Perlin@73507cdd, xzScale=1.0, yScale=0.0], y=0]], right=1.0], right=0.2]], y=0]], right=1.6666666], min=0.0, max=1.0]], right=5.9]], y=0]]], right=ConstantFunction[value=12.0]] ([-646.15; -581.25]) and ConstantFunction[value=-650.0] ([-650.0; -650.0])
[12:00:10] [Worker-Main-3/WARN]: Compiling a MIN function between two non-overlapping inputs: BinaryFunction[type=SUB, left=PreparedCache[id=520, range=[-634.15; -569.25], domainAxes=5, cachingSampler=CachingDensitySampler[id=520, input=YSampler[input=SubSampler[left=ConstSubSampler[left=-584.0, right=ConstMulSampler[left=ConstSubSampler[left=1.0, right=CachingDensitySampler[id=215, input=YSampler[input=Sampler[noise=net.minecraft.world.level.levelgen.synth.NoiseStack$Perlin@3ee34dcd, xzScale=1.0, yScale=0.0], y=0]]], right=14.75]], right=ConstMulSampler[left=ConstSubSampler[left=1.0, right=Sampler[input=ConstMulSampler[left=CachingDensitySampler[id=207, input=YSampler[input=SubSampler[left=ConstSubSampler[left=1.0, right=ConstMulSampler[left=YSampler[input=Sampler[x=3661, y=0, z=-227, metric=EUCLIDEAN], y=0], right=0.016949153]], right=ConstMulSampler[left=ConstAddSampler[left=CachingDensitySampler[id=1, input=YSampler[input=Sampler[noise=net.minecraft.world.level.levelgen.synth.NoiseStack$Perlin@73507cdd, xzScale=1.0, yScale=0.0], y=0]], right=1.0], right=0.2]], y=0]], right=1.6666666], min=0.0, max=1.0]], right=5.9]], y=0]]], right=ConstantFunction[value=12.0]] ([-646.15; -581.25]) and ConstantFunction[value=-650.0] ([-650.0; -650.0])
[12:00:10] [Worker-Main-3/WARN]: Compiling a MIN function between two non-overlapping inputs: BinaryFunction[type=SUB, left=PreparedCache[id=522, range=[-631.2; -591.0], domainAxes=5, cachingSampler=CachingDensitySampler[id=522, input=YSampler[input=SubSampler[left=ConstSubSampler[left=-600.0, right=ConstMulSampler[left=ConstSubSampler[left=1.0, right=CachingDensitySampler[id=215, input=YSampler[input=Sampler[noise=net.minecraft.world.level.levelgen.synth.NoiseStack$Perlin@3ee34dcd, xzScale=1.0, yScale=0.0], y=0]]], right=9.0]], right=ConstMulSampler[left=ConstSubSampler[left=1.0, right=Sampler[input=ConstMulSampler[left=CachingDensitySampler[id=196, input=YSampler[input=SubSampler[left=ConstSubSampler[left=1.0, right=ConstMulSampler[left=YSampler[input=Sampler[x=3477, y=0, z=610, metric=EUCLIDEAN], y=0], right=0.018867925]], right=ConstMulSampler[left=ConstAddSampler[left=CachingDensitySampler[id=1, input=YSampler[input=Sampler[noise=net.minecraft.world.level.levelgen.synth.NoiseStack$Perlin@73507cdd, xzScale=1.0, yScale=0.0], y=0]], right=1.0], right=0.2]], y=0]], right=1.6666666], min=0.0, max=1.0]], right=4.2]], y=0]]], right=ConstantFunction[value=12.0]] ([-643.2; -603.0]) and ConstantFunction[value=-654.0] ([-654.0; -654.0])
[12:00:10] [Worker-Main-3/WARN]: Compiling a MIN function between two non-overlapping inputs: BinaryFunction[type=SUB, left=PreparedCache[id=522, range=[-631.2; -591.0], domainAxes=5, cachingSampler=CachingDensitySampler[id=522, input=YSampler[input=SubSampler[left=ConstSubSampler[left=-600.0, right=ConstMulSampler[left=ConstSubSampler[left=1.0, right=CachingDensitySampler[id=215, input=YSampler[input=Sampler[noise=net.minecraft.world.level.levelgen.synth.NoiseStack$Perlin@3ee34dcd, xzScale=1.0, yScale=0.0], y=0]]], right=9.0]], right=ConstMulSampler[left=ConstSubSampler[left=1.0, right=Sampler[input=ConstMulSampler[left=CachingDensitySampler[id=196, input=YSampler[input=SubSampler[left=ConstSubSampler[left=1.0, right=ConstMulSampler[left=YSampler[input=Sampler[x=3477, y=0, z=610, metric=EUCLIDEAN], y=0], right=0.018867925]], right=ConstMulSampler[left=ConstAddSampler[left=CachingDensitySampler[id=1, input=YSampler[input=Sampler[noise=net.minecraft.world.level.levelgen.synth.NoiseStack$Perlin@73507cdd, xzScale=1.0, yScale=0.0], y=0]], right=1.0], right=0.2]], y=0]], right=1.6666666], min=0.0, max=1.0]], right=4.2]], y=0]]], right=ConstantFunction[value=12.0]] ([-643.2; -603.0]) and ConstantFunction[value=-654.0] ([-654.0; -654.0])
[12:00:10] [Worker-Main-3/WARN]: Compiling a MIN function between two non-overlapping inputs: BinaryFunction[type=SUB, left=PreparedCache[id=526, range=[880.9; 898.0], domainAxes=5, cachingSampler=CachingDensitySampler[id=526, input=YSampler[input=SubSampler[left=ConstSubSampler[left=896.0, right=ConstMulSampler[left=ConstSubSampler[left=1.0, right=CachingDensitySampler[id=215, input=YSampler[input=Sampler[noise=net.minecraft.world.level.levelgen.synth.NoiseStack$Perlin@3ee34dcd, xzScale=1.0, yScale=0.0], y=0]]], right=2.0]], right=ConstMulSampler[left=ConstSubSampler[left=1.0, right=Sampler[input=ConstMulSampler[left=CachingDensitySampler[id=81, input=YSampler[input=SubSampler[left=ConstSubSampler[left=1.0, right=ConstMulSampler[left=YSampler[input=Sampler[x=-1549, y=0, z=1519, metric=EUCLIDEAN], y=0], right=0.011904762]], right=ConstMulSampler[left=ConstAddSampler[left=CachingDensitySampler[id=1, input=YSampler[input=Sampler[noise=net.minecraft.world.level.levelgen.synth.NoiseStack$Perlin@73507cdd, xzScale=1.0, yScale=0.0], y=0]], right=1.0], right=0.2]], y=0]], right=1.6666666], min=0.0, max=1.0]], right=9.1]], y=0]]], right=ConstantFunction[value=12.0]] ([868.9; 886.0]) and ConstantFunction[value=856.0] ([856.0; 856.0])
[12:00:10] [Worker-Main-3/WARN]: Compiling a MIN function between two non-overlapping inputs: BinaryFunction[type=SUB, left=PreparedCache[id=526, range=[880.9; 898.0], domainAxes=5, cachingSampler=CachingDensitySampler[id=526, input=YSampler[input=SubSampler[left=ConstSubSampler[left=896.0, right=ConstMulSampler[left=ConstSubSampler[left=1.0, right=CachingDensitySampler[id=215, input=YSampler[input=Sampler[noise=net.minecraft.world.level.levelgen.synth.NoiseStack$Perlin@3ee34dcd, xzScale=1.0, yScale=0.0], y=0]]], right=2.0]], right=ConstMulSampler[left=ConstSubSampler[left=1.0, right=Sampler[input=ConstMulSampler[left=CachingDensitySampler[id=81, input=YSampler[input=SubSampler[left=ConstSubSampler[left=1.0, right=ConstMulSampler[left=YSampler[input=Sampler[x=-1549, y=0, z=1519, metric=EUCLIDEAN], y=0], right=0.011904762]], right=ConstMulSampler[left=ConstAddSampler[left=CachingDensitySampler[id=1, input=YSampler[input=Sampler[noise=net.minecraft.world.level.levelgen.synth.NoiseStack$Perlin@73507cdd, xzScale=1.0, yScale=0.0], y=0]], right=1.0], right=0.2]], y=0]], right=1.6666666], min=0.0, max=1.0]], right=9.1]], y=0]]], right=ConstantFunction[value=12.0]] ([868.9; 886.0]) and ConstantFunction[value=856.0] ([856.0; 856.0])
[12:00:10] [Worker-Main-3/WARN]: Compiling a MIN function between two non-overlapping inputs: BinaryFunction[type=SUB, left=PreparedCache[id=528, range=[1013.9; 1026.0], domainAxes=5, cachingSampler=CachingDensitySampler[id=528, input=YSampler[input=SubSampler[left=ConstSubSampler[left=1024.0, right=ConstMulSampler[left=ConstSubSampler[left=1.0, right=CachingDensitySampler[id=215, input=YSampler[input=Sampler[noise=net.minecraft.world.level.levelgen.synth.NoiseStack$Perlin@3ee34dcd, xzScale=1.0, yScale=0.0], y=0]]], right=2.0]], right=ConstMulSampler[left=ConstSubSampler[left=1.0, right=Sampler[input=ConstMulSampler[left=CachingDensitySampler[id=96, input=YSampler[input=SubSampler[left=ConstSubSampler[left=1.0, right=ConstMulSampler[left=YSampler[input=Sampler[x=-1110, y=0, z=1291, metric=EUCLIDEAN], y=0], right=0.018518519]], right=ConstMulSampler[left=ConstAddSampler[left=CachingDensitySampler[id=1, input=YSampler[input=Sampler[noise=net.minecraft.world.level.levelgen.synth.NoiseStack$Perlin@73507cdd, xzScale=1.0, yScale=0.0], y=0]], right=1.0], right=0.2]], y=0]], right=1.6666666], min=0.0, max=1.0]], right=4.1]], y=0]]], right=ConstantFunction[value=12.0]] ([1001.9; 1014.0]) and ConstantFunction[value=984.0] ([984.0; 984.0])
[12:00:10] [Worker-Main-3/WARN]: Compiling a MIN function between two non-overlapping inputs: BinaryFunction[type=SUB, left=PreparedCache[id=528, range=[1013.9; 1026.0], domainAxes=5, cachingSampler=CachingDensitySampler[id=528, input=YSampler[input=SubSampler[left=ConstSubSampler[left=1024.0, right=ConstMulSampler[left=ConstSubSampler[left=1.0, right=CachingDensitySampler[id=215, input=YSampler[input=Sampler[noise=net.minecraft.world.level.levelgen.synth.NoiseStack$Perlin@3ee34dcd, xzScale=1.0, yScale=0.0], y=0]]], right=2.0]], right=ConstMulSampler[left=ConstSubSampler[left=1.0, right=Sampler[input=ConstMulSampler[left=CachingDensitySampler[id=96, input=YSampler[input=SubSampler[left=ConstSubSampler[left=1.0, right=ConstMulSampler[left=YSampler[input=Sampler[x=-1110, y=0, z=1291, metric=EUCLIDEAN], y=0], right=0.018518519]], right=ConstMulSampler[left=ConstAddSampler[left=CachingDensitySampler[id=1, input=YSampler[input=Sampler[noise=net.minecraft.world.level.levelgen.synth.NoiseStack$Perlin@73507cdd, xzScale=1.0, yScale=0.0], y=0]], right=1.0], right=0.2]], y=0]], right=1.6666666], min=0.0, max=1.0]], right=4.1]], y=0]]], right=ConstantFunction[value=12.0]] ([1001.9; 1014.0]) and ConstantFunction[value=984.0] ([984.0; 984.0])
[12:00:10] [Worker-Main-3/WARN]: Compiling a MIN function between two non-overlapping inputs: BinaryFunction[type=SUB, left=PreparedCache[id=532, range=[878.5; 890.0], domainAxes=5, cachingSampler=CachingDensitySampler[id=532, input=YSampler[input=SubSampler[left=ConstSubSampler[left=888.0, right=ConstMulSampler[left=ConstSubSampler[left=1.0, right=CachingDensitySampler[id=215, input=YSampler[input=Sampler[noise=net.minecraft.world.level.levelgen.synth.NoiseStack$Perlin@3ee34dcd, xzScale=1.0, yScale=0.0], y=0]]], right=2.0]], right=ConstMulSampler[left=ConstSubSampler[left=1.0, right=Sampler[input=ConstMulSampler[left=CachingDensitySampler[id=95, input=YSampler[input=SubSampler[left=ConstSubSampler[left=1.0, right=ConstMulSampler[left=YSampler[input=Sampler[x=-1176, y=0, z=915, metric=EUCLIDEAN], y=0], right=0.02173913]], right=ConstMulSampler[left=ConstAddSampler[left=CachingDensitySampler[id=1, input=YSampler[input=Sampler[noise=net.minecraft.world.level.levelgen.synth.NoiseStack$Perlin@73507cdd, xzScale=1.0, yScale=0.0], y=0]], right=1.0], right=0.2]], y=0]], right=1.6666666], min=0.0, max=1.0]], right=3.5]], y=0]]], right=ConstantFunction[value=12.0]] ([866.5; 878.0]) and ConstantFunction[value=848.0] ([848.0; 848.0])
[12:00:10] [Worker-Main-3/WARN]: Compiling a MIN function between two non-overlapping inputs: BinaryFunction[type=SUB, left=PreparedCache[id=532, range=[878.5; 890.0], domainAxes=5, cachingSampler=CachingDensitySampler[id=532, input=YSampler[input=SubSampler[left=ConstSubSampler[left=888.0, right=ConstMulSampler[left=ConstSubSampler[left=1.0, right=CachingDensitySampler[id=215, input=YSampler[input=Sampler[noise=net.minecraft.world.level.levelgen.synth.NoiseStack$Perlin@3ee34dcd, xzScale=1.0, yScale=0.0], y=0]]], right=2.0]], right=ConstMulSampler[left=ConstSubSampler[left=1.0, right=Sampler[input=ConstMulSampler[left=CachingDensitySampler[id=95, input=YSampler[input=SubSampler[left=ConstSubSampler[left=1.0, right=ConstMulSampler[left=YSampler[input=Sampler[x=-1176, y=0, z=915, metric=EUCLIDEAN], y=0], right=0.02173913]], right=ConstMulSampler[left=ConstAddSampler[left=CachingDensitySampler[id=1, input=YSampler[input=Sampler[noise=net.minecraft.world.level.levelgen.synth.NoiseStack$Perlin@73507cdd, xzScale=1.0, yScale=0.0], y=0]], right=1.0], right=0.2]], y=0]], right=1.6666666], min=0.0, max=1.0]], right=3.5]], y=0]]], right=ConstantFunction[value=12.0]] ([866.5; 878.0]) and ConstantFunction[value=848.0] ([848.0; 848.0])
[12:00:10] [Worker-Main-3/WARN]: Compiling a MIN function between two non-overlapping inputs: BinaryFunction[type=SUB, left=PreparedCache[id=540, range=[866.2; 941.0], domainAxes=5, cachingSampler=CachingDensitySampler[id=540, input=YSampler[input=SubSampler[left=ConstSubSampler[left=924.0, right=ConstMulSampler[left=ConstSubSampler[left=1.0, right=CachingDensitySampler[id=215, input=YSampler[input=Sampler[noise=net.minecraft.world.level.levelgen.synth.NoiseStack$Perlin@3ee34dcd, xzScale=1.0, yScale=0.0], y=0]]], right=17.0]], right=ConstMulSampler[left=ConstSubSampler[left=1.0, right=Sampler[input=ConstMulSampler[left=CachingDensitySampler[id=114, input=YSampler[input=SubSampler[left=ConstSubSampler[left=1.0, right=ConstMulSampler[left=YSampler[input=Sampler[x=-290, y=0, z=-3701, metric=EUCLIDEAN], y=0], right=0.015151516]], right=ConstMulSampler[left=ConstAddSampler[left=CachingDensitySampler[id=1, input=YSampler[input=Sampler[noise=net.minecraft.world.level.levelgen.synth.NoiseStack$Perlin@73507cdd, xzScale=1.0, yScale=0.0], y=0]], right=1.0], right=0.2]], y=0]], right=1.6666666], min=0.0, max=1.0]], right=6.8]], y=0]]], right=ConstantFunction[value=12.0]] ([854.2; 929.0]) and ConstantFunction[value=854.0] ([854.0; 854.0])
[12:00:10] [Worker-Main-3/WARN]: Compiling a MIN function between two non-overlapping inputs: BinaryFunction[type=SUB, left=PreparedCache[id=540, range=[866.2; 941.0], domainAxes=5, cachingSampler=CachingDensitySampler[id=540, input=YSampler[input=SubSampler[left=ConstSubSampler[left=924.0, right=ConstMulSampler[left=ConstSubSampler[left=1.0, right=CachingDensitySampler[id=215, input=YSampler[input=Sampler[noise=net.minecraft.world.level.levelgen.synth.NoiseStack$Perlin@3ee34dcd, xzScale=1.0, yScale=0.0], y=0]]], right=17.0]], right=ConstMulSampler[left=ConstSubSampler[left=1.0, right=Sampler[input=ConstMulSampler[left=CachingDensitySampler[id=114, input=YSampler[input=SubSampler[left=ConstSubSampler[left=1.0, right=ConstMulSampler[left=YSampler[input=Sampler[x=-290, y=0, z=-3701, metric=EUCLIDEAN], y=0], right=0.015151516]], right=ConstMulSampler[left=ConstAddSampler[left=CachingDensitySampler[id=1, input=YSampler[input=Sampler[noise=net.minecraft.world.level.levelgen.synth.NoiseStack$Perlin@73507cdd, xzScale=1.0, yScale=0.0], y=0]], right=1.0], right=0.2]], y=0]], right=1.6666666], min=0.0, max=1.0]], right=6.8]], y=0]]], right=ConstantFunction[value=12.0]] ([854.2; 929.0]) and ConstantFunction[value=854.0] ([854.0; 854.0])
[12:00:10] [Worker-Main-3/WARN]: Compiling a MIN function between two non-overlapping inputs: BinaryFunction[type=SUB, left=PreparedCache[id=542, range=[797.25; 857.75], domainAxes=5, cachingSampler=CachingDensitySampler[id=542, input=YSampler[input=SubSampler[left=ConstSubSampler[left=844.0, right=ConstMulSampler[left=ConstSubSampler[left=1.0, right=CachingDensitySampler[id=215, input=YSampler[input=Sampler[noise=net.minecraft.world.level.levelgen.synth.NoiseStack$Perlin@3ee34dcd, xzScale=1.0, yScale=0.0], y=0]]], right=13.75]], right=ConstMulSampler[left=ConstSubSampler[left=1.0, right=Sampler[input=ConstMulSampler[left=CachingDensitySampler[id=123, input=YSampler[input=SubSampler[left=ConstSubSampler[left=1.0, right=ConstMulSampler[left=YSampler[input=Sampler[x=421, y=0, z=-3039, metric=EUCLIDEAN], y=0], right=0.018518519]], right=ConstMulSampler[left=ConstAddSampler[left=CachingDensitySampler[id=1, input=YSampler[input=Sampler[noise=net.minecraft.world.level.levelgen.synth.NoiseStack$Perlin@73507cdd, xzScale=1.0, yScale=0.0], y=0]], right=1.0], right=0.2]], y=0]], right=1.6666666], min=0.0, max=1.0]], right=5.5]], y=0]]], right=ConstantFunction[value=12.0]] ([785.25; 845.75]) and ConstantFunction[value=780.0] ([780.0; 780.0])
[12:00:10] [Worker-Main-3/WARN]: Compiling a MIN function between two non-overlapping inputs: BinaryFunction[type=SUB, left=PreparedCache[id=542, range=[797.25; 857.75], domainAxes=5, cachingSampler=CachingDensitySampler[id=542, input=YSampler[input=SubSampler[left=ConstSubSampler[left=844.0, right=ConstMulSampler[left=ConstSubSampler[left=1.0, right=CachingDensitySampler[id=215, input=YSampler[input=Sampler[noise=net.minecraft.world.level.levelgen.synth.NoiseStack$Perlin@3ee34dcd, xzScale=1.0, yScale=0.0], y=0]]], right=13.75]], right=ConstMulSampler[left=ConstSubSampler[left=1.0, right=Sampler[input=ConstMulSampler[left=CachingDensitySampler[id=123, input=YSampler[input=SubSampler[left=ConstSubSampler[left=1.0, right=ConstMulSampler[left=YSampler[input=Sampler[x=421, y=0, z=-3039, metric=EUCLIDEAN], y=0], right=0.018518519]], right=ConstMulSampler[left=ConstAddSampler[left=CachingDensitySampler[id=1, input=YSampler[input=Sampler[noise=net.minecraft.world.level.levelgen.synth.NoiseStack$Perlin@73507cdd, xzScale=1.0, yScale=0.0], y=0]], right=1.0], right=0.2]], y=0]], right=1.6666666], min=0.0, max=1.0]], right=5.5]], y=0]]], right=ConstantFunction[value=12.0]] ([785.25; 845.75]) and ConstantFunction[value=780.0] ([780.0; 780.0])
[12:00:10] [Worker-Main-3/WARN]: Compiling a MIN function between two non-overlapping inputs: BinaryFunction[type=SUB, left=PreparedCache[id=544, range=[936.3; 1003.0], domainAxes=5, cachingSampler=CachingDensitySampler[id=544, input=YSampler[input=SubSampler[left=ConstSubSampler[left=988.0, right=ConstMulSampler[left=ConstSubSampler[left=1.0, right=CachingDensitySampler[id=215, input=YSampler[input=Sampler[noise=net.minecraft.world.level.levelgen.synth.NoiseStack$Perlin@3ee34dcd, xzScale=1.0, yScale=0.0], y=0]]], right=15.0]], right=ConstMulSampler[left=ConstSubSampler[left=1.0, right=Sampler[input=ConstMulSampler[left=CachingDensitySampler[id=124, input=YSampler[input=SubSampler[left=ConstSubSampler[left=1.0, right=ConstMulSampler[left=YSampler[input=Sampler[x=522, y=0, z=-3468, metric=EUCLIDEAN], y=0], right=0.015873017]], right=ConstMulSampler[left=ConstAddSampler[left=CachingDensitySampler[id=1, input=YSampler[input=Sampler[noise=net.minecraft.world.level.levelgen.synth.NoiseStack$Perlin@73507cdd, xzScale=1.0, yScale=0.0], y=0]], right=1.0], right=0.2]], y=0]], right=1.6666666], min=0.0, max=1.0]], right=6.7]], y=0]]], right=ConstantFunction[value=12.0]] ([924.3; 991.0]) and ConstantFunction[value=922.0] ([922.0; 922.0])
[12:00:10] [Worker-Main-3/WARN]: Compiling a MIN function between two non-overlapping inputs: BinaryFunction[type=SUB, left=PreparedCache[id=544, range=[936.3; 1003.0], domainAxes=5, cachingSampler=CachingDensitySampler[id=544, input=YSampler[input=SubSampler[left=ConstSubSampler[left=988.0, right=ConstMulSampler[left=ConstSubSampler[left=1.0, right=CachingDensitySampler[id=215, input=YSampler[input=Sampler[noise=net.minecraft.world.level.levelgen.synth.NoiseStack$Perlin@3ee34dcd, xzScale=1.0, yScale=0.0], y=0]]], right=15.0]], right=ConstMulSampler[left=ConstSubSampler[left=1.0, right=Sampler[input=ConstMulSampler[left=CachingDensitySampler[id=124, input=YSampler[input=SubSampler[left=ConstSubSampler[left=1.0, right=ConstMulSampler[left=YSampler[input=Sampler[x=522, y=0, z=-3468, metric=EUCLIDEAN], y=0], right=0.015873017]], right=ConstMulSampler[left=ConstAddSampler[left=CachingDensitySampler[id=1, input=YSampler[input=Sampler[noise=net.minecraft.world.level.levelgen.synth.NoiseStack$Perlin@73507cdd, xzScale=1.0, yScale=0.0], y=0]], right=1.0], right=0.2]], y=0]], right=1.6666666], min=0.0, max=1.0]], right=6.7]], y=0]]], right=ConstantFunction[value=12.0]] ([924.3; 991.0]) and ConstantFunction[value=922.0] ([922.0; 922.0])
[12:00:10] [Worker-Main-3/WARN]: Compiling a MIN function between two non-overlapping inputs: BinaryFunction[type=SUB, left=PreparedCache[id=548, range=[-399.8; -370.0], domainAxes=5, cachingSampler=CachingDensitySampler[id=548, input=YSampler[input=SubSampler[left=ConstSubSampler[left=-376.0, right=ConstMulSampler[left=ConstSubSampler[left=1.0, right=CachingDensitySampler[id=215, input=YSampler[input=Sampler[noise=net.minecraft.world.level.levelgen.synth.NoiseStack$Perlin@3ee34dcd, xzScale=1.0, yScale=0.0], y=0]]], right=6.0]], right=ConstMulSampler[left=ConstSubSampler[left=1.0, right=Sampler[input=ConstMulSampler[left=CachingDensitySampler[id=5, input=YSampler[input=SubSampler[left=ConstSubSampler[left=1.0, right=ConstMulSampler[left=YSampler[input=Sampler[x=-3699, y=0, z=85, metric=EUCLIDEAN], y=0], right=0.017857144]], right=ConstMulSampler[left=ConstAddSampler[left=CachingDensitySampler[id=1, input=YSampler[input=Sampler[noise=net.minecraft.world.level.levelgen.synth.NoiseStack$Perlin@73507cdd, xzScale=1.0, yScale=0.0], y=0]], right=1.0], right=0.2]], y=0]], right=1.6666666], min=0.0, max=1.0]], right=5.8]], y=0]]], right=ConstantFunction[value=12.0]] ([-411.8; -382.0]) and ConstantFunction[value=-424.0] ([-424.0; -424.0])
[12:00:10] [Worker-Main-3/WARN]: Compiling a MIN function between two non-overlapping inputs: BinaryFunction[type=SUB, left=PreparedCache[id=548, range=[-399.8; -370.0], domainAxes=5, cachingSampler=CachingDensitySampler[id=548, input=YSampler[input=SubSampler[left=ConstSubSampler[left=-376.0, right=ConstMulSampler[left=ConstSubSampler[left=1.0, right=CachingDensitySampler[id=215, input=YSampler[input=Sampler[noise=net.minecraft.world.level.levelgen.synth.NoiseStack$Perlin@3ee34dcd, xzScale=1.0, yScale=0.0], y=0]]], right=6.0]], right=ConstMulSampler[left=ConstSubSampler[left=1.0, right=Sampler[input=ConstMulSampler[left=CachingDensitySampler[id=5, input=YSampler[input=SubSampler[left=ConstSubSampler[left=1.0, right=ConstMulSampler[left=YSampler[input=Sampler[x=-3699, y=0, z=85, metric=EUCLIDEAN], y=0], right=0.017857144]], right=ConstMulSampler[left=ConstAddSampler[left=CachingDensitySampler[id=1, input=YSampler[input=Sampler[noise=net.minecraft.world.level.levelgen.synth.NoiseStack$Perlin@73507cdd, xzScale=1.0, yScale=0.0], y=0]], right=1.0], right=0.2]], y=0]], right=1.6666666], min=0.0, max=1.0]], right=5.8]], y=0]]], right=ConstantFunction[value=12.0]] ([-411.8; -382.0]) and ConstantFunction[value=-424.0] ([-424.0; -424.0])
[12:00:10] [Worker-Main-3/WARN]: Compiling a MIN function between two non-overlapping inputs: BinaryFunction[type=SUB, left=PreparedCache[id=550, range=[-671.85; -604.75], domainAxes=5, cachingSampler=CachingDensitySampler[id=550, input=YSampler[input=SubSampler[left=ConstSubSampler[left=-620.0, right=ConstMulSampler[left=ConstSubSampler[left=1.0, right=CachingDensitySampler[id=215, input=YSampler[input=Sampler[noise=net.minecraft.world.level.levelgen.synth.NoiseStack$Perlin@3ee34dcd, xzScale=1.0, yScale=0.0], y=0]]], right=15.25]], right=ConstMulSampler[left=ConstSubSampler[left=1.0, right=Sampler[input=ConstMulSampler[left=CachingDensitySampler[id=6, input=YSampler[input=SubSampler[left=ConstSubSampler[left=1.0, right=ConstMulSampler[left=YSampler[input=Sampler[x=-3505, y=0, z=134, metric=EUCLIDEAN], y=0], right=0.015384615]], right=ConstMulSampler[left=ConstAddSampler[left=CachingDensitySampler[id=1, input=YSampler[input=Sampler[noise=net.minecraft.world.level.levelgen.synth.NoiseStack$Perlin@73507cdd, xzScale=1.0, yScale=0.0], y=0]], right=1.0], right=0.2]], y=0]], right=1.6666666], min=0.0, max=1.0]], right=6.1]], y=0]]], right=ConstantFunction[value=12.0]] ([-683.85; -616.75]) and ConstantFunction[value=-686.0] ([-686.0; -686.0])
[12:00:10] [Worker-Main-3/WARN]: Compiling a MIN function between two non-overlapping inputs: BinaryFunction[type=SUB, left=PreparedCache[id=550, range=[-671.85; -604.75], domainAxes=5, cachingSampler=CachingDensitySampler[id=550, input=YSampler[input=SubSampler[left=ConstSubSampler[left=-620.0, right=ConstMulSampler[left=ConstSubSampler[left=1.0, right=CachingDensitySampler[id=215, input=YSampler[input=Sampler[noise=net.minecraft.world.level.levelgen.synth.NoiseStack$Perlin@3ee34dcd, xzScale=1.0, yScale=0.0], y=0]]], right=15.25]], right=ConstMulSampler[left=ConstSubSampler[left=1.0, right=Sampler[input=ConstMulSampler[left=CachingDensitySampler[id=6, input=YSampler[input=SubSampler[left=ConstSubSampler[left=1.0, right=ConstMulSampler[left=YSampler[input=Sampler[x=-3505, y=0, z=134, metric=EUCLIDEAN], y=0], right=0.015384615]], right=ConstMulSampler[left=ConstAddSampler[left=CachingDensitySampler[id=1, input=YSampler[input=Sampler[noise=net.minecraft.world.level.levelgen.synth.NoiseStack$Perlin@73507cdd, xzScale=1.0, yScale=0.0], y=0]], right=1.0], right=0.2]], y=0]], right=1.6666666], min=0.0, max=1.0]], right=6.1]], y=0]]], right=ConstantFunction[value=12.0]] ([-683.85; -616.75]) and ConstantFunction[value=-686.0] ([-686.0; -686.0])
[12:00:10] [Worker-Main-3/WARN]: Compiling a MIN function between two non-overlapping inputs: BinaryFunction[type=SUB, left=PreparedCache[id=552, range=[-541.3; -477.5], domainAxes=5, cachingSampler=CachingDensitySampler[id=552, input=YSampler[input=SubSampler[left=ConstSubSampler[left=-492.0, right=ConstMulSampler[left=ConstSubSampler[left=1.0, right=CachingDensitySampler[id=215, input=YSampler[input=Sampler[noise=net.minecraft.world.level.levelgen.synth.NoiseStack$Perlin@3ee34dcd, xzScale=1.0, yScale=0.0], y=0]]], right=14.5]], right=ConstMulSampler[left=ConstSubSampler[left=1.0, right=Sampler[input=ConstMulSampler[left=CachingDensitySampler[id=7, input=YSampler[input=SubSampler[left=ConstSubSampler[left=1.0, right=ConstMulSampler[left=YSampler[input=Sampler[x=-3636, y=0, z=209, metric=EUCLIDEAN], y=0], right=0.016949153]], right=ConstMulSampler[left=ConstAddSampler[left=CachingDensitySampler[id=1, input=YSampler[input=Sampler[noise=net.minecraft.world.level.levelgen.synth.NoiseStack$Perlin@73507cdd, xzScale=1.0, yScale=0.0], y=0]], right=1.0], right=0.2]], y=0]], right=1.6666666], min=0.0, max=1.0]], right=5.8]], y=0]]], right=ConstantFunction[value=12.0]] ([-553.3; -489.5]) and ConstantFunction[value=-557.0] ([-557.0; -557.0])
[12:00:10] [Worker-Main-3/WARN]: Compiling a MIN function between two non-overlapping inputs: BinaryFunction[type=SUB, left=PreparedCache[id=552, range=[-541.3; -477.5], domainAxes=5, cachingSampler=CachingDensitySampler[id=552, input=YSampler[input=SubSampler[left=ConstSubSampler[left=-492.0, right=ConstMulSampler[left=ConstSubSampler[left=1.0, right=CachingDensitySampler[id=215, input=YSampler[input=Sampler[noise=net.minecraft.world.level.levelgen.synth.NoiseStack$Perlin@3ee34dcd, xzScale=1.0, yScale=0.0], y=0]]], right=14.5]], right=ConstMulSampler[left=ConstSubSampler[left=1.0, right=Sampler[input=ConstMulSampler[left=CachingDensitySampler[id=7, input=YSampler[input=SubSampler[left=ConstSubSampler[left=1.0, right=ConstMulSampler[left=YSampler[input=Sampler[x=-3636, y=0, z=209, metric=EUCLIDEAN], y=0], right=0.016949153]], right=ConstMulSampler[left=ConstAddSampler[left=CachingDensitySampler[id=1, input=YSampler[input=Sampler[noise=net.minecraft.world.level.levelgen.synth.NoiseStack$Perlin@73507cdd, xzScale=1.0, yScale=0.0], y=0]], right=1.0], right=0.2]], y=0]], right=1.6666666], min=0.0, max=1.0]], right=5.8]], y=0]]], right=ConstantFunction[value=12.0]] ([-553.3; -489.5]) and ConstantFunction[value=-557.0] ([-557.0; -557.0])
[12:00:10] [Worker-Main-3/WARN]: Compiling a MIN function between two non-overlapping inputs: BinaryFunction[type=SUB, left=PreparedCache[id=554, range=[-656.0; -622.0], domainAxes=5, cachingSampler=CachingDensitySampler[id=554, input=YSampler[input=SubSampler[left=ConstSubSampler[left=-628.0, right=ConstMulSampler[left=ConstSubSampler[left=1.0, right=CachingDensitySampler[id=215, input=YSampler[input=Sampler[noise=net.minecraft.world.level.levelgen.synth.NoiseStack$Perlin@3ee34dcd, xzScale=1.0, yScale=0.0], y=0]]], right=6.0]], right=ConstMulSampler[left=ConstSubSampler[left=1.0, right=Sampler[input=ConstMulSampler[left=CachingDensitySampler[id=23, input=YSampler[input=SubSampler[left=ConstSubSampler[left=1.0, right=ConstMulSampler[left=YSampler[input=Sampler[x=-3332, y=0, z=311, metric=EUCLIDEAN], y=0], right=0.0076923077]], right=ConstMulSampler[left=ConstAddSampler[left=CachingDensitySampler[id=1, input=YSampler[input=Sampler[noise=net.minecraft.world.level.levelgen.synth.NoiseStack$Perlin@73507cdd, xzScale=1.0, yScale=0.0], y=0]], right=1.0], right=0.2]], y=0]], right=1.6666666], min=0.0, max=1.0]], right=10.0]], y=0]]], right=ConstantFunction[value=12.0]] ([-668.0; -634.0]) and ConstantFunction[value=-676.0] ([-676.0; -676.0])
[12:00:10] [Worker-Main-3/WARN]: Compiling a MIN function between two non-overlapping inputs: BinaryFunction[type=SUB, left=PreparedCache[id=554, range=[-656.0; -622.0], domainAxes=5, cachingSampler=CachingDensitySampler[id=554, input=YSampler[input=SubSampler[left=ConstSubSampler[left=-628.0, right=ConstMulSampler[left=ConstSubSampler[left=1.0, right=CachingDensitySampler[id=215, input=YSampler[input=Sampler[noise=net.minecraft.world.level.levelgen.synth.NoiseStack$Perlin@3ee34dcd, xzScale=1.0, yScale=0.0], y=0]]], right=6.0]], right=ConstMulSampler[left=ConstSubSampler[left=1.0, right=Sampler[input=ConstMulSampler[left=CachingDensitySampler[id=23, input=YSampler[input=SubSampler[left=ConstSubSampler[left=1.0, right=ConstMulSampler[left=YSampler[input=Sampler[x=-3332, y=0, z=311, metric=EUCLIDEAN], y=0], right=0.0076923077]], right=ConstMulSampler[left=ConstAddSampler[left=CachingDensitySampler[id=1, input=YSampler[input=Sampler[noise=net.minecraft.world.level.levelgen.synth.NoiseStack$Perlin@73507cdd, xzScale=1.0, yScale=0.0], y=0]], right=1.0], right=0.2]], y=0]], right=1.6666666], min=0.0, max=1.0]], right=10.0]], y=0]]], right=ConstantFunction[value=12.0]] ([-668.0; -634.0]) and ConstantFunction[value=-676.0] ([-676.0; -676.0])
[12:00:10] [Worker-Main-3/WARN]: Compiling a MIN function between two non-overlapping inputs: BinaryFunction[type=SUB, left=PreparedCache[id=558, range=[499.0; 545.0], domainAxes=5, cachingSampler=CachingDensitySampler[id=558, input=YSampler[input=SubSampler[left=ConstSubSampler[left=536.0, right=ConstMulSampler[left=ConstSubSampler[left=1.0, right=CachingDensitySampler[id=215, input=YSampler[input=Sampler[noise=net.minecraft.world.level.levelgen.synth.NoiseStack$Perlin@3ee34dcd, xzScale=1.0, yScale=0.0], y=0]]], right=9.0]], right=ConstMulSampler[left=ConstSubSampler[left=1.0, right=Sampler[input=ConstMulSampler[left=CachingDensitySampler[id=38, input=YSampler[input=SubSampler[left=ConstSubSampler[left=1.0, right=ConstMulSampler[left=YSampler[input=Sampler[x=-2413, y=0, z=-802, metric=EUCLIDEAN], y=0], right=0.0061728396]], right=ConstMulSampler[left=ConstAddSampler[left=CachingDensitySampler[id=1, input=YSampler[input=Sampler[noise=net.minecraft.world.level.levelgen.synth.NoiseStack$Perlin@73507cdd, xzScale=1.0, yScale=0.0], y=0]], right=1.0], right=0.2]], y=0]], right=1.6666666], min=0.0, max=1.0]], right=10.0]], y=0]]], right=ConstantFunction[value=12.0]] ([487.0; 533.0]) and ConstantFunction[value=482.0] ([482.0; 482.0])
[12:00:10] [Worker-Main-3/WARN]: Compiling a MIN function between two non-overlapping inputs: BinaryFunction[type=SUB, left=PreparedCache[id=558, range=[499.0; 545.0], domainAxes=5, cachingSampler=CachingDensitySampler[id=558, input=YSampler[input=SubSampler[left=ConstSubSampler[left=536.0, right=ConstMulSampler[left=ConstSubSampler[left=1.0, right=CachingDensitySampler[id=215, input=YSampler[input=Sampler[noise=net.minecraft.world.level.levelgen.synth.NoiseStack$Perlin@3ee34dcd, xzScale=1.0, yScale=0.0], y=0]]], right=9.0]], right=ConstMulSampler[left=ConstSubSampler[left=1.0, right=Sampler[input=ConstMulSampler[left=CachingDensitySampler[id=38, input=YSampler[input=SubSampler[left=ConstSubSampler[left=1.0, right=ConstMulSampler[left=YSampler[input=Sampler[x=-2413, y=0, z=-802, metric=EUCLIDEAN], y=0], right=0.0061728396]], right=ConstMulSampler[left=ConstAddSampler[left=CachingDensitySampler[id=1, input=YSampler[input=Sampler[noise=net.minecraft.world.level.levelgen.synth.NoiseStack$Perlin@73507cdd, xzScale=1.0, yScale=0.0], y=0]], right=1.0], right=0.2]], y=0]], right=1.6666666], min=0.0, max=1.0]], right=10.0]], y=0]]], right=ConstantFunction[value=12.0]] ([487.0; 533.0]) and ConstantFunction[value=482.0] ([482.0; 482.0])
[12:00:10] [Worker-Main-3/WARN]: Compiling a MIN function between two non-overlapping inputs: BinaryFunction[type=SUB, left=PreparedCache[id=560, range=[510.1; 553.0], domainAxes=5, cachingSampler=CachingDensitySampler[id=560, input=YSampler[input=SubSampler[left=ConstSubSampler[left=544.0, right=ConstMulSampler[left=ConstSubSampler[left=1.0, right=CachingDensitySampler[id=215, input=YSampler[input=Sampler[noise=net.minecraft.world.level.levelgen.synth.NoiseStack$Perlin@3ee34dcd, xzScale=1.0, yScale=0.0], y=0]]], right=9.0]], right=ConstMulSampler[left=ConstSubSampler[left=1.0, right=Sampler[input=ConstMulSampler[left=CachingDensitySampler[id=77, input=YSampler[input=SubSampler[left=ConstSubSampler[left=1.0, right=ConstMulSampler[left=YSampler[input=Sampler[x=-1845, y=0, z=-405, metric=EUCLIDEAN], y=0], right=0.014492754]], right=ConstMulSampler[left=ConstAddSampler[left=CachingDensitySampler[id=1, input=YSampler[input=Sampler[noise=net.minecraft.world.level.levelgen.synth.NoiseStack$Perlin@73507cdd, xzScale=1.0, yScale=0.0], y=0]], right=1.0], right=0.2]], y=0]], right=1.6666666], min=0.0, max=1.0]], right=6.9]], y=0]]], right=ConstantFunction[value=12.0]] ([498.1; 541.0]) and ConstantFunction[value=490.0] ([490.0; 490.0])
[12:00:10] [Worker-Main-3/WARN]: Compiling a MIN function between two non-overlapping inputs: BinaryFunction[type=SUB, left=PreparedCache[id=560, range=[510.1; 553.0], domainAxes=5, cachingSampler=CachingDensitySampler[id=560, input=YSampler[input=SubSampler[left=ConstSubSampler[left=544.0, right=ConstMulSampler[left=ConstSubSampler[left=1.0, right=CachingDensitySampler[id=215, input=YSampler[input=Sampler[noise=net.minecraft.world.level.levelgen.synth.NoiseStack$Perlin@3ee34dcd, xzScale=1.0, yScale=0.0], y=0]]], right=9.0]], right=ConstMulSampler[left=ConstSubSampler[left=1.0, right=Sampler[input=ConstMulSampler[left=CachingDensitySampler[id=77, input=YSampler[input=SubSampler[left=ConstSubSampler[left=1.0, right=ConstMulSampler[left=YSampler[input=Sampler[x=-1845, y=0, z=-405, metric=EUCLIDEAN], y=0], right=0.014492754]], right=ConstMulSampler[left=ConstAddSampler[left=CachingDensitySampler[id=1, input=YSampler[input=Sampler[noise=net.minecraft.world.level.levelgen.synth.NoiseStack$Perlin@73507cdd, xzScale=1.0, yScale=0.0], y=0]], right=1.0], right=0.2]], y=0]], right=1.6666666], min=0.0, max=1.0]], right=6.9]], y=0]]], right=ConstantFunction[value=12.0]] ([498.1; 541.0]) and ConstantFunction[value=490.0] ([490.0; 490.0])
[12:00:10] [Worker-Main-3/WARN]: Compiling a MIN function between two non-overlapping inputs: BinaryFunction[type=SUB, left=PreparedCache[id=562, range=[463.9; 505.0], domainAxes=5, cachingSampler=CachingDensitySampler[id=562, input=YSampler[input=SubSampler[left=ConstSubSampler[left=496.0, right=ConstMulSampler[left=ConstSubSampler[left=1.0, right=CachingDensitySampler[id=215, input=YSampler[input=Sampler[noise=net.minecraft.world.level.levelgen.synth.NoiseStack$Perlin@3ee34dcd, xzScale=1.0, yScale=0.0], y=0]]], right=9.0]], right=ConstMulSampler[left=ConstSubSampler[left=1.0, right=Sampler[input=ConstMulSampler[left=CachingDensitySampler[id=58, input=YSampler[input=SubSampler[left=ConstSubSampler[left=1.0, right=ConstMulSampler[left=YSampler[input=Sampler[x=-1979, y=0, z=-1207, metric=EUCLIDEAN], y=0], right=0.015873017]], right=ConstMulSampler[left=ConstAddSampler[left=CachingDensitySampler[id=1, input=YSampler[input=Sampler[noise=net.minecraft.world.level.levelgen.synth.NoiseStack$Perlin@73507cdd, xzScale=1.0, yScale=0.0], y=0]], right=1.0], right=0.2]], y=0]], right=1.6666666], min=0.0, max=1.0]], right=5.1]], y=0]]], right=ConstantFunction[value=12.0]] ([451.9; 493.0]) and ConstantFunction[value=442.0] ([442.0; 442.0])
[12:00:10] [Worker-Main-3/WARN]: Compiling a MIN function between two non-overlapping inputs: BinaryFunction[type=SUB, left=PreparedCache[id=562, range=[463.9; 505.0], domainAxes=5, cachingSampler=CachingDensitySampler[id=562, input=YSampler[input=SubSampler[left=ConstSubSampler[left=496.0, right=ConstMulSampler[left=ConstSubSampler[left=1.0, right=CachingDensitySampler[id=215, input=YSampler[input=Sampler[noise=net.minecraft.world.level.levelgen.synth.NoiseStack$Perlin@3ee34dcd, xzScale=1.0, yScale=0.0], y=0]]], right=9.0]], right=ConstMulSampler[left=ConstSubSampler[left=1.0, right=Sampler[input=ConstMulSampler[left=CachingDensitySampler[id=58, input=YSampler[input=SubSampler[left=ConstSubSampler[left=1.0, right=ConstMulSampler[left=YSampler[input=Sampler[x=-1979, y=0, z=-1207, metric=EUCLIDEAN], y=0], right=0.015873017]], right=ConstMulSampler[left=ConstAddSampler[left=CachingDensitySampler[id=1, input=YSampler[input=Sampler[noise=net.minecraft.world.level.levelgen.synth.NoiseStack$Perlin@73507cdd, xzScale=1.0, yScale=0.0], y=0]], right=1.0], right=0.2]], y=0]], right=1.6666666], min=0.0, max=1.0]], right=5.1]], y=0]]], right=ConstantFunction[value=12.0]] ([451.9; 493.0]) and ConstantFunction[value=442.0] ([442.0; 442.0])
[12:00:10] [Worker-Main-3/WARN]: Compiling a MIN function between two non-overlapping inputs: BinaryFunction[type=SUB, left=PreparedCache[id=566, range=[988.9; 1044.0], domainAxes=5, cachingSampler=CachingDensitySampler[id=566, input=YSampler[input=SubSampler[left=ConstSubSampler[left=1032.0, right=ConstMulSampler[left=ConstSubSampler[left=1.0, right=CachingDensitySampler[id=215, input=YSampler[input=Sampler[noise=net.minecraft.world.level.levelgen.synth.NoiseStack$Perlin@3ee34dcd, xzScale=1.0, yScale=0.0], y=0]]], right=12.0]], right=ConstMulSampler[left=ConstSubSampler[left=1.0, right=Sampler[input=ConstMulSampler[left=CachingDensitySampler[id=10, input=YSampler[input=SubSampler[left=ConstSubSampler[left=1.0, right=ConstMulSampler[left=YSampler[input=Sampler[x=-3786, y=0, z=2031, metric=EUCLIDEAN], y=0], right=0.012048192]], right=ConstMulSampler[left=ConstAddSampler[left=CachingDensitySampler[id=1, input=YSampler[input=Sampler[noise=net.minecraft.world.level.levelgen.synth.NoiseStack$Perlin@73507cdd, xzScale=1.0, yScale=0.0], y=0]], right=1.0], right=0.2]], y=0]], right=1.6666666], min=0.0, max=1.0]], right=7.1]], y=0]]], right=ConstantFunction[value=12.0]] ([976.9; 1032.0]) and ConstantFunction[value=972.0] ([972.0; 972.0])
[12:00:10] [Worker-Main-3/WARN]: Compiling a MIN function between two non-overlapping inputs: BinaryFunction[type=SUB, left=PreparedCache[id=566, range=[988.9; 1044.0], domainAxes=5, cachingSampler=CachingDensitySampler[id=566, input=YSampler[input=SubSampler[left=ConstSubSampler[left=1032.0, right=ConstMulSampler[left=ConstSubSampler[left=1.0, right=CachingDensitySampler[id=215, input=YSampler[input=Sampler[noise=net.minecraft.world.level.levelgen.synth.NoiseStack$Perlin@3ee34dcd, xzScale=1.0, yScale=0.0], y=0]]], right=12.0]], right=ConstMulSampler[left=ConstSubSampler[left=1.0, right=Sampler[input=ConstMulSampler[left=CachingDensitySampler[id=10, input=YSampler[input=SubSampler[left=ConstSubSampler[left=1.0, right=ConstMulSampler[left=YSampler[input=Sampler[x=-3786, y=0, z=2031, metric=EUCLIDEAN], y=0], right=0.012048192]], right=ConstMulSampler[left=ConstAddSampler[left=CachingDensitySampler[id=1, input=YSampler[input=Sampler[noise=net.minecraft.world.level.levelgen.synth.NoiseStack$Perlin@73507cdd, xzScale=1.0, yScale=0.0], y=0]], right=1.0], right=0.2]], y=0]], right=1.6666666], min=0.0, max=1.0]], right=7.1]], y=0]]], right=ConstantFunction[value=12.0]] ([976.9; 1032.0]) and ConstantFunction[value=972.0] ([972.0; 972.0])
[12:00:10] [Worker-Main-3/WARN]: Compiling a MIN function between two non-overlapping inputs: BinaryFunction[type=SUB, left=PreparedCache[id=568, range=[964.6; 1015.0], domainAxes=5, cachingSampler=CachingDensitySampler[id=568, input=YSampler[input=SubSampler[left=ConstSubSampler[left=1004.0, right=ConstMulSampler[left=ConstSubSampler[left=1.0, right=CachingDensitySampler[id=215, input=YSampler[input=Sampler[noise=net.minecraft.world.level.levelgen.synth.NoiseStack$Perlin@3ee34dcd, xzScale=1.0, yScale=0.0], y=0]]], right=11.0]], right=ConstMulSampler[left=ConstSubSampler[left=1.0, right=Sampler[input=ConstMulSampler[left=CachingDensitySampler[id=13, input=YSampler[input=SubSampler[left=ConstSubSampler[left=1.0, right=ConstMulSampler[left=YSampler[input=Sampler[x=-3836, y=0, z=2716, metric=EUCLIDEAN], y=0], right=0.014084507]], right=ConstMulSampler[left=ConstAddSampler[left=CachingDensitySampler[id=1, input=YSampler[input=Sampler[noise=net.minecraft.world.level.levelgen.synth.NoiseStack$Perlin@73507cdd, xzScale=1.0, yScale=0.0], y=0]], right=1.0], right=0.2]], y=0]], right=1.6666666], min=0.0, max=1.0]], right=6.4]], y=0]]], right=ConstantFunction[value=12.0]] ([952.6; 1003.0]) and ConstantFunction[value=946.0] ([946.0; 946.0])
[12:00:10] [Worker-Main-3/WARN]: Compiling a MIN function between two non-overlapping inputs: BinaryFunction[type=SUB, left=PreparedCache[id=568, range=[964.6; 1015.0], domainAxes=5, cachingSampler=CachingDensitySampler[id=568, input=YSampler[input=SubSampler[left=ConstSubSampler[left=1004.0, right=ConstMulSampler[left=ConstSubSampler[left=1.0, right=CachingDensitySampler[id=215, input=YSampler[input=Sampler[noise=net.minecraft.world.level.levelgen.synth.NoiseStack$Perlin@3ee34dcd, xzScale=1.0, yScale=0.0], y=0]]], right=11.0]], right=ConstMulSampler[left=ConstSubSampler[left=1.0, right=Sampler[input=ConstMulSampler[left=CachingDensitySampler[id=13, input=YSampler[input=SubSampler[left=ConstSubSampler[left=1.0, right=ConstMulSampler[left=YSampler[input=Sampler[x=-3836, y=0, z=2716, metric=EUCLIDEAN], y=0], right=0.014084507]], right=ConstMulSampler[left=ConstAddSampler[left=CachingDensitySampler[id=1, input=YSampler[input=Sampler[noise=net.minecraft.world.level.levelgen.synth.NoiseStack$Perlin@73507cdd, xzScale=1.0, yScale=0.0], y=0]], right=1.0], right=0.2]], y=0]], right=1.6666666], min=0.0, max=1.0]], right=6.4]], y=0]]], right=ConstantFunction[value=12.0]] ([952.6; 1003.0]) and ConstantFunction[value=946.0] ([946.0; 946.0])
[12:00:10] [Worker-Main-3/WARN]: Compiling a MIN function between two non-overlapping inputs: BinaryFunction[type=SUB, left=PreparedCache[id=570, range=[795.7; 837.5], domainAxes=5, cachingSampler=CachingDensitySampler[id=570, input=YSampler[input=SubSampler[left=ConstSubSampler[left=828.0, right=ConstMulSampler[left=ConstSubSampler[left=1.0, right=CachingDensitySampler[id=215, input=YSampler[input=Sampler[noise=net.minecraft.world.level.levelgen.synth.NoiseStack$Perlin@3ee34dcd, xzScale=1.0, yScale=0.0], y=0]]], right=9.5]], right=ConstMulSampler[left=ConstSubSampler[left=1.0, right=Sampler[input=ConstMulSampler[left=CachingDensitySampler[id=12, input=YSampler[input=SubSampler[left=ConstSubSampler[left=1.0, right=ConstMulSampler[left=YSampler[input=Sampler[x=-3889, y=0, z=2559, metric=EUCLIDEAN], y=0], right=0.021276595]], right=ConstMulSampler[left=ConstAddSampler[left=CachingDensitySampler[id=1, input=YSampler[input=Sampler[noise=net.minecraft.world.level.levelgen.synth.NoiseStack$Perlin@73507cdd, xzScale=1.0, yScale=0.0], y=0]], right=1.0], right=0.2]], y=0]], right=1.6666666], min=0.0, max=1.0]], right=3.8]], y=0]]], right=ConstantFunction[value=12.0]] ([783.7; 825.5]) and ConstantFunction[value=773.0] ([773.0; 773.0])
[12:00:10] [Worker-Main-3/WARN]: Compiling a MIN function between two non-overlapping inputs: BinaryFunction[type=SUB, left=PreparedCache[id=570, range=[795.7; 837.5], domainAxes=5, cachingSampler=CachingDensitySampler[id=570, input=YSampler[input=SubSampler[left=ConstSubSampler[left=828.0, right=ConstMulSampler[left=ConstSubSampler[left=1.0, right=CachingDensitySampler[id=215, input=YSampler[input=Sampler[noise=net.minecraft.world.level.levelgen.synth.NoiseStack$Perlin@3ee34dcd, xzScale=1.0, yScale=0.0], y=0]]], right=9.5]], right=ConstMulSampler[left=ConstSubSampler[left=1.0, right=Sampler[input=ConstMulSampler[left=CachingDensitySampler[id=12, input=YSampler[input=SubSampler[left=ConstSubSampler[left=1.0, right=ConstMulSampler[left=YSampler[input=Sampler[x=-3889, y=0, z=2559, metric=EUCLIDEAN], y=0], right=0.021276595]], right=ConstMulSampler[left=ConstAddSampler[left=CachingDensitySampler[id=1, input=YSampler[input=Sampler[noise=net.minecraft.world.level.levelgen.synth.NoiseStack$Perlin@73507cdd, xzScale=1.0, yScale=0.0], y=0]], right=1.0], right=0.2]], y=0]], right=1.6666666], min=0.0, max=1.0]], right=3.8]], y=0]]], right=ConstantFunction[value=12.0]] ([783.7; 825.5]) and ConstantFunction[value=773.0] ([773.0; 773.0])
[12:00:10] [Worker-Main-3/WARN]: Compiling a MIN function between two non-overlapping inputs: BinaryFunction[type=SUB, left=PreparedCache[id=572, range=[976.1; 1032.0], domainAxes=5, cachingSampler=CachingDensitySampler[id=572, input=YSampler[input=SubSampler[left=ConstSubSampler[left=1020.0, right=ConstMulSampler[left=ConstSubSampler[left=1.0, right=CachingDensitySampler[id=215, input=YSampler[input=Sampler[noise=net.minecraft.world.level.levelgen.synth.NoiseStack$Perlin@3ee34dcd, xzScale=1.0, yScale=0.0], y=0]]], right=12.0]], right=ConstMulSampler[left=ConstSubSampler[left=1.0, right=Sampler[input=ConstMulSampler[left=CachingDensitySampler[id=14, input=YSampler[input=SubSampler[left=ConstSubSampler[left=1.0, right=ConstMulSampler[left=YSampler[input=Sampler[x=-3688, y=0, z=2866, metric=EUCLIDEAN], y=0], right=0.012048192]], right=ConstMulSampler[left=ConstAddSampler[left=CachingDensitySampler[id=1, input=YSampler[input=Sampler[noise=net.minecraft.world.level.levelgen.synth.NoiseStack$Perlin@73507cdd, xzScale=1.0, yScale=0.0], y=0]], right=1.0], right=0.2]], y=0]], right=1.6666666], min=0.0, max=1.0]], right=7.9]], y=0]]], right=ConstantFunction[value=12.0]] ([964.1; 1020.0]) and ConstantFunction[value=960.0] ([960.0; 960.0])
[12:00:10] [Worker-Main-3/WARN]: Compiling a MIN function between two non-overlapping inputs: BinaryFunction[type=SUB, left=PreparedCache[id=572, range=[976.1; 1032.0], domainAxes=5, cachingSampler=CachingDensitySampler[id=572, input=YSampler[input=SubSampler[left=ConstSubSampler[left=1020.0, right=ConstMulSampler[left=ConstSubSampler[left=1.0, right=CachingDensitySampler[id=215, input=YSampler[input=Sampler[noise=net.minecraft.world.level.levelgen.synth.NoiseStack$Perlin@3ee34dcd, xzScale=1.0, yScale=0.0], y=0]]], right=12.0]], right=ConstMulSampler[left=ConstSubSampler[left=1.0, right=Sampler[input=ConstMulSampler[left=CachingDensitySampler[id=14, input=YSampler[input=SubSampler[left=ConstSubSampler[left=1.0, right=ConstMulSampler[left=YSampler[input=Sampler[x=-3688, y=0, z=2866, metric=EUCLIDEAN], y=0], right=0.012048192]], right=ConstMulSampler[left=ConstAddSampler[left=CachingDensitySampler[id=1, input=YSampler[input=Sampler[noise=net.minecraft.world.level.levelgen.synth.NoiseStack$Perlin@73507cdd, xzScale=1.0, yScale=0.0], y=0]], right=1.0], right=0.2]], y=0]], right=1.6666666], min=0.0, max=1.0]], right=7.9]], y=0]]], right=ConstantFunction[value=12.0]] ([964.1; 1020.0]) and ConstantFunction[value=960.0] ([960.0; 960.0])
[12:00:10] [Worker-Main-3/WARN]: Compiling a MIN function between two non-overlapping inputs: BinaryFunction[type=SUB, left=PreparedCache[id=574, range=[1016.7; 1067.0], domainAxes=5, cachingSampler=CachingDensitySampler[id=574, input=YSampler[input=SubSampler[left=ConstSubSampler[left=1056.0, right=ConstMulSampler[left=ConstSubSampler[left=1.0, right=CachingDensitySampler[id=215, input=YSampler[input=Sampler[noise=net.minecraft.world.level.levelgen.synth.NoiseStack$Perlin@3ee34dcd, xzScale=1.0, yScale=0.0], y=0]]], right=11.0]], right=ConstMulSampler[left=ConstSubSampler[left=1.0, right=Sampler[input=ConstMulSampler[left=CachingDensitySampler[id=28, input=YSampler[input=SubSampler[left=ConstSubSampler[left=1.0, right=ConstMulSampler[left=YSampler[input=Sampler[x=-3407, y=0, z=2103, metric=EUCLIDEAN], y=0], right=0.016949153]], right=ConstMulSampler[left=ConstAddSampler[left=CachingDensitySampler[id=1, input=YSampler[input=Sampler[noise=net.minecraft.world.level.levelgen.synth.NoiseStack$Perlin@73507cdd, xzScale=1.0, yScale=0.0], y=0]], right=1.0], right=0.2]], y=0]], right=1.6666666], min=0.0, max=1.0]], right=6.3]], y=0]]], right=ConstantFunction[value=12.0]] ([1004.7; 1055.0]) and ConstantFunction[value=998.0] ([998.0; 998.0])
[12:00:10] [Worker-Main-3/WARN]: Compiling a MIN function between two non-overlapping inputs: BinaryFunction[type=SUB, left=PreparedCache[id=574, range=[1016.7; 1067.0], domainAxes=5, cachingSampler=CachingDensitySampler[id=574, input=YSampler[input=SubSampler[left=ConstSubSampler[left=1056.0, right=ConstMulSampler[left=ConstSubSampler[left=1.0, right=CachingDensitySampler[id=215, input=YSampler[input=Sampler[noise=net.minecraft.world.level.levelgen.synth.NoiseStack$Perlin@3ee34dcd, xzScale=1.0, yScale=0.0], y=0]]], right=11.0]], right=ConstMulSampler[left=ConstSubSampler[left=1.0, right=Sampler[input=ConstMulSampler[left=CachingDensitySampler[id=28, input=YSampler[input=SubSampler[left=ConstSubSampler[left=1.0, right=ConstMulSampler[left=YSampler[input=Sampler[x=-3407, y=0, z=2103, metric=EUCLIDEAN], y=0], right=0.016949153]], right=ConstMulSampler[left=ConstAddSampler[left=CachingDensitySampler[id=1, input=YSampler[input=Sampler[noise=net.minecraft.world.level.levelgen.synth.NoiseStack$Perlin@73507cdd, xzScale=1.0, yScale=0.0], y=0]], right=1.0], right=0.2]], y=0]], right=1.6666666], min=0.0, max=1.0]], right=6.3]], y=0]]], right=ConstantFunction[value=12.0]] ([1004.7; 1055.0]) and ConstantFunction[value=998.0] ([998.0; 998.0])
[12:00:10] [Worker-Main-3/WARN]: Compiling a MIN function between two non-overlapping inputs: BinaryFunction[type=SUB, left=PreparedCache[id=580, range=[312.95; 371.25], domainAxes=5, cachingSampler=CachingDensitySampler[id=580, input=YSampler[input=SubSampler[left=ConstSubSampler[left=358.0, right=ConstMulSampler[left=ConstSubSampler[left=1.0, right=CachingDensitySampler[id=215, input=YSampler[input=Sampler[noise=net.minecraft.world.level.levelgen.synth.NoiseStack$Perlin@3ee34dcd, xzScale=1.0, yScale=0.0], y=0]]], right=13.25]], right=ConstMulSampler[left=ConstSubSampler[left=1.0, right=Sampler[input=ConstMulSampler[left=CachingDensitySampler[id=29, input=YSampler[input=SubSampler[left=ConstSubSampler[left=1.0, right=ConstMulSampler[left=YSampler[input=Sampler[x=-3082, y=0, z=2802, metric=EUCLIDEAN], y=0], right=0.01754386]], right=ConstMulSampler[left=ConstAddSampler[left=CachingDensitySampler[id=1, input=YSampler[input=Sampler[noise=net.minecraft.world.level.levelgen.synth.NoiseStack$Perlin@73507cdd, xzScale=1.0, yScale=0.0], y=0]], right=1.0], right=0.2]], y=0]], right=1.6666666], min=0.0, max=1.0]], right=5.3]], y=0]]], right=ConstantFunction[value=12.0]] ([300.95; 359.25]) and ConstantFunction[value=296.0] ([296.0; 296.0])
[12:00:10] [Worker-Main-3/WARN]: Compiling a MIN function between two non-overlapping inputs: BinaryFunction[type=SUB, left=PreparedCache[id=580, range=[312.95; 371.25], domainAxes=5, cachingSampler=CachingDensitySampler[id=580, input=YSampler[input=SubSampler[left=ConstSubSampler[left=358.0, right=ConstMulSampler[left=ConstSubSampler[left=1.0, right=CachingDensitySampler[id=215, input=YSampler[input=Sampler[noise=net.minecraft.world.level.levelgen.synth.NoiseStack$Perlin@3ee34dcd, xzScale=1.0, yScale=0.0], y=0]]], right=13.25]], right=ConstMulSampler[left=ConstSubSampler[left=1.0, right=Sampler[input=ConstMulSampler[left=CachingDensitySampler[id=29, input=YSampler[input=SubSampler[left=ConstSubSampler[left=1.0, right=ConstMulSampler[left=YSampler[input=Sampler[x=-3082, y=0, z=2802, metric=EUCLIDEAN], y=0], right=0.01754386]], right=ConstMulSampler[left=ConstAddSampler[left=CachingDensitySampler[id=1, input=YSampler[input=Sampler[noise=net.minecraft.world.level.levelgen.synth.NoiseStack$Perlin@73507cdd, xzScale=1.0, yScale=0.0], y=0]], right=1.0], right=0.2]], y=0]], right=1.6666666], min=0.0, max=1.0]], right=5.3]], y=0]]], right=ConstantFunction[value=12.0]] ([300.95; 359.25]) and ConstantFunction[value=296.0] ([296.0; 296.0])
[12:00:10] [Worker-Main-3/WARN]: Compiling a MIN function between two non-overlapping inputs: BinaryFunction[type=SUB, left=PreparedCache[id=582, range=[171.5; 226.5], domainAxes=5, cachingSampler=CachingDensitySampler[id=582, input=YSampler[input=SubSampler[left=ConstSubSampler[left=214.0, right=ConstMulSampler[left=ConstSubSampler[left=1.0, right=CachingDensitySampler[id=215, input=YSampler[input=Sampler[noise=net.minecraft.world.level.levelgen.synth.NoiseStack$Perlin@3ee34dcd, xzScale=1.0, yScale=0.0], y=0]]], right=12.5]], right=ConstMulSampler[left=ConstSubSampler[left=1.0, right=Sampler[input=ConstMulSampler[left=CachingDensitySampler[id=48, input=YSampler[input=SubSampler[left=ConstSubSampler[left=1.0, right=ConstMulSampler[left=YSampler[input=Sampler[x=-2487, y=0, z=2807, metric=EUCLIDEAN], y=0], right=0.016129032]], right=ConstMulSampler[left=ConstAddSampler[left=CachingDensitySampler[id=1, input=YSampler[input=Sampler[noise=net.minecraft.world.level.levelgen.synth.NoiseStack$Perlin@73507cdd, xzScale=1.0, yScale=0.0], y=0]], right=1.0], right=0.2]], y=0]], right=1.6666666], min=0.0, max=1.0]], right=5.0]], y=0]]], right=ConstantFunction[value=12.0]] ([159.5; 214.5]) and ConstantFunction[value=153.0] ([153.0; 153.0])
[12:00:10] [Worker-Main-3/WARN]: Compiling a MIN function between two non-overlapping inputs: BinaryFunction[type=SUB, left=PreparedCache[id=582, range=[171.5; 226.5], domainAxes=5, cachingSampler=CachingDensitySampler[id=582, input=YSampler[input=SubSampler[left=ConstSubSampler[left=214.0, right=ConstMulSampler[left=ConstSubSampler[left=1.0, right=CachingDensitySampler[id=215, input=YSampler[input=Sampler[noise=net.minecraft.world.level.levelgen.synth.NoiseStack$Perlin@3ee34dcd, xzScale=1.0, yScale=0.0], y=0]]], right=12.5]], right=ConstMulSampler[left=ConstSubSampler[left=1.0, right=Sampler[input=ConstMulSampler[left=CachingDensitySampler[id=48, input=YSampler[input=SubSampler[left=ConstSubSampler[left=1.0, right=ConstMulSampler[left=YSampler[input=Sampler[x=-2487, y=0, z=2807, metric=EUCLIDEAN], y=0], right=0.016129032]], right=ConstMulSampler[left=ConstAddSampler[left=CachingDensitySampler[id=1, input=YSampler[input=Sampler[noise=net.minecraft.world.level.levelgen.synth.NoiseStack$Perlin@73507cdd, xzScale=1.0, yScale=0.0], y=0]], right=1.0], right=0.2]], y=0]], right=1.6666666], min=0.0, max=1.0]], right=5.0]], y=0]]], right=ConstantFunction[value=12.0]] ([159.5; 214.5]) and ConstantFunction[value=153.0] ([153.0; 153.0])
[12:00:10] [Worker-Main-3/WARN]: Compiling a MIN function between two non-overlapping inputs: BinaryFunction[type=SUB, left=PreparedCache[id=584, range=[190.1; 220.0], domainAxes=5, cachingSampler=CachingDensitySampler[id=584, input=YSampler[input=SubSampler[left=ConstSubSampler[left=214.0, right=ConstMulSampler[left=ConstSubSampler[left=1.0, right=CachingDensitySampler[id=215, input=YSampler[input=Sampler[noise=net.minecraft.world.level.levelgen.synth.NoiseStack$Perlin@3ee34dcd, xzScale=1.0, yScale=0.0], y=0]]], right=6.0]], right=ConstMulSampler[left=ConstSubSampler[left=1.0, right=Sampler[input=ConstMulSampler[left=CachingDensitySampler[id=65, input=YSampler[input=SubSampler[left=ConstSubSampler[left=1.0, right=ConstMulSampler[left=YSampler[input=Sampler[x=-2402, y=0, z=2668, metric=EUCLIDEAN], y=0], right=0.016666668]], right=ConstMulSampler[left=ConstAddSampler[left=CachingDensitySampler[id=1, input=YSampler[input=Sampler[noise=net.minecraft.world.level.levelgen.synth.NoiseStack$Perlin@73507cdd, xzScale=1.0, yScale=0.0], y=0]], right=1.0], right=0.2]], y=0]], right=1.6666666], min=0.0, max=1.0]], right=5.9]], y=0]]], right=ConstantFunction[value=12.0]] ([178.1; 208.0]) and ConstantFunction[value=166.0] ([166.0; 166.0])
[12:00:10] [Worker-Main-3/WARN]: Compiling a MIN function between two non-overlapping inputs: BinaryFunction[type=SUB, left=PreparedCache[id=584, range=[190.1; 220.0], domainAxes=5, cachingSampler=CachingDensitySampler[id=584, input=YSampler[input=SubSampler[left=ConstSubSampler[left=214.0, right=ConstMulSampler[left=ConstSubSampler[left=1.0, right=CachingDensitySampler[id=215, input=YSampler[input=Sampler[noise=net.minecraft.world.level.levelgen.synth.NoiseStack$Perlin@3ee34dcd, xzScale=1.0, yScale=0.0], y=0]]], right=6.0]], right=ConstMulSampler[left=ConstSubSampler[left=1.0, right=Sampler[input=ConstMulSampler[left=CachingDensitySampler[id=65, input=YSampler[input=SubSampler[left=ConstSubSampler[left=1.0, right=ConstMulSampler[left=YSampler[input=Sampler[x=-2402, y=0, z=2668, metric=EUCLIDEAN], y=0], right=0.016666668]], right=ConstMulSampler[left=ConstAddSampler[left=CachingDensitySampler[id=1, input=YSampler[input=Sampler[noise=net.minecraft.world.level.levelgen.synth.NoiseStack$Perlin@73507cdd, xzScale=1.0, yScale=0.0], y=0]], right=1.0], right=0.2]], y=0]], right=1.6666666], min=0.0, max=1.0]], right=5.9]], y=0]]], right=ConstantFunction[value=12.0]] ([178.1; 208.0]) and ConstantFunction[value=166.0] ([166.0; 166.0])
[12:00:10] [Worker-Main-3/WARN]: Compiling a MIN function between two non-overlapping inputs: BinaryFunction[type=SUB, left=PreparedCache[id=586, range=[102.55; 143.25], domainAxes=5, cachingSampler=CachingDensitySampler[id=586, input=YSampler[input=SubSampler[left=ConstSubSampler[left=134.0, right=ConstMulSampler[left=ConstSubSampler[left=1.0, right=CachingDensitySampler[id=215, input=YSampler[input=Sampler[noise=net.minecraft.world.level.levelgen.synth.NoiseStack$Perlin@3ee34dcd, xzScale=1.0, yScale=0.0], y=0]]], right=9.25]], right=ConstMulSampler[left=ConstSubSampler[left=1.0, right=Sampler[input=ConstMulSampler[left=CachingDensitySampler[id=63, input=YSampler[input=SubSampler[left=ConstSubSampler[left=1.0, right=ConstMulSampler[left=YSampler[input=Sampler[x=-2291, y=0, z=2571, metric=EUCLIDEAN], y=0], right=0.02173913]], right=ConstMulSampler[left=ConstAddSampler[left=CachingDensitySampler[id=1, input=YSampler[input=Sampler[noise=net.minecraft.world.level.levelgen.synth.NoiseStack$Perlin@73507cdd, xzScale=1.0, yScale=0.0], y=0]], right=1.0], right=0.2]], y=0]], right=1.6666666], min=0.0, max=1.0]], right=3.7]], y=0]]], right=ConstantFunction[value=12.0]] ([90.55; 131.25]) and ConstantFunction[value=80.0] ([80.0; 80.0])
[12:00:10] [Worker-Main-3/WARN]: Compiling a MIN function between two non-overlapping inputs: BinaryFunction[type=SUB, left=PreparedCache[id=586, range=[102.55; 143.25], domainAxes=5, cachingSampler=CachingDensitySampler[id=586, input=YSampler[input=SubSampler[left=ConstSubSampler[left=134.0, right=ConstMulSampler[left=ConstSubSampler[left=1.0, right=CachingDensitySampler[id=215, input=YSampler[input=Sampler[noise=net.minecraft.world.level.levelgen.synth.NoiseStack$Perlin@3ee34dcd, xzScale=1.0, yScale=0.0], y=0]]], right=9.25]], right=ConstMulSampler[left=ConstSubSampler[left=1.0, right=Sampler[input=ConstMulSampler[left=CachingDensitySampler[id=63, input=YSampler[input=SubSampler[left=ConstSubSampler[left=1.0, right=ConstMulSampler[left=YSampler[input=Sampler[x=-2291, y=0, z=2571, metric=EUCLIDEAN], y=0], right=0.02173913]], right=ConstMulSampler[left=ConstAddSampler[left=CachingDensitySampler[id=1, input=YSampler[input=Sampler[noise=net.minecraft.world.level.levelgen.synth.NoiseStack$Perlin@73507cdd, xzScale=1.0, yScale=0.0], y=0]], right=1.0], right=0.2]], y=0]], right=1.6666666], min=0.0, max=1.0]], right=3.7]], y=0]]], right=ConstantFunction[value=12.0]] ([90.55; 131.25]) and ConstantFunction[value=80.0] ([80.0; 80.0])
[12:00:10] [Worker-Main-3/WARN]: Compiling a MIN function between two non-overlapping inputs: BinaryFunction[type=SUB, left=PreparedCache[id=600, range=[-285.0; -245.0], domainAxes=7, cachingSampler=CachingDensitySampler[id=600, input=AddSampler[left=YSampler[input=SubSampler[left=ConstSubSampler[left=-260.0, right=ConstMulSampler[left=ConstSubSampler[left=1.0, right=CachingDensitySampler[id=215, input=YSampler[input=Sampler[noise=net.minecraft.world.level.levelgen.synth.NoiseStack$Perlin@3ee34dcd, xzScale=1.0, yScale=0.0], y=0]]], right=2.5]], right=ConstMulSampler[left=ConstSubSampler[left=1.0, right=Sampler[input=ConstMulSampler[left=CachingDensitySampler[id=198, input=YSampler[input=SubSampler[left=ConstSubSampler[left=1.0, right=ConstMulSampler[left=YSampler[input=Sampler[x=3700, y=0, z=2200, metric=EUCLIDEAN], y=0], right=0.004237288]], right=ConstMulSampler[left=ConstAddSampler[left=CachingDensitySampler[id=1, input=YSampler[input=Sampler[noise=net.minecraft.world.level.levelgen.synth.NoiseStack$Perlin@73507cdd, xzScale=1.0, yScale=0.0], y=0]], right=1.0], right=0.2]], y=0]], right=1.6666666], min=0.0, max=1.0]], right=10.0]], y=0], right=MulSampler[left=Sampler[input=ConstMulSampler[left=ConstSubSampler[left=20.0, right=Sampler[x=3754, y=0, z=2177, metric=EUCLIDEAN]], right=0.125], min=0.0, max=1.0], right=YSampler[input=ConstSubSampler[left=-265.0, right=SubSampler[left=ConstSubSampler[left=-260.0, right=ConstMulSampler[left=ConstSubSampler[left=1.0, right=CachingDensitySampler[id=215, input=YSampler[input=Sampler[noise=net.minecraft.world.level.levelgen.synth.NoiseStack$Perlin@3ee34dcd, xzScale=1.0, yScale=0.0], y=0]]], right=2.5]], right=ConstMulSampler[left=ConstSubSampler[left=1.0, right=Sampler[input=ConstMulSampler[left=CachingDensitySampler[id=198, input=YSampler[input=SubSampler[left=ConstSubSampler[left=1.0, right=ConstMulSampler[left=YSampler[input=Sampler[x=3700, y=0, z=2200, metric=EUCLIDEAN], y=0], right=0.004237288]], right=ConstMulSampler[left=ConstAddSampler[left=CachingDensitySampler[id=1, input=YSampler[input=Sampler[noise=net.minecraft.world.level.levelgen.synth.NoiseStack$Perlin@73507cdd, xzScale=1.0, yScale=0.0], y=0]], right=1.0], right=0.2]], y=0]], right=1.6666666], min=0.0, max=1.0]], right=10.0]]], y=0]]]]], right=ConstantFunction[value=12.0]] ([-297.0; -257.0]) and ConstantFunction[value=-301.0] ([-301.0; -301.0])
[12:00:10] [Worker-Main-3/WARN]: Compiling a MIN function between two non-overlapping inputs: BinaryFunction[type=SUB, left=PreparedCache[id=600, range=[-285.0; -245.0], domainAxes=7, cachingSampler=CachingDensitySampler[id=600, input=AddSampler[left=YSampler[input=SubSampler[left=ConstSubSampler[left=-260.0, right=ConstMulSampler[left=ConstSubSampler[left=1.0, right=CachingDensitySampler[id=215, input=YSampler[input=Sampler[noise=net.minecraft.world.level.levelgen.synth.NoiseStack$Perlin@3ee34dcd, xzScale=1.0, yScale=0.0], y=0]]], right=2.5]], right=ConstMulSampler[left=ConstSubSampler[left=1.0, right=Sampler[input=ConstMulSampler[left=CachingDensitySampler[id=198, input=YSampler[input=SubSampler[left=ConstSubSampler[left=1.0, right=ConstMulSampler[left=YSampler[input=Sampler[x=3700, y=0, z=2200, metric=EUCLIDEAN], y=0], right=0.004237288]], right=ConstMulSampler[left=ConstAddSampler[left=CachingDensitySampler[id=1, input=YSampler[input=Sampler[noise=net.minecraft.world.level.levelgen.synth.NoiseStack$Perlin@73507cdd, xzScale=1.0, yScale=0.0], y=0]], right=1.0], right=0.2]], y=0]], right=1.6666666], min=0.0, max=1.0]], right=10.0]], y=0], right=MulSampler[left=Sampler[input=ConstMulSampler[left=ConstSubSampler[left=20.0, right=Sampler[x=3754, y=0, z=2177, metric=EUCLIDEAN]], right=0.125], min=0.0, max=1.0], right=YSampler[input=ConstSubSampler[left=-265.0, right=SubSampler[left=ConstSubSampler[left=-260.0, right=ConstMulSampler[left=ConstSubSampler[left=1.0, right=CachingDensitySampler[id=215, input=YSampler[input=Sampler[noise=net.minecraft.world.level.levelgen.synth.NoiseStack$Perlin@3ee34dcd, xzScale=1.0, yScale=0.0], y=0]]], right=2.5]], right=ConstMulSampler[left=ConstSubSampler[left=1.0, right=Sampler[input=ConstMulSampler[left=CachingDensitySampler[id=198, input=YSampler[input=SubSampler[left=ConstSubSampler[left=1.0, right=ConstMulSampler[left=YSampler[input=Sampler[x=3700, y=0, z=2200, metric=EUCLIDEAN], y=0], right=0.004237288]], right=ConstMulSampler[left=ConstAddSampler[left=CachingDensitySampler[id=1, input=YSampler[input=Sampler[noise=net.minecraft.world.level.levelgen.synth.NoiseStack$Perlin@73507cdd, xzScale=1.0, yScale=0.0], y=0]], right=1.0], right=0.2]], y=0]], right=1.6666666], min=0.0, max=1.0]], right=10.0]]], y=0]]]]], right=ConstantFunction[value=12.0]] ([-297.0; -257.0]) and ConstantFunction[value=-301.0] ([-301.0; -301.0])
[12:00:10] [Worker-Main-3/WARN]: Compiling a MIN function between two non-overlapping inputs: BinaryFunction[type=SUB, left=PreparedCache[id=602, range=[-226.9; -209.5], domainAxes=5, cachingSampler=CachingDensitySampler[id=602, input=YSampler[input=SubSampler[left=ConstSubSampler[left=-212.0, right=ConstMulSampler[left=ConstSubSampler[left=1.0, right=CachingDensitySampler[id=215, input=YSampler[input=Sampler[noise=net.minecraft.world.level.levelgen.synth.NoiseStack$Perlin@3ee34dcd, xzScale=1.0, yScale=0.0], y=0]]], right=2.5]], right=ConstMulSampler[left=ConstSubSampler[left=1.0, right=Sampler[input=ConstMulSampler[left=CachingDensitySampler[id=199, input=YSampler[input=SubSampler[left=ConstSubSampler[left=1.0, right=ConstMulSampler[left=YSampler[input=Sampler[x=3313, y=0, z=2142, metric=EUCLIDEAN], y=0], right=0.0125]], right=ConstMulSampler[left=ConstAddSampler[left=CachingDensitySampler[id=1, input=YSampler[input=Sampler[noise=net.minecraft.world.level.levelgen.synth.NoiseStack$Perlin@73507cdd, xzScale=1.0, yScale=0.0], y=0]], right=1.0], right=0.2]], y=0]], right=1.6666666], min=0.0, max=1.0]], right=7.4]], y=0]]], right=ConstantFunction[value=12.0]] ([-238.9; -221.5]) and ConstantFunction[value=-253.0] ([-253.0; -253.0])
[12:00:10] [Worker-Main-3/WARN]: Compiling a MIN function between two non-overlapping inputs: BinaryFunction[type=SUB, left=PreparedCache[id=602, range=[-226.9; -209.5], domainAxes=5, cachingSampler=CachingDensitySampler[id=602, input=YSampler[input=SubSampler[left=ConstSubSampler[left=-212.0, right=ConstMulSampler[left=ConstSubSampler[left=1.0, right=CachingDensitySampler[id=215, input=YSampler[input=Sampler[noise=net.minecraft.world.level.levelgen.synth.NoiseStack$Perlin@3ee34dcd, xzScale=1.0, yScale=0.0], y=0]]], right=2.5]], right=ConstMulSampler[left=ConstSubSampler[left=1.0, right=Sampler[input=ConstMulSampler[left=CachingDensitySampler[id=199, input=YSampler[input=SubSampler[left=ConstSubSampler[left=1.0, right=ConstMulSampler[left=YSampler[input=Sampler[x=3313, y=0, z=2142, metric=EUCLIDEAN], y=0], right=0.0125]], right=ConstMulSampler[left=ConstAddSampler[left=CachingDensitySampler[id=1, input=YSampler[input=Sampler[noise=net.minecraft.world.level.levelgen.synth.NoiseStack$Perlin@73507cdd, xzScale=1.0, yScale=0.0], y=0]], right=1.0], right=0.2]], y=0]], right=1.6666666], min=0.0, max=1.0]], right=7.4]], y=0]]], right=ConstantFunction[value=12.0]] ([-238.9; -221.5]) and ConstantFunction[value=-253.0] ([-253.0; -253.0])
[12:00:10] [Worker-Main-3/WARN]: Compiling a MIN function between two non-overlapping inputs: BinaryFunction[type=SUB, left=PreparedCache[id=604, range=[-129.5; -109.5], domainAxes=5, cachingSampler=CachingDensitySampler[id=604, input=YSampler[input=SubSampler[left=ConstSubSampler[left=-112.0, right=ConstMulSampler[left=ConstSubSampler[left=1.0, right=CachingDensitySampler[id=215, input=YSampler[input=Sampler[noise=net.minecraft.world.level.levelgen.synth.NoiseStack$Perlin@3ee34dcd, xzScale=1.0, yScale=0.0], y=0]]], right=2.5]], right=ConstMulSampler[left=ConstSubSampler[left=1.0, right=Sampler[input=ConstMulSampler[left=CachingDensitySampler[id=200, input=YSampler[input=SubSampler[left=ConstSubSampler[left=1.0, right=ConstMulSampler[left=YSampler[input=Sampler[x=3232, y=0, z=2331, metric=EUCLIDEAN], y=0], right=0.00990099]], right=ConstMulSampler[left=ConstAddSampler[left=CachingDensitySampler[id=1, input=YSampler[input=Sampler[noise=net.minecraft.world.level.levelgen.synth.NoiseStack$Perlin@73507cdd, xzScale=1.0, yScale=0.0], y=0]], right=1.0], right=0.2]], y=0]], right=1.6666666], min=0.0, max=1.0]], right=10.0]], y=0]]], right=ConstantFunction[value=12.0]] ([-141.5; -121.5]) and ConstantFunction[value=-153.0] ([-153.0; -153.0])
[12:00:10] [Worker-Main-3/WARN]: Compiling a MIN function between two non-overlapping inputs: BinaryFunction[type=SUB, left=PreparedCache[id=604, range=[-129.5; -109.5], domainAxes=5, cachingSampler=CachingDensitySampler[id=604, input=YSampler[input=SubSampler[left=ConstSubSampler[left=-112.0, right=ConstMulSampler[left=ConstSubSampler[left=1.0, right=CachingDensitySampler[id=215, input=YSampler[input=Sampler[noise=net.minecraft.world.level.levelgen.synth.NoiseStack$Perlin@3ee34dcd, xzScale=1.0, yScale=0.0], y=0]]], right=2.5]], right=ConstMulSampler[left=ConstSubSampler[left=1.0, right=Sampler[input=ConstMulSampler[left=CachingDensitySampler[id=200, input=YSampler[input=SubSampler[left=ConstSubSampler[left=1.0, right=ConstMulSampler[left=YSampler[input=Sampler[x=3232, y=0, z=2331, metric=EUCLIDEAN], y=0], right=0.00990099]], right=ConstMulSampler[left=ConstAddSampler[left=CachingDensitySampler[id=1, input=YSampler[input=Sampler[noise=net.minecraft.world.level.levelgen.synth.NoiseStack$Perlin@73507cdd, xzScale=1.0, yScale=0.0], y=0]], right=1.0], right=0.2]], y=0]], right=1.6666666], min=0.0, max=1.0]], right=10.0]], y=0]]], right=ConstantFunction[value=12.0]] ([-141.5; -121.5]) and ConstantFunction[value=-153.0] ([-153.0; -153.0])
[12:00:10] [Worker-Main-3/WARN]: Compiling a MIN function between two non-overlapping inputs: BinaryFunction[type=SUB, left=PreparedCache[id=606, range=[-223.2; -209.5], domainAxes=5, cachingSampler=CachingDensitySampler[id=606, input=YSampler[input=SubSampler[left=ConstSubSampler[left=-212.0, right=ConstMulSampler[left=ConstSubSampler[left=1.0, right=CachingDensitySampler[id=215, input=YSampler[input=Sampler[noise=net.minecraft.world.level.levelgen.synth.NoiseStack$Perlin@3ee34dcd, xzScale=1.0, yScale=0.0], y=0]]], right=2.5]], right=ConstMulSampler[left=ConstSubSampler[left=1.0, right=Sampler[input=ConstMulSampler[left=CachingDensitySampler[id=202, input=YSampler[input=SubSampler[left=ConstSubSampler[left=1.0, right=ConstMulSampler[left=YSampler[input=Sampler[x=3537, y=0, z=2473, metric=EUCLIDEAN], y=0], right=0.023255814]], right=ConstMulSampler[left=ConstAddSampler[left=CachingDensitySampler[id=1, input=YSampler[input=Sampler[noise=net.minecraft.world.level.levelgen.synth.NoiseStack$Perlin@73507cdd, xzScale=1.0, yScale=0.0], y=0]], right=1.0], right=0.2]], y=0]], right=1.6666666], min=0.0, max=1.0]], right=3.7]], y=0]]], right=ConstantFunction[value=12.0]] ([-235.2; -221.5]) and ConstantFunction[value=-253.0] ([-253.0; -253.0])
[12:00:10] [Worker-Main-3/WARN]: Compiling a MIN function between two non-overlapping inputs: BinaryFunction[type=SUB, left=PreparedCache[id=606, range=[-223.2; -209.5], domainAxes=5, cachingSampler=CachingDensitySampler[id=606, input=YSampler[input=SubSampler[left=ConstSubSampler[left=-212.0, right=ConstMulSampler[left=ConstSubSampler[left=1.0, right=CachingDensitySampler[id=215, input=YSampler[input=Sampler[noise=net.minecraft.world.level.levelgen.synth.NoiseStack$Perlin@3ee34dcd, xzScale=1.0, yScale=0.0], y=0]]], right=2.5]], right=ConstMulSampler[left=ConstSubSampler[left=1.0, right=Sampler[input=ConstMulSampler[left=CachingDensitySampler[id=202, input=YSampler[input=SubSampler[left=ConstSubSampler[left=1.0, right=ConstMulSampler[left=YSampler[input=Sampler[x=3537, y=0, z=2473, metric=EUCLIDEAN], y=0], right=0.023255814]], right=ConstMulSampler[left=ConstAddSampler[left=CachingDensitySampler[id=1, input=YSampler[input=Sampler[noise=net.minecraft.world.level.levelgen.synth.NoiseStack$Perlin@73507cdd, xzScale=1.0, yScale=0.0], y=0]], right=1.0], right=0.2]], y=0]], right=1.6666666], min=0.0, max=1.0]], right=3.7]], y=0]]], right=ConstantFunction[value=12.0]] ([-235.2; -221.5]) and ConstantFunction[value=-253.0] ([-253.0; -253.0])
[12:00:10] [Worker-Main-3/WARN]: Compiling a MIN function between two non-overlapping inputs: BinaryFunction[type=SUB, left=PreparedCache[id=608, range=[-268.0; -253.5], domainAxes=5, cachingSampler=CachingDensitySampler[id=608, input=YSampler[input=SubSampler[left=ConstSubSampler[left=-256.0, right=ConstMulSampler[left=ConstSubSampler[left=1.0, right=CachingDensitySampler[id=215, input=YSampler[input=Sampler[noise=net.minecraft.world.level.levelgen.synth.NoiseStack$Perlin@3ee34dcd, xzScale=1.0, yScale=0.0], y=0]]], right=2.5]], right=ConstMulSampler[left=ConstSubSampler[left=1.0, right=Sampler[input=ConstMulSampler[left=CachingDensitySampler[id=184, input=YSampler[input=SubSampler[left=ConstSubSampler[left=1.0, right=ConstMulSampler[left=YSampler[input=Sampler[x=3104, y=0, z=2470, metric=EUCLIDEAN], y=0], right=0.018181818]], right=ConstMulSampler[left=ConstAddSampler[left=CachingDensitySampler[id=1, input=YSampler[input=Sampler[noise=net.minecraft.world.level.levelgen.synth.NoiseStack$Perlin@73507cdd, xzScale=1.0, yScale=0.0], y=0]], right=1.0], right=0.2]], y=0]], right=1.6666666], min=0.0, max=1.0]], right=4.5]], y=0]]], right=ConstantFunction[value=12.0]] ([-280.0; -265.5]) and ConstantFunction[value=-297.0] ([-297.0; -297.0])
[12:00:10] [Worker-Main-3/WARN]: Compiling a MIN function between two non-overlapping inputs: BinaryFunction[type=SUB, left=PreparedCache[id=608, range=[-268.0; -253.5], domainAxes=5, cachingSampler=CachingDensitySampler[id=608, input=YSampler[input=SubSampler[left=ConstSubSampler[left=-256.0, right=ConstMulSampler[left=ConstSubSampler[left=1.0, right=CachingDensitySampler[id=215, input=YSampler[input=Sampler[noise=net.minecraft.world.level.levelgen.synth.NoiseStack$Perlin@3ee34dcd, xzScale=1.0, yScale=0.0], y=0]]], right=2.5]], right=ConstMulSampler[left=ConstSubSampler[left=1.0, right=Sampler[input=ConstMulSampler[left=CachingDensitySampler[id=184, input=YSampler[input=SubSampler[left=ConstSubSampler[left=1.0, right=ConstMulSampler[left=YSampler[input=Sampler[x=3104, y=0, z=2470, metric=EUCLIDEAN], y=0], right=0.018181818]], right=ConstMulSampler[left=ConstAddSampler[left=CachingDensitySampler[id=1, input=YSampler[input=Sampler[noise=net.minecraft.world.level.levelgen.synth.NoiseStack$Perlin@73507cdd, xzScale=1.0, yScale=0.0], y=0]], right=1.0], right=0.2]], y=0]], right=1.6666666], min=0.0, max=1.0]], right=4.5]], y=0]]], right=ConstantFunction[value=12.0]] ([-280.0; -265.5]) and ConstantFunction[value=-297.0] ([-297.0; -297.0])
[12:00:10] [Worker-Main-3/WARN]: Compiling a MIN function between two non-overlapping inputs: BinaryFunction[type=SUB, left=PreparedCache[id=616, range=[223.0; 269.0], domainAxes=5, cachingSampler=CachingDensitySampler[id=616, input=YSampler[input=SubSampler[left=ConstSubSampler[left=260.0, right=ConstMulSampler[left=ConstSubSampler[left=1.0, right=CachingDensitySampler[id=215, input=YSampler[input=Sampler[noise=net.minecraft.world.level.levelgen.synth.NoiseStack$Perlin@3ee34dcd, xzScale=1.0, yScale=0.0], y=0]]], right=9.0]], right=ConstMulSampler[left=ConstSubSampler[left=1.0, right=Sampler[input=ConstMulSampler[left=CachingDensitySampler[id=145, input=YSampler[input=SubSampler[left=ConstSubSampler[left=1.0, right=ConstMulSampler[left=YSampler[input=Sampler[x=1285, y=0, z=1603, metric=EUCLIDEAN], y=0], right=0.007633588]], right=ConstMulSampler[left=ConstAddSampler[left=CachingDensitySampler[id=1, input=YSampler[input=Sampler[noise=net.minecraft.world.level.levelgen.synth.NoiseStack$Perlin@73507cdd, xzScale=1.0, yScale=0.0], y=0]], right=1.0], right=0.2]], y=0]], right=1.6666666], min=0.0, max=1.0]], right=10.0]], y=0]]], right=ConstantFunction[value=12.0]] ([211.0; 257.0]) and ConstantFunction[value=206.0] ([206.0; 206.0])
[12:00:10] [Worker-Main-3/WARN]: Compiling a MIN function between two non-overlapping inputs: BinaryFunction[type=SUB, left=PreparedCache[id=616, range=[223.0; 269.0], domainAxes=5, cachingSampler=CachingDensitySampler[id=616, input=YSampler[input=SubSampler[left=ConstSubSampler[left=260.0, right=ConstMulSampler[left=ConstSubSampler[left=1.0, right=CachingDensitySampler[id=215, input=YSampler[input=Sampler[noise=net.minecraft.world.level.levelgen.synth.NoiseStack$Perlin@3ee34dcd, xzScale=1.0, yScale=0.0], y=0]]], right=9.0]], right=ConstMulSampler[left=ConstSubSampler[left=1.0, right=Sampler[input=ConstMulSampler[left=CachingDensitySampler[id=145, input=YSampler[input=SubSampler[left=ConstSubSampler[left=1.0, right=ConstMulSampler[left=YSampler[input=Sampler[x=1285, y=0, z=1603, metric=EUCLIDEAN], y=0], right=0.007633588]], right=ConstMulSampler[left=ConstAddSampler[left=CachingDensitySampler[id=1, input=YSampler[input=Sampler[noise=net.minecraft.world.level.levelgen.synth.NoiseStack$Perlin@73507cdd, xzScale=1.0, yScale=0.0], y=0]], right=1.0], right=0.2]], y=0]], right=1.6666666], min=0.0, max=1.0]], right=10.0]], y=0]]], right=ConstantFunction[value=12.0]] ([211.0; 257.0]) and ConstantFunction[value=206.0] ([206.0; 206.0])
[12:00:10] [Worker-Main-3/WARN]: Compiling a MIN function between two non-overlapping inputs: BinaryFunction[type=SUB, left=PreparedCache[id=618, range=[99.45; 146.75], domainAxes=5, cachingSampler=CachingDensitySampler[id=618, input=YSampler[input=SubSampler[left=ConstSubSampler[left=136.0, right=ConstMulSampler[left=ConstSubSampler[left=1.0, right=CachingDensitySampler[id=215, input=YSampler[input=Sampler[noise=net.minecraft.world.level.levelgen.synth.NoiseStack$Perlin@3ee34dcd, xzScale=1.0, yScale=0.0], y=0]]], right=10.75]], right=ConstMulSampler[left=ConstSubSampler[left=1.0, right=Sampler[input=ConstMulSampler[left=CachingDensitySampler[id=73, input=YSampler[input=SubSampler[left=ConstSubSampler[left=1.0, right=ConstMulSampler[left=YSampler[input=Sampler[x=-1498, y=0, z=-1813, metric=EUCLIDEAN], y=0], right=0.021276595]], right=ConstMulSampler[left=ConstAddSampler[left=CachingDensitySampler[id=1, input=YSampler[input=Sampler[noise=net.minecraft.world.level.levelgen.synth.NoiseStack$Perlin@73507cdd, xzScale=1.0, yScale=0.0], y=0]], right=1.0], right=0.2]], y=0]], right=1.6666666], min=0.0, max=1.0]], right=4.3]], y=0]]], right=ConstantFunction[value=12.0]] ([87.45; 134.75]) and ConstantFunction[value=78.0] ([78.0; 78.0])
[12:00:10] [Worker-Main-3/WARN]: Compiling a MIN function between two non-overlapping inputs: BinaryFunction[type=SUB, left=PreparedCache[id=618, range=[99.45; 146.75], domainAxes=5, cachingSampler=CachingDensitySampler[id=618, input=YSampler[input=SubSampler[left=ConstSubSampler[left=136.0, right=ConstMulSampler[left=ConstSubSampler[left=1.0, right=CachingDensitySampler[id=215, input=YSampler[input=Sampler[noise=net.minecraft.world.level.levelgen.synth.NoiseStack$Perlin@3ee34dcd, xzScale=1.0, yScale=0.0], y=0]]], right=10.75]], right=ConstMulSampler[left=ConstSubSampler[left=1.0, right=Sampler[input=ConstMulSampler[left=CachingDensitySampler[id=73, input=YSampler[input=SubSampler[left=ConstSubSampler[left=1.0, right=ConstMulSampler[left=YSampler[input=Sampler[x=-1498, y=0, z=-1813, metric=EUCLIDEAN], y=0], right=0.021276595]], right=ConstMulSampler[left=ConstAddSampler[left=CachingDensitySampler[id=1, input=YSampler[input=Sampler[noise=net.minecraft.world.level.levelgen.synth.NoiseStack$Perlin@73507cdd, xzScale=1.0, yScale=0.0], y=0]], right=1.0], right=0.2]], y=0]], right=1.6666666], min=0.0, max=1.0]], right=4.3]], y=0]]], right=ConstantFunction[value=12.0]] ([87.45; 134.75]) and ConstantFunction[value=78.0] ([78.0; 78.0])
[12:00:10] [Worker-Main-3/WARN]: Compiling a MIN function between two non-overlapping inputs: BinaryFunction[type=SUB, left=PreparedCache[id=620, range=[353.85; 418.75], domainAxes=5, cachingSampler=CachingDensitySampler[id=620, input=YSampler[input=SubSampler[left=ConstSubSampler[left=404.0, right=ConstMulSampler[left=ConstSubSampler[left=1.0, right=CachingDensitySampler[id=215, input=YSampler[input=Sampler[noise=net.minecraft.world.level.levelgen.synth.NoiseStack$Perlin@3ee34dcd, xzScale=1.0, yScale=0.0], y=0]]], right=14.75]], right=ConstMulSampler[left=ConstSubSampler[left=1.0, right=Sampler[input=ConstMulSampler[left=CachingDensitySampler[id=71, input=YSampler[input=SubSampler[left=ConstSubSampler[left=1.0, right=ConstMulSampler[left=YSampler[input=Sampler[x=-1907, y=0, z=-1970, metric=EUCLIDEAN], y=0], right=0.014705882]], right=ConstMulSampler[left=ConstAddSampler[left=CachingDensitySampler[id=1, input=YSampler[input=Sampler[noise=net.minecraft.world.level.levelgen.synth.NoiseStack$Perlin@73507cdd, xzScale=1.0, yScale=0.0], y=0]], right=1.0], right=0.2]], y=0]], right=1.6666666], min=0.0, max=1.0]], right=5.9]], y=0]]], right=ConstantFunction[value=12.0]] ([341.85; 406.75]) and ConstantFunction[value=338.0] ([338.0; 338.0])
[12:00:10] [Worker-Main-3/WARN]: Compiling a MIN function between two non-overlapping inputs: BinaryFunction[type=SUB, left=PreparedCache[id=620, range=[353.85; 418.75], domainAxes=5, cachingSampler=CachingDensitySampler[id=620, input=YSampler[input=SubSampler[left=ConstSubSampler[left=404.0, right=ConstMulSampler[left=ConstSubSampler[left=1.0, right=CachingDensitySampler[id=215, input=YSampler[input=Sampler[noise=net.minecraft.world.level.levelgen.synth.NoiseStack$Perlin@3ee34dcd, xzScale=1.0, yScale=0.0], y=0]]], right=14.75]], right=ConstMulSampler[left=ConstSubSampler[left=1.0, right=Sampler[input=ConstMulSampler[left=CachingDensitySampler[id=71, input=YSampler[input=SubSampler[left=ConstSubSampler[left=1.0, right=ConstMulSampler[left=YSampler[input=Sampler[x=-1907, y=0, z=-1970, metric=EUCLIDEAN], y=0], right=0.014705882]], right=ConstMulSampler[left=ConstAddSampler[left=CachingDensitySampler[id=1, input=YSampler[input=Sampler[noise=net.minecraft.world.level.levelgen.synth.NoiseStack$Perlin@73507cdd, xzScale=1.0, yScale=0.0], y=0]], right=1.0], right=0.2]], y=0]], right=1.6666666], min=0.0, max=1.0]], right=5.9]], y=0]]], right=ConstantFunction[value=12.0]] ([341.85; 406.75]) and ConstantFunction[value=338.0] ([338.0; 338.0])
[12:00:10] [Worker-Main-3/WARN]: Compiling a MIN function between two non-overlapping inputs: BinaryFunction[type=SUB, left=PreparedCache[id=622, range=[-200.0; -159.0], domainAxes=5, cachingSampler=CachingDensitySampler[id=622, input=YSampler[input=SubSampler[left=ConstSubSampler[left=-168.0, right=ConstMulSampler[left=ConstSubSampler[left=1.0, right=CachingDensitySampler[id=215, input=YSampler[input=Sampler[noise=net.minecraft.world.level.levelgen.synth.NoiseStack$Perlin@3ee34dcd, xzScale=1.0, yScale=0.0], y=0]]], right=9.0]], right=ConstMulSampler[left=ConstSubSampler[left=1.0, right=Sampler[input=ConstMulSampler[left=CachingDensitySampler[id=135, input=YSampler[input=SubSampler[left=ConstSubSampler[left=1.0, right=ConstMulSampler[left=YSampler[input=Sampler[x=928, y=0, z=-1724, metric=EUCLIDEAN], y=0], right=0.019607844]], right=ConstMulSampler[left=ConstAddSampler[left=CachingDensitySampler[id=1, input=YSampler[input=Sampler[noise=net.minecraft.world.level.levelgen.synth.NoiseStack$Perlin@73507cdd, xzScale=1.0, yScale=0.0], y=0]], right=1.0], right=0.2]], y=0]], right=1.6666666], min=0.0, max=1.0]], right=5.0]], y=0]]], right=ConstantFunction[value=12.0]] ([-212.0; -171.0]) and ConstantFunction[value=-222.0] ([-222.0; -222.0])
[12:00:10] [Worker-Main-3/WARN]: Compiling a MIN function between two non-overlapping inputs: BinaryFunction[type=SUB, left=PreparedCache[id=622, range=[-200.0; -159.0], domainAxes=5, cachingSampler=CachingDensitySampler[id=622, input=YSampler[input=SubSampler[left=ConstSubSampler[left=-168.0, right=ConstMulSampler[left=ConstSubSampler[left=1.0, right=CachingDensitySampler[id=215, input=YSampler[input=Sampler[noise=net.minecraft.world.level.levelgen.synth.NoiseStack$Perlin@3ee34dcd, xzScale=1.0, yScale=0.0], y=0]]], right=9.0]], right=ConstMulSampler[left=ConstSubSampler[left=1.0, right=Sampler[input=ConstMulSampler[left=CachingDensitySampler[id=135, input=YSampler[input=SubSampler[left=ConstSubSampler[left=1.0, right=ConstMulSampler[left=YSampler[input=Sampler[x=928, y=0, z=-1724, metric=EUCLIDEAN], y=0], right=0.019607844]], right=ConstMulSampler[left=ConstAddSampler[left=CachingDensitySampler[id=1, input=YSampler[input=Sampler[noise=net.minecraft.world.level.levelgen.synth.NoiseStack$Perlin@73507cdd, xzScale=1.0, yScale=0.0], y=0]], right=1.0], right=0.2]], y=0]], right=1.6666666], min=0.0, max=1.0]], right=5.0]], y=0]]], right=ConstantFunction[value=12.0]] ([-212.0; -171.0]) and ConstantFunction[value=-222.0] ([-222.0; -222.0])
[12:00:10] [Worker-Main-3/WARN]: Compiling a MIN function between two non-overlapping inputs: BinaryFunction[type=SUB, left=PreparedCache[id=624, range=[3.6; 47.0], domainAxes=5, cachingSampler=CachingDensitySampler[id=624, input=YSampler[input=SubSampler[left=ConstSubSampler[left=38.0, right=ConstMulSampler[left=ConstSubSampler[left=1.0, right=CachingDensitySampler[id=215, input=YSampler[input=Sampler[noise=net.minecraft.world.level.levelgen.synth.NoiseStack$Perlin@3ee34dcd, xzScale=1.0, yScale=0.0], y=0]]], right=9.0]], right=ConstMulSampler[left=ConstSubSampler[left=1.0, right=Sampler[input=ConstMulSampler[left=CachingDensitySampler[id=195, input=YSampler[input=SubSampler[left=ConstSubSampler[left=1.0, right=ConstMulSampler[left=YSampler[input=Sampler[x=3382, y=0, z=1066, metric=EUCLIDEAN], y=0], right=0.014285714]], right=ConstMulSampler[left=ConstAddSampler[left=CachingDensitySampler[id=1, input=YSampler[input=Sampler[noise=net.minecraft.world.level.levelgen.synth.NoiseStack$Perlin@73507cdd, xzScale=1.0, yScale=0.0], y=0]], right=1.0], right=0.2]], y=0]], right=1.6666666], min=0.0, max=1.0]], right=7.4]], y=0]]], right=ConstantFunction[value=12.0]] ([-8.4; 35.0]) and ConstantFunction[value=-16.0] ([-16.0; -16.0])
[12:00:10] [Worker-Main-3/WARN]: Compiling a MIN function between two non-overlapping inputs: BinaryFunction[type=SUB, left=PreparedCache[id=624, range=[3.6; 47.0], domainAxes=5, cachingSampler=CachingDensitySampler[id=624, input=YSampler[input=SubSampler[left=ConstSubSampler[left=38.0, right=ConstMulSampler[left=ConstSubSampler[left=1.0, right=CachingDensitySampler[id=215, input=YSampler[input=Sampler[noise=net.minecraft.world.level.levelgen.synth.NoiseStack$Perlin@3ee34dcd, xzScale=1.0, yScale=0.0], y=0]]], right=9.0]], right=ConstMulSampler[left=ConstSubSampler[left=1.0, right=Sampler[input=ConstMulSampler[left=CachingDensitySampler[id=195, input=YSampler[input=SubSampler[left=ConstSubSampler[left=1.0, right=ConstMulSampler[left=YSampler[input=Sampler[x=3382, y=0, z=1066, metric=EUCLIDEAN], y=0], right=0.014285714]], right=ConstMulSampler[left=ConstAddSampler[left=CachingDensitySampler[id=1, input=YSampler[input=Sampler[noise=net.minecraft.world.level.levelgen.synth.NoiseStack$Perlin@73507cdd, xzScale=1.0, yScale=0.0], y=0]], right=1.0], right=0.2]], y=0]], right=1.6666666], min=0.0, max=1.0]], right=7.4]], y=0]]], right=ConstantFunction[value=12.0]] ([-8.4; 35.0]) and ConstantFunction[value=-16.0] ([-16.0; -16.0])
[12:00:10] [Worker-Main-3/WARN]: Compiling a MIN function between two non-overlapping inputs: BinaryFunction[type=SUB, left=PreparedCache[id=626, range=[653.0; 695.0], domainAxes=5, cachingSampler=CachingDensitySampler[id=626, input=YSampler[input=SubSampler[left=ConstSubSampler[left=686.0, right=ConstMulSampler[left=ConstSubSampler[left=1.0, right=CachingDensitySampler[id=215, input=YSampler[input=Sampler[noise=net.minecraft.world.level.levelgen.synth.NoiseStack$Perlin@3ee34dcd, xzScale=1.0, yScale=0.0], y=0]]], right=9.0]], right=ConstMulSampler[left=ConstSubSampler[left=1.0, right=Sampler[input=ConstMulSampler[left=CachingDensitySampler[id=87, input=YSampler[input=SubSampler[left=ConstSubSampler[left=1.0, right=ConstMulSampler[left=YSampler[input=Sampler[x=-1091, y=0, z=-3212, metric=EUCLIDEAN], y=0], right=0.015873017]], right=ConstMulSampler[left=ConstAddSampler[left=CachingDensitySampler[id=1, input=YSampler[input=Sampler[noise=net.minecraft.world.level.levelgen.synth.NoiseStack$Perlin@73507cdd, xzScale=1.0, yScale=0.0], y=0]], right=1.0], right=0.2]], y=0]], right=1.6666666], min=0.0, max=1.0]], right=6.0]], y=0]]], right=ConstantFunction[value=12.0]] ([641.0; 683.0]) and ConstantFunction[value=632.0] ([632.0; 632.0])
[12:00:10] [Worker-Main-3/WARN]: Compiling a MIN function between two non-overlapping inputs: BinaryFunction[type=SUB, left=PreparedCache[id=626, range=[653.0; 695.0], domainAxes=5, cachingSampler=CachingDensitySampler[id=626, input=YSampler[input=SubSampler[left=ConstSubSampler[left=686.0, right=ConstMulSampler[left=ConstSubSampler[left=1.0, right=CachingDensitySampler[id=215, input=YSampler[input=Sampler[noise=net.minecraft.world.level.levelgen.synth.NoiseStack$Perlin@3ee34dcd, xzScale=1.0, yScale=0.0], y=0]]], right=9.0]], right=ConstMulSampler[left=ConstSubSampler[left=1.0, right=Sampler[input=ConstMulSampler[left=CachingDensitySampler[id=87, input=YSampler[input=SubSampler[left=ConstSubSampler[left=1.0, right=ConstMulSampler[left=YSampler[input=Sampler[x=-1091, y=0, z=-3212, metric=EUCLIDEAN], y=0], right=0.015873017]], right=ConstMulSampler[left=ConstAddSampler[left=CachingDensitySampler[id=1, input=YSampler[input=Sampler[noise=net.minecraft.world.level.levelgen.synth.NoiseStack$Perlin@73507cdd, xzScale=1.0, yScale=0.0], y=0]], right=1.0], right=0.2]], y=0]], right=1.6666666], min=0.0, max=1.0]], right=6.0]], y=0]]], right=ConstantFunction[value=12.0]] ([641.0; 683.0]) and ConstantFunction[value=632.0] ([632.0; 632.0])
[12:00:10] [Worker-Main-3/WARN]: Compiling a MIN function between two non-overlapping inputs: BinaryFunction[type=SUB, left=PreparedCache[id=628, range=[-529.4; -492.0], domainAxes=5, cachingSampler=CachingDensitySampler[id=628, input=YSampler[input=SubSampler[left=ConstSubSampler[left=-500.0, right=ConstMulSampler[left=ConstSubSampler[left=1.0, right=CachingDensitySampler[id=215, input=YSampler[input=Sampler[noise=net.minecraft.world.level.levelgen.synth.NoiseStack$Perlin@3ee34dcd, xzScale=1.0, yScale=0.0], y=0]]], right=8.0]], right=ConstMulSampler[left=ConstSubSampler[left=1.0, right=Sampler[input=ConstMulSampler[left=CachingDensitySampler[id=205, input=YSampler[input=SubSampler[left=ConstSubSampler[left=1.0, right=ConstMulSampler[left=YSampler[input=Sampler[x=3690, y=0, z=-986, metric=EUCLIDEAN], y=0], right=0.014925373]], right=ConstMulSampler[left=ConstAddSampler[left=CachingDensitySampler[id=1, input=YSampler[input=Sampler[noise=net.minecraft.world.level.levelgen.synth.NoiseStack$Perlin@73507cdd, xzScale=1.0, yScale=0.0], y=0]], right=1.0], right=0.2]], y=0]], right=1.6666666], min=0.0, max=1.0]], right=5.4]], y=0]]], right=ConstantFunction[value=12.0]] ([-541.4; -504.0]) and ConstantFunction[value=-552.0] ([-552.0; -552.0])
[12:00:10] [Worker-Main-3/WARN]: Compiling a MIN function between two non-overlapping inputs: BinaryFunction[type=SUB, left=PreparedCache[id=628, range=[-529.4; -492.0], domainAxes=5, cachingSampler=CachingDensitySampler[id=628, input=YSampler[input=SubSampler[left=ConstSubSampler[left=-500.0, right=ConstMulSampler[left=ConstSubSampler[left=1.0, right=CachingDensitySampler[id=215, input=YSampler[input=Sampler[noise=net.minecraft.world.level.levelgen.synth.NoiseStack$Perlin@3ee34dcd, xzScale=1.0, yScale=0.0], y=0]]], right=8.0]], right=ConstMulSampler[left=ConstSubSampler[left=1.0, right=Sampler[input=ConstMulSampler[left=CachingDensitySampler[id=205, input=YSampler[input=SubSampler[left=ConstSubSampler[left=1.0, right=ConstMulSampler[left=YSampler[input=Sampler[x=3690, y=0, z=-986, metric=EUCLIDEAN], y=0], right=0.014925373]], right=ConstMulSampler[left=ConstAddSampler[left=CachingDensitySampler[id=1, input=YSampler[input=Sampler[noise=net.minecraft.world.level.levelgen.synth.NoiseStack$Perlin@73507cdd, xzScale=1.0, yScale=0.0], y=0]], right=1.0], right=0.2]], y=0]], right=1.6666666], min=0.0, max=1.0]], right=5.4]], y=0]]], right=ConstantFunction[value=12.0]] ([-541.4; -504.0]) and ConstantFunction[value=-552.0] ([-552.0; -552.0])
[12:00:10] [Worker-Main-3/WARN]: Compiling a MIN function between two non-overlapping inputs: BinaryFunction[type=SUB, left=PreparedCache[id=630, range=[684.4; 746.0], domainAxes=5, cachingSampler=CachingDensitySampler[id=630, input=YSampler[input=SubSampler[left=ConstSubSampler[left=732.0, right=ConstMulSampler[left=ConstSubSampler[left=1.0, right=CachingDensitySampler[id=215, input=YSampler[input=Sampler[noise=net.minecraft.world.level.levelgen.synth.NoiseStack$Perlin@3ee34dcd, xzScale=1.0, yScale=0.0], y=0]]], right=14.0]], right=ConstMulSampler[left=ConstSubSampler[left=1.0, right=Sampler[input=ConstMulSampler[left=CachingDensitySampler[id=176, input=YSampler[input=SubSampler[left=ConstSubSampler[left=1.0, right=ConstMulSampler[left=YSampler[input=Sampler[x=2739, y=0, z=-3806, metric=EUCLIDEAN], y=0], right=0.015873017]], right=ConstMulSampler[left=ConstAddSampler[left=CachingDensitySampler[id=1, input=YSampler[input=Sampler[noise=net.minecraft.world.level.levelgen.synth.NoiseStack$Perlin@73507cdd, xzScale=1.0, yScale=0.0], y=0]], right=1.0], right=0.2]], y=0]], right=1.6666666], min=0.0, max=1.0]], right=5.6]], y=0]]], right=ConstantFunction[value=12.0]] ([672.4; 734.0]) and ConstantFunction[value=668.0] ([668.0; 668.0])
[12:00:10] [Worker-Main-3/WARN]: Compiling a MIN function between two non-overlapping inputs: BinaryFunction[type=SUB, left=PreparedCache[id=630, range=[684.4; 746.0], domainAxes=5, cachingSampler=CachingDensitySampler[id=630, input=YSampler[input=SubSampler[left=ConstSubSampler[left=732.0, right=ConstMulSampler[left=ConstSubSampler[left=1.0, right=CachingDensitySampler[id=215, input=YSampler[input=Sampler[noise=net.minecraft.world.level.levelgen.synth.NoiseStack$Perlin@3ee34dcd, xzScale=1.0, yScale=0.0], y=0]]], right=14.0]], right=ConstMulSampler[left=ConstSubSampler[left=1.0, right=Sampler[input=ConstMulSampler[left=CachingDensitySampler[id=176, input=YSampler[input=SubSampler[left=ConstSubSampler[left=1.0, right=ConstMulSampler[left=YSampler[input=Sampler[x=2739, y=0, z=-3806, metric=EUCLIDEAN], y=0], right=0.015873017]], right=ConstMulSampler[left=ConstAddSampler[left=CachingDensitySampler[id=1, input=YSampler[input=Sampler[noise=net.minecraft.world.level.levelgen.synth.NoiseStack$Perlin@73507cdd, xzScale=1.0, yScale=0.0], y=0]], right=1.0], right=0.2]], y=0]], right=1.6666666], min=0.0, max=1.0]], right=5.6]], y=0]]], right=ConstantFunction[value=12.0]] ([672.4; 734.0]) and ConstantFunction[value=668.0] ([668.0; 668.0])
[12:00:10] [Worker-Main-3/WARN]: Compiling a MIN function between two non-overlapping inputs: BinaryFunction[type=SUB, left=PreparedCache[id=632, range=[555.2; 570.5], domainAxes=5, cachingSampler=CachingDensitySampler[id=632, input=YSampler[input=SubSampler[left=ConstSubSampler[left=568.0, right=ConstMulSampler[left=ConstSubSampler[left=1.0, right=CachingDensitySampler[id=215, input=YSampler[input=Sampler[noise=net.minecraft.world.level.levelgen.synth.NoiseStack$Perlin@3ee34dcd, xzScale=1.0, yScale=0.0], y=0]]], right=2.5]], right=ConstMulSampler[left=ConstSubSampler[left=1.0, right=Sampler[input=ConstMulSampler[left=CachingDensitySampler[id=210, input=YSampler[input=SubSampler[left=ConstSubSampler[left=1.0, right=ConstMulSampler[left=YSampler[input=Sampler[x=3721, y=0, z=3344, metric=EUCLIDEAN], y=0], right=0.020408163]], right=ConstMulSampler[left=ConstAddSampler[left=CachingDensitySampler[id=1, input=YSampler[input=Sampler[noise=net.minecraft.world.level.levelgen.synth.NoiseStack$Perlin@73507cdd, xzScale=1.0, yScale=0.0], y=0]], right=1.0], right=0.2]], y=0]], right=1.6666666], min=0.0, max=1.0]], right=5.3]], y=0]]], right=ConstantFunction[value=12.0]] ([543.2; 558.5]) and ConstantFunction[value=527.0] ([527.0; 527.0])
[12:00:10] [Worker-Main-3/WARN]: Compiling a MIN function between two non-overlapping inputs: BinaryFunction[type=SUB, left=PreparedCache[id=632, range=[555.2; 570.5], domainAxes=5, cachingSampler=CachingDensitySampler[id=632, input=YSampler[input=SubSampler[left=ConstSubSampler[left=568.0, right=ConstMulSampler[left=ConstSubSampler[left=1.0, right=CachingDensitySampler[id=215, input=YSampler[input=Sampler[noise=net.minecraft.world.level.levelgen.synth.NoiseStack$Perlin@3ee34dcd, xzScale=1.0, yScale=0.0], y=0]]], right=2.5]], right=ConstMulSampler[left=ConstSubSampler[left=1.0, right=Sampler[input=ConstMulSampler[left=CachingDensitySampler[id=210, input=YSampler[input=SubSampler[left=ConstSubSampler[left=1.0, right=ConstMulSampler[left=YSampler[input=Sampler[x=3721, y=0, z=3344, metric=EUCLIDEAN], y=0], right=0.020408163]], right=ConstMulSampler[left=ConstAddSampler[left=CachingDensitySampler[id=1, input=YSampler[input=Sampler[noise=net.minecraft.world.level.levelgen.synth.NoiseStack$Perlin@73507cdd, xzScale=1.0, yScale=0.0], y=0]], right=1.0], right=0.2]], y=0]], right=1.6666666], min=0.0, max=1.0]], right=5.3]], y=0]]], right=ConstantFunction[value=12.0]] ([543.2; 558.5]) and ConstantFunction[value=527.0] ([527.0; 527.0])
[12:00:10] [Worker-Main-3/WARN]: Compiling a MIN function between two non-overlapping inputs: BinaryFunction[type=SUB, left=PreparedCache[id=634, range=[891.0; 953.0], domainAxes=5, cachingSampler=CachingDensitySampler[id=634, input=YSampler[input=SubSampler[left=ConstSubSampler[left=940.0, right=ConstMulSampler[left=ConstSubSampler[left=1.0, right=CachingDensitySampler[id=215, input=YSampler[input=Sampler[noise=net.minecraft.world.level.levelgen.synth.NoiseStack$Perlin@3ee34dcd, xzScale=1.0, yScale=0.0], y=0]]], right=13.0]], right=ConstMulSampler[left=ConstSubSampler[left=1.0, right=Sampler[input=ConstMulSampler[left=CachingDensitySampler[id=169, input=YSampler[input=SubSampler[left=ConstSubSampler[left=1.0, right=ConstMulSampler[left=YSampler[input=Sampler[x=2611, y=0, z=-1732, metric=EUCLIDEAN], y=0], right=0.006666667]], right=ConstMulSampler[left=ConstAddSampler[left=CachingDensitySampler[id=1, input=YSampler[input=Sampler[noise=net.minecraft.world.level.levelgen.synth.NoiseStack$Perlin@73507cdd, xzScale=1.0, yScale=0.0], y=0]], right=1.0], right=0.2]], y=0]], right=1.6666666], min=0.0, max=1.0]], right=10.0]], y=0]]], right=ConstantFunction[value=12.0]] ([879.0; 941.0]) and ConstantFunction[value=878.0] ([878.0; 878.0])
[12:00:10] [Worker-Main-3/WARN]: Compiling a MIN function between two non-overlapping inputs: BinaryFunction[type=SUB, left=PreparedCache[id=634, range=[891.0; 953.0], domainAxes=5, cachingSampler=CachingDensitySampler[id=634, input=YSampler[input=SubSampler[left=ConstSubSampler[left=940.0, right=ConstMulSampler[left=ConstSubSampler[left=1.0, right=CachingDensitySampler[id=215, input=YSampler[input=Sampler[noise=net.minecraft.world.level.levelgen.synth.NoiseStack$Perlin@3ee34dcd, xzScale=1.0, yScale=0.0], y=0]]], right=13.0]], right=ConstMulSampler[left=ConstSubSampler[left=1.0, right=Sampler[input=ConstMulSampler[left=CachingDensitySampler[id=169, input=YSampler[input=SubSampler[left=ConstSubSampler[left=1.0, right=ConstMulSampler[left=YSampler[input=Sampler[x=2611, y=0, z=-1732, metric=EUCLIDEAN], y=0], right=0.006666667]], right=ConstMulSampler[left=ConstAddSampler[left=CachingDensitySampler[id=1, input=YSampler[input=Sampler[noise=net.minecraft.world.level.levelgen.synth.NoiseStack$Perlin@73507cdd, xzScale=1.0, yScale=0.0], y=0]], right=1.0], right=0.2]], y=0]], right=1.6666666], min=0.0, max=1.0]], right=10.0]], y=0]]], right=ConstantFunction[value=12.0]] ([879.0; 941.0]) and ConstantFunction[value=878.0] ([878.0; 878.0])
[12:00:10] [Worker-Main-3/WARN]: Compiling a MIN function between two non-overlapping inputs: BinaryFunction[type=SUB, left=PreparedCache[id=636, range=[783.1; 798.0], domainAxes=5, cachingSampler=CachingDensitySampler[id=636, input=YSampler[input=SubSampler[left=ConstSubSampler[left=796.0, right=ConstMulSampler[left=ConstSubSampler[left=1.0, right=CachingDensitySampler[id=215, input=YSampler[input=Sampler[noise=net.minecraft.world.level.levelgen.synth.NoiseStack$Perlin@3ee34dcd, xzScale=1.0, yScale=0.0], y=0]]], right=2.0]], right=ConstMulSampler[left=ConstSubSampler[left=1.0, right=Sampler[input=ConstMulSampler[left=CachingDensitySampler[id=129, input=YSampler[input=SubSampler[left=ConstSubSampler[left=1.0, right=ConstMulSampler[left=YSampler[input=Sampler[x=407, y=0, z=3109, metric=EUCLIDEAN], y=0], right=0.011627907]], right=ConstMulSampler[left=ConstAddSampler[left=CachingDensitySampler[id=1, input=YSampler[input=Sampler[noise=net.minecraft.world.level.levelgen.synth.NoiseStack$Perlin@73507cdd, xzScale=1.0, yScale=0.0], y=0]], right=1.0], right=0.2]], y=0]], right=1.6666666], min=0.0, max=1.0]], right=6.9]], y=0]]], right=ConstantFunction[value=12.0]] ([771.1; 786.0]) and ConstantFunction[value=756.0] ([756.0; 756.0])
[12:00:10] [Worker-Main-3/WARN]: Compiling a MIN function between two non-overlapping inputs: BinaryFunction[type=SUB, left=PreparedCache[id=636, range=[783.1; 798.0], domainAxes=5, cachingSampler=CachingDensitySampler[id=636, input=YSampler[input=SubSampler[left=ConstSubSampler[left=796.0, right=ConstMulSampler[left=ConstSubSampler[left=1.0, right=CachingDensitySampler[id=215, input=YSampler[input=Sampler[noise=net.minecraft.world.level.levelgen.synth.NoiseStack$Perlin@3ee34dcd, xzScale=1.0, yScale=0.0], y=0]]], right=2.0]], right=ConstMulSampler[left=ConstSubSampler[left=1.0, right=Sampler[input=ConstMulSampler[left=CachingDensitySampler[id=129, input=YSampler[input=SubSampler[left=ConstSubSampler[left=1.0, right=ConstMulSampler[left=YSampler[input=Sampler[x=407, y=0, z=3109, metric=EUCLIDEAN], y=0], right=0.011627907]], right=ConstMulSampler[left=ConstAddSampler[left=CachingDensitySampler[id=1, input=YSampler[input=Sampler[noise=net.minecraft.world.level.levelgen.synth.NoiseStack$Perlin@73507cdd, xzScale=1.0, yScale=0.0], y=0]], right=1.0], right=0.2]], y=0]], right=1.6666666], min=0.0, max=1.0]], right=6.9]], y=0]]], right=ConstantFunction[value=12.0]] ([771.1; 786.0]) and ConstantFunction[value=756.0] ([756.0; 756.0])
[12:00:10] [Worker-Main-3/WARN]: Compiling a MIN function between two non-overlapping inputs: BinaryFunction[type=SUB, left=PreparedCache[id=638, range=[149.0; 195.0], domainAxes=5, cachingSampler=CachingDensitySampler[id=638, input=YSampler[input=SubSampler[left=ConstSubSampler[left=186.0, right=ConstMulSampler[left=ConstSubSampler[left=1.0, right=CachingDensitySampler[id=215, input=YSampler[input=Sampler[noise=net.minecraft.world.level.levelgen.synth.NoiseStack$Perlin@3ee34dcd, xzScale=1.0, yScale=0.0], y=0]]], right=9.0]], right=ConstMulSampler[left=ConstSubSampler[left=1.0, right=Sampler[input=ConstMulSampler[left=CachingDensitySampler[id=34, input=YSampler[input=SubSampler[left=ConstSubSampler[left=1.0, right=ConstMulSampler[left=YSampler[input=Sampler[x=-2536, y=0, z=-2595, metric=EUCLIDEAN], y=0], right=0.008928572]], right=ConstMulSampler[left=ConstAddSampler[left=CachingDensitySampler[id=1, input=YSampler[input=Sampler[noise=net.minecraft.world.level.levelgen.synth.NoiseStack$Perlin@73507cdd, xzScale=1.0, yScale=0.0], y=0]], right=1.0], right=0.2]], y=0]], right=1.6666666], min=0.0, max=1.0]], right=10.0]], y=0]]], right=ConstantFunction[value=12.0]] ([137.0; 183.0]) and ConstantFunction[value=132.0] ([132.0; 132.0])
[12:00:10] [Worker-Main-3/WARN]: Compiling a MIN function between two non-overlapping inputs: BinaryFunction[type=SUB, left=PreparedCache[id=638, range=[149.0; 195.0], domainAxes=5, cachingSampler=CachingDensitySampler[id=638, input=YSampler[input=SubSampler[left=ConstSubSampler[left=186.0, right=ConstMulSampler[left=ConstSubSampler[left=1.0, right=CachingDensitySampler[id=215, input=YSampler[input=Sampler[noise=net.minecraft.world.level.levelgen.synth.NoiseStack$Perlin@3ee34dcd, xzScale=1.0, yScale=0.0], y=0]]], right=9.0]], right=ConstMulSampler[left=ConstSubSampler[left=1.0, right=Sampler[input=ConstMulSampler[left=CachingDensitySampler[id=34, input=YSampler[input=SubSampler[left=ConstSubSampler[left=1.0, right=ConstMulSampler[left=YSampler[input=Sampler[x=-2536, y=0, z=-2595, metric=EUCLIDEAN], y=0], right=0.008928572]], right=ConstMulSampler[left=ConstAddSampler[left=CachingDensitySampler[id=1, input=YSampler[input=Sampler[noise=net.minecraft.world.level.levelgen.synth.NoiseStack$Perlin@73507cdd, xzScale=1.0, yScale=0.0], y=0]], right=1.0], right=0.2]], y=0]], right=1.6666666], min=0.0, max=1.0]], right=10.0]], y=0]]], right=ConstantFunction[value=12.0]] ([137.0; 183.0]) and ConstantFunction[value=132.0] ([132.0; 132.0])
[12:00:10] [Worker-Main-3/WARN]: Compiling a MIN function between two non-overlapping inputs: BinaryFunction[type=SUB, left=PreparedCache[id=640, range=[-471.5; -431.0], domainAxes=5, cachingSampler=CachingDensitySampler[id=640, input=YSampler[input=SubSampler[left=ConstSubSampler[left=-440.0, right=ConstMulSampler[left=ConstSubSampler[left=1.0, right=CachingDensitySampler[id=215, input=YSampler[input=Sampler[noise=net.minecraft.world.level.levelgen.synth.NoiseStack$Perlin@3ee34dcd, xzScale=1.0, yScale=0.0], y=0]]], right=9.0]], right=ConstMulSampler[left=ConstSubSampler[left=1.0, right=Sampler[input=ConstMulSampler[left=CachingDensitySampler[id=194, input=YSampler[input=SubSampler[left=ConstSubSampler[left=1.0, right=ConstMulSampler[left=YSampler[input=Sampler[x=3360, y=0, z=-108, metric=EUCLIDEAN], y=0], right=0.016666668]], right=ConstMulSampler[left=ConstAddSampler[left=CachingDensitySampler[id=1, input=YSampler[input=Sampler[noise=net.minecraft.world.level.levelgen.synth.NoiseStack$Perlin@73507cdd, xzScale=1.0, yScale=0.0], y=0]], right=1.0], right=0.2]], y=0]], right=1.6666666], min=0.0, max=1.0]], right=4.5]], y=0]]], right=ConstantFunction[value=12.0]] ([-483.5; -443.0]) and ConstantFunction[value=-494.0] ([-494.0; -494.0])
[12:00:10] [Worker-Main-3/WARN]: Compiling a MIN function between two non-overlapping inputs: BinaryFunction[type=SUB, left=PreparedCache[id=640, range=[-471.5; -431.0], domainAxes=5, cachingSampler=CachingDensitySampler[id=640, input=YSampler[input=SubSampler[left=ConstSubSampler[left=-440.0, right=ConstMulSampler[left=ConstSubSampler[left=1.0, right=CachingDensitySampler[id=215, input=YSampler[input=Sampler[noise=net.minecraft.world.level.levelgen.synth.NoiseStack$Perlin@3ee34dcd, xzScale=1.0, yScale=0.0], y=0]]], right=9.0]], right=ConstMulSampler[left=ConstSubSampler[left=1.0, right=Sampler[input=ConstMulSampler[left=CachingDensitySampler[id=194, input=YSampler[input=SubSampler[left=ConstSubSampler[left=1.0, right=ConstMulSampler[left=YSampler[input=Sampler[x=3360, y=0, z=-108, metric=EUCLIDEAN], y=0], right=0.016666668]], right=ConstMulSampler[left=ConstAddSampler[left=CachingDensitySampler[id=1, input=YSampler[input=Sampler[noise=net.minecraft.world.level.levelgen.synth.NoiseStack$Perlin@73507cdd, xzScale=1.0, yScale=0.0], y=0]], right=1.0], right=0.2]], y=0]], right=1.6666666], min=0.0, max=1.0]], right=4.5]], y=0]]], right=ConstantFunction[value=12.0]] ([-483.5; -443.0]) and ConstantFunction[value=-494.0] ([-494.0; -494.0])
[12:00:10] [Worker-Main-3/WARN]: Compiling a MIN function between two non-overlapping inputs: BinaryFunction[type=SUB, left=PreparedCache[id=642, range=[948.3; 962.0], domainAxes=5, cachingSampler=CachingDensitySampler[id=642, input=YSampler[input=SubSampler[left=ConstSubSampler[left=960.0, right=ConstMulSampler[left=ConstSubSampler[left=1.0, right=CachingDensitySampler[id=215, input=YSampler[input=Sampler[noise=net.minecraft.world.level.levelgen.synth.NoiseStack$Perlin@3ee34dcd, xzScale=1.0, yScale=0.0], y=0]]], right=2.0]], right=ConstMulSampler[left=ConstSubSampler[left=1.0, right=Sampler[input=ConstMulSampler[left=CachingDensitySampler[id=82, input=YSampler[input=SubSampler[left=ConstSubSampler[left=1.0, right=ConstMulSampler[left=YSampler[input=Sampler[x=-1709, y=0, z=1495, metric=EUCLIDEAN], y=0], right=0.018181818]], right=ConstMulSampler[left=ConstAddSampler[left=CachingDensitySampler[id=1, input=YSampler[input=Sampler[noise=net.minecraft.world.level.levelgen.synth.NoiseStack$Perlin@73507cdd, xzScale=1.0, yScale=0.0], y=0]], right=1.0], right=0.2]], y=0]], right=1.6666666], min=0.0, max=1.0]], right=5.7]], y=0]]], right=ConstantFunction[value=12.0]] ([936.3; 950.0]) and ConstantFunction[value=920.0] ([920.0; 920.0])
[12:00:10] [Worker-Main-3/WARN]: Compiling a MIN function between two non-overlapping inputs: BinaryFunction[type=SUB, left=PreparedCache[id=642, range=[948.3; 962.0], domainAxes=5, cachingSampler=CachingDensitySampler[id=642, input=YSampler[input=SubSampler[left=ConstSubSampler[left=960.0, right=ConstMulSampler[left=ConstSubSampler[left=1.0, right=CachingDensitySampler[id=215, input=YSampler[input=Sampler[noise=net.minecraft.world.level.levelgen.synth.NoiseStack$Perlin@3ee34dcd, xzScale=1.0, yScale=0.0], y=0]]], right=2.0]], right=ConstMulSampler[left=ConstSubSampler[left=1.0, right=Sampler[input=ConstMulSampler[left=CachingDensitySampler[id=82, input=YSampler[input=SubSampler[left=ConstSubSampler[left=1.0, right=ConstMulSampler[left=YSampler[input=Sampler[x=-1709, y=0, z=1495, metric=EUCLIDEAN], y=0], right=0.018181818]], right=ConstMulSampler[left=ConstAddSampler[left=CachingDensitySampler[id=1, input=YSampler[input=Sampler[noise=net.minecraft.world.level.levelgen.synth.NoiseStack$Perlin@73507cdd, xzScale=1.0, yScale=0.0], y=0]], right=1.0], right=0.2]], y=0]], right=1.6666666], min=0.0, max=1.0]], right=5.7]], y=0]]], right=ConstantFunction[value=12.0]] ([936.3; 950.0]) and ConstantFunction[value=920.0] ([920.0; 920.0])
[12:00:10] [Worker-Main-3/WARN]: Compiling a MIN function between two non-overlapping inputs: BinaryFunction[type=SUB, left=PreparedCache[id=644, range=[-542.3; -514.0], domainAxes=5, cachingSampler=CachingDensitySampler[id=644, input=YSampler[input=SubSampler[left=ConstSubSampler[left=-520.0, right=ConstMulSampler[left=ConstSubSampler[left=1.0, right=CachingDensitySampler[id=215, input=YSampler[input=Sampler[noise=net.minecraft.world.level.levelgen.synth.NoiseStack$Perlin@3ee34dcd, xzScale=1.0, yScale=0.0], y=0]]], right=6.0]], right=ConstMulSampler[left=ConstSubSampler[left=1.0, right=Sampler[input=ConstMulSampler[left=CachingDensitySampler[id=8, input=YSampler[input=SubSampler[left=ConstSubSampler[left=1.0, right=ConstMulSampler[left=YSampler[input=Sampler[x=-3763, y=0, z=265, metric=EUCLIDEAN], y=0], right=0.017857144]], right=ConstMulSampler[left=ConstAddSampler[left=CachingDensitySampler[id=1, input=YSampler[input=Sampler[noise=net.minecraft.world.level.levelgen.synth.NoiseStack$Perlin@73507cdd, xzScale=1.0, yScale=0.0], y=0]], right=1.0], right=0.2]], y=0]], right=1.6666666], min=0.0, max=1.0]], right=4.3]], y=0]]], right=ConstantFunction[value=12.0]] ([-554.3; -526.0]) and ConstantFunction[value=-568.0] ([-568.0; -568.0])
[12:00:10] [Worker-Main-3/WARN]: Compiling a MIN function between two non-overlapping inputs: BinaryFunction[type=SUB, left=PreparedCache[id=644, range=[-542.3; -514.0], domainAxes=5, cachingSampler=CachingDensitySampler[id=644, input=YSampler[input=SubSampler[left=ConstSubSampler[left=-520.0, right=ConstMulSampler[left=ConstSubSampler[left=1.0, right=CachingDensitySampler[id=215, input=YSampler[input=Sampler[noise=net.minecraft.world.level.levelgen.synth.NoiseStack$Perlin@3ee34dcd, xzScale=1.0, yScale=0.0], y=0]]], right=6.0]], right=ConstMulSampler[left=ConstSubSampler[left=1.0, right=Sampler[input=ConstMulSampler[left=CachingDensitySampler[id=8, input=YSampler[input=SubSampler[left=ConstSubSampler[left=1.0, right=ConstMulSampler[left=YSampler[input=Sampler[x=-3763, y=0, z=265, metric=EUCLIDEAN], y=0], right=0.017857144]], right=ConstMulSampler[left=ConstAddSampler[left=CachingDensitySampler[id=1, input=YSampler[input=Sampler[noise=net.minecraft.world.level.levelgen.synth.NoiseStack$Perlin@73507cdd, xzScale=1.0, yScale=0.0], y=0]], right=1.0], right=0.2]], y=0]], right=1.6666666], min=0.0, max=1.0]], right=4.3]], y=0]]], right=ConstantFunction[value=12.0]] ([-554.3; -526.0]) and ConstantFunction[value=-568.0] ([-568.0; -568.0])
[12:00:10] [Worker-Main-3/WARN]: Compiling a MIN function between two non-overlapping inputs: BinaryFunction[type=SUB, left=PreparedCache[id=646, range=[337.4; 377.0], domainAxes=5, cachingSampler=CachingDensitySampler[id=646, input=YSampler[input=SubSampler[left=ConstSubSampler[left=368.0, right=ConstMulSampler[left=ConstSubSampler[left=1.0, right=CachingDensitySampler[id=215, input=YSampler[input=Sampler[noise=net.minecraft.world.level.levelgen.synth.NoiseStack$Perlin@3ee34dcd, xzScale=1.0, yScale=0.0], y=0]]], right=9.0]], right=ConstMulSampler[left=ConstSubSampler[left=1.0, right=Sampler[input=ConstMulSampler[left=CachingDensitySampler[id=59, input=YSampler[input=SubSampler[left=ConstSubSampler[left=1.0, right=ConstMulSampler[left=YSampler[input=Sampler[x=-2446, y=0, z=-582, metric=EUCLIDEAN], y=0], right=0.025]], right=ConstMulSampler[left=ConstAddSampler[left=CachingDensitySampler[id=1, input=YSampler[input=Sampler[noise=net.minecraft.world.level.levelgen.synth.NoiseStack$Perlin@73507cdd, xzScale=1.0, yScale=0.0], y=0]], right=1.0], right=0.2]], y=0]], right=1.6666666], min=0.0, max=1.0]], right=3.6]], y=0]]], right=ConstantFunction[value=12.0]] ([325.4; 365.0]) and ConstantFunction[value=314.0] ([314.0; 314.0])
[12:00:10] [Worker-Main-3/WARN]: Compiling a MIN function between two non-overlapping inputs: BinaryFunction[type=SUB, left=PreparedCache[id=646, range=[337.4; 377.0], domainAxes=5, cachingSampler=CachingDensitySampler[id=646, input=YSampler[input=SubSampler[left=ConstSubSampler[left=368.0, right=ConstMulSampler[left=ConstSubSampler[left=1.0, right=CachingDensitySampler[id=215, input=YSampler[input=Sampler[noise=net.minecraft.world.level.levelgen.synth.NoiseStack$Perlin@3ee34dcd, xzScale=1.0, yScale=0.0], y=0]]], right=9.0]], right=ConstMulSampler[left=ConstSubSampler[left=1.0, right=Sampler[input=ConstMulSampler[left=CachingDensitySampler[id=59, input=YSampler[input=SubSampler[left=ConstSubSampler[left=1.0, right=ConstMulSampler[left=YSampler[input=Sampler[x=-2446, y=0, z=-582, metric=EUCLIDEAN], y=0], right=0.025]], right=ConstMulSampler[left=ConstAddSampler[left=CachingDensitySampler[id=1, input=YSampler[input=Sampler[noise=net.minecraft.world.level.levelgen.synth.NoiseStack$Perlin@73507cdd, xzScale=1.0, yScale=0.0], y=0]], right=1.0], right=0.2]], y=0]], right=1.6666666], min=0.0, max=1.0]], right=3.6]], y=0]]], right=ConstantFunction[value=12.0]] ([325.4; 365.0]) and ConstantFunction[value=314.0] ([314.0; 314.0])
[12:00:10] [Worker-Main-3/WARN]: Compiling a MIN function between two non-overlapping inputs: BinaryFunction[type=SUB, left=PreparedCache[id=648, range=[479.6; 521.0], domainAxes=5, cachingSampler=CachingDensitySampler[id=648, input=YSampler[input=SubSampler[left=ConstSubSampler[left=512.0, right=ConstMulSampler[left=ConstSubSampler[left=1.0, right=CachingDensitySampler[id=215, input=YSampler[input=Sampler[noise=net.minecraft.world.level.levelgen.synth.NoiseStack$Perlin@3ee34dcd, xzScale=1.0, yScale=0.0], y=0]]], right=9.0]], right=ConstMulSampler[left=ConstSubSampler[left=1.0, right=Sampler[input=ConstMulSampler[left=CachingDensitySampler[id=75, input=YSampler[input=SubSampler[left=ConstSubSampler[left=1.0, right=ConstMulSampler[left=YSampler[input=Sampler[x=-1549, y=0, z=-759, metric=EUCLIDEAN], y=0], right=0.01724138]], right=ConstMulSampler[left=ConstAddSampler[left=CachingDensitySampler[id=1, input=YSampler[input=Sampler[noise=net.minecraft.world.level.levelgen.synth.NoiseStack$Perlin@73507cdd, xzScale=1.0, yScale=0.0], y=0]], right=1.0], right=0.2]], y=0]], right=1.6666666], min=0.0, max=1.0]], right=5.4]], y=0]]], right=ConstantFunction[value=12.0]] ([467.6; 509.0]) and ConstantFunction[value=458.0] ([458.0; 458.0])
[12:00:10] [Worker-Main-3/WARN]: Compiling a MIN function between two non-overlapping inputs: BinaryFunction[type=SUB, left=PreparedCache[id=648, range=[479.6; 521.0], domainAxes=5, cachingSampler=CachingDensitySampler[id=648, input=YSampler[input=SubSampler[left=ConstSubSampler[left=512.0, right=ConstMulSampler[left=ConstSubSampler[left=1.0, right=CachingDensitySampler[id=215, input=YSampler[input=Sampler[noise=net.minecraft.world.level.levelgen.synth.NoiseStack$Perlin@3ee34dcd, xzScale=1.0, yScale=0.0], y=0]]], right=9.0]], right=ConstMulSampler[left=ConstSubSampler[left=1.0, right=Sampler[input=ConstMulSampler[left=CachingDensitySampler[id=75, input=YSampler[input=SubSampler[left=ConstSubSampler[left=1.0, right=ConstMulSampler[left=YSampler[input=Sampler[x=-1549, y=0, z=-759, metric=EUCLIDEAN], y=0], right=0.01724138]], right=ConstMulSampler[left=ConstAddSampler[left=CachingDensitySampler[id=1, input=YSampler[input=Sampler[noise=net.minecraft.world.level.levelgen.synth.NoiseStack$Perlin@73507cdd, xzScale=1.0, yScale=0.0], y=0]], right=1.0], right=0.2]], y=0]], right=1.6666666], min=0.0, max=1.0]], right=5.4]], y=0]]], right=ConstantFunction[value=12.0]] ([467.6; 509.0]) and ConstantFunction[value=458.0] ([458.0; 458.0])
[12:00:10] [Worker-Main-3/WARN]: Compiling a MIN function between two non-overlapping inputs: BinaryFunction[type=SUB, left=PreparedCache[id=650, range=[-303.2; -285.5], domainAxes=5, cachingSampler=CachingDensitySampler[id=650, input=YSampler[input=SubSampler[left=ConstSubSampler[left=-288.0, right=ConstMulSampler[left=ConstSubSampler[left=1.0, right=CachingDensitySampler[id=215, input=YSampler[input=Sampler[noise=net.minecraft.world.level.levelgen.synth.NoiseStack$Perlin@3ee34dcd, xzScale=1.0, yScale=0.0], y=0]]], right=2.5]], right=ConstMulSampler[left=ConstSubSampler[left=1.0, right=Sampler[input=ConstMulSampler[left=CachingDensitySampler[id=201, input=YSampler[input=SubSampler[left=ConstSubSampler[left=1.0, right=ConstMulSampler[left=YSampler[input=Sampler[x=3333, y=0, z=2524, metric=EUCLIDEAN], y=0], right=0.010638298]], right=ConstMulSampler[left=ConstAddSampler[left=CachingDensitySampler[id=1, input=YSampler[input=Sampler[noise=net.minecraft.world.level.levelgen.synth.NoiseStack$Perlin@73507cdd, xzScale=1.0, yScale=0.0], y=0]], right=1.0], right=0.2]], y=0]], right=1.6666666], min=0.0, max=1.0]], right=7.7]], y=0]]], right=ConstantFunction[value=12.0]] ([-315.2; -297.5]) and ConstantFunction[value=-329.0] ([-329.0; -329.0])
[12:00:10] [Worker-Main-3/WARN]: Compiling a MIN function between two non-overlapping inputs: BinaryFunction[type=SUB, left=PreparedCache[id=650, range=[-303.2; -285.5], domainAxes=5, cachingSampler=CachingDensitySampler[id=650, input=YSampler[input=SubSampler[left=ConstSubSampler[left=-288.0, right=ConstMulSampler[left=ConstSubSampler[left=1.0, right=CachingDensitySampler[id=215, input=YSampler[input=Sampler[noise=net.minecraft.world.level.levelgen.synth.NoiseStack$Perlin@3ee34dcd, xzScale=1.0, yScale=0.0], y=0]]], right=2.5]], right=ConstMulSampler[left=ConstSubSampler[left=1.0, right=Sampler[input=ConstMulSampler[left=CachingDensitySampler[id=201, input=YSampler[input=SubSampler[left=ConstSubSampler[left=1.0, right=ConstMulSampler[left=YSampler[input=Sampler[x=3333, y=0, z=2524, metric=EUCLIDEAN], y=0], right=0.010638298]], right=ConstMulSampler[left=ConstAddSampler[left=CachingDensitySampler[id=1, input=YSampler[input=Sampler[noise=net.minecraft.world.level.levelgen.synth.NoiseStack$Perlin@73507cdd, xzScale=1.0, yScale=0.0], y=0]], right=1.0], right=0.2]], y=0]], right=1.6666666], min=0.0, max=1.0]], right=7.7]], y=0]]], right=ConstantFunction[value=12.0]] ([-315.2; -297.5]) and ConstantFunction[value=-329.0] ([-329.0; -329.0])
[12:00:13] [Server thread/INFO]: Loading 0 persistent chunks...
[12:00:13] [Server thread/INFO]: Preparing spawn area: 100%
[12:00:13] [Server thread/INFO]: Time elapsed: 2763 ms
[12:00:13] [Server thread/INFO]: Done (2.927s)! For help, type "help"
[12:00:13] [Server thread/INFO]: Saving chunks for level 'ServerLevel[world]'/minecraft:overworld
[12:00:13] [Server thread/INFO]: Saving chunks for level 'ServerLevel[world]'/minecraft:the_end
[12:00:13] [Server thread/INFO]: Saving chunks for level 'ServerLevel[world]'/minecraft:the_nether
[12:00:13] [Server thread/INFO]: [Not Secure] [Server] SECTION start
[12:00:13] [Server thread/INFO]: System chat: Created new objective [pt]
[12:00:13] [Server thread/INFO]: System chat: Game rule max_block_modifications is now set to 100000000
[12:00:13] [Server thread/INFO]: System chat: Game rule respawn_radius is now set to 0
[12:00:13] [Server thread/INFO]: System chat: The game is running normally
[12:00:13] [Server thread/INFO]: System chat: Target tick rate: 20.0 per second.
Average time per tick: 38.2ms (Target: 50.0ms)
[12:00:13] [Server thread/INFO]: System chat: Percentiles: P50: 0.0ms P95: 39.8ms P99: 161.8ms. Sample: 100
[12:00:13] [Server thread/INFO]: [Not Secure] [Server] SECTION islands
[12:00:23] [Server thread/INFO]: System chat: Marked 38 chunks in minecraft:overworld from [0, 0] to [37, 0] to be force loaded
[12:00:24] [Server thread/INFO]: System chat: Marked chunk [77, 0] in minecraft:overworld to be force loaded
[12:00:24] [Server thread/INFO]: System chat: Marked chunk [0, 75] in minecraft:overworld to be force loaded
[12:00:24] [Server thread/WARN]: Can't keep up! Is the server overloaded? Running 10949ms or 218 ticks behind
[12:00:27] [Server thread/INFO]: [Not Secure] [Server] LOADED S1
[12:00:27] [Server thread/INFO]: [Not Secure] [Server] PROBE S1 centre 0 0
[12:00:27] [Server thread/INFO]: System chat: Running function packtest:col
[12:00:27] [Server thread/INFO]: [Not Secure] [Server] TOP grass_block
[12:00:27] [Server thread/INFO]: [Not Secure] [Server] BIOME minecraft:plains
[12:00:27] [Server thread/INFO]: System chat: y has 57 [pt]
[12:00:28] [Server thread/INFO]: System chat: ws has 57 [pt]
[12:00:28] [Server thread/INFO]: [Not Secure] [Server] BIOMEOK S1 centre
[12:00:28] [Server thread/INFO]: [Not Secure] [Server] PROBE S1 half 600 0
[12:00:28] [Server thread/INFO]: System chat: Running function packtest:col
[12:00:28] [Server thread/INFO]: [Not Secure] [Server] TOP grass_block
[12:00:28] [Server thread/INFO]: [Not Secure] [Server] BIOME minecraft:plains
[12:00:28] [Server thread/INFO]: System chat: y has 56 [pt]
[12:00:28] [Server thread/INFO]: System chat: ws has 56 [pt]
[12:00:28] [Server thread/INFO]: [Not Secure] [Server] BIOMEOK S1 half
[12:00:28] [Server thread/INFO]: [Not Secure] [Server] PROBE S1 outside 1240 0
[12:00:28] [Server thread/INFO]: System chat: Running function packtest:col
[12:00:28] [Server thread/INFO]: [Not Secure] [Server] BIOME the_isles:void
[12:00:28] [Server thread/INFO]: System chat: y has -2032 [pt]
[12:00:28] [Server thread/INFO]: System chat: ws has -2032 [pt]
[12:00:28] [Server thread/INFO]: [Not Secure] [Server] PROBE S1 rim 0 1204
[12:00:28] [Server thread/INFO]: System chat: Running function packtest:col
[12:00:28] [Server thread/INFO]: [Not Secure] [Server] BIOME the_isles:void
[12:00:28] [Server thread/INFO]: System chat: y has -2032 [pt]
[12:00:28] [Server thread/INFO]: System chat: ws has -2032 [pt]
[12:00:28] [Server thread/INFO]: [Not Secure] [Server] BODY S1
[12:00:28] [Server thread/INFO]: System chat: Running function packtest:at
[12:00:28] [Server thread/INFO]: [Not Secure] [Server] AT stone
[12:00:28] [Server thread/INFO]: System chat: Running function packtest:at
[12:00:28] [Server thread/INFO]: [Not Secure] [Server] AT air
[12:00:28] [Server thread/INFO]: [Not Secure] [Server] MID S1 -136
[12:00:29] [Server thread/INFO]: System chat: Running function packtest:at
[12:00:29] [Server thread/INFO]: [Not Secure] [Server] AT stone
[12:00:29] [Server thread/INFO]: System chat: Running function packtest:biome
[12:00:29] [Server thread/INFO]: [Not Secure] [Server] BIOME minecraft:plains
[12:00:29] [Server thread/INFO]: [Not Secure] [Server] TOPBIOMEOK S1
[12:00:29] [Server thread/INFO]: System chat: Unmarked all force loaded chunks in minecraft:overworld
[12:00:30] [Server thread/INFO]: System chat: Marked 5 chunks in minecraft:overworld from [31, 80] to [35, 80] to be force loaded
[12:00:31] [Server thread/INFO]: System chat: Marked chunk [41, 80] in minecraft:overworld to be force loaded
[12:00:31] [Server thread/INFO]: System chat: Marked chunk [31, 88] in minecraft:overworld to be force loaded
[12:00:37] [Server thread/INFO]: [Not Secure] [Server] LOADED S2
[12:00:38] [Server thread/INFO]: [Not Secure] [Server] PROBE S2 centre 501 1282
[12:00:38] [Server thread/INFO]: System chat: Running function packtest:col
[12:00:38] [Server thread/INFO]: [Not Secure] [Server] TOP grass_block
[12:00:38] [Server thread/INFO]: [Not Secure] [Server] BIOME minecraft:sunflower_plains
[12:00:38] [Server thread/INFO]: System chat: y has 12 [pt]
[12:00:38] [Server thread/INFO]: System chat: ws has 12 [pt]
[12:00:38] [Server thread/INFO]: [Not Secure] [Server] BIOMEOK S2 centre
[12:00:38] [Server thread/INFO]: [Not Secure] [Server] PROBE S2 half 562 1282
[12:00:38] [Server thread/INFO]: System chat: Running function packtest:col
[12:00:38] [Server thread/INFO]: [Not Secure] [Server] TOP grass_block
[12:00:38] [Server thread/INFO]: [Not Secure] [Server] BIOME minecraft:sunflower_plains
[12:00:38] [Server thread/INFO]: System chat: y has 7 [pt]
[12:00:38] [Server thread/INFO]: System chat: ws has 7 [pt]
[12:00:38] [Server thread/INFO]: [Not Secure] [Server] BIOMEOK S2 half
[12:00:38] [Server thread/INFO]: [Not Secure] [Server] PROBE S2 outside 664 1282
[12:00:38] [Server thread/INFO]: System chat: Running function packtest:col
[12:00:38] [Server thread/INFO]: [Not Secure] [Server] BIOME the_isles:void
[12:00:38] [Server thread/INFO]: System chat: y has -2032 [pt]
[12:00:38] [Server thread/INFO]: System chat: ws has -2032 [pt]
[12:00:38] [Server thread/INFO]: [Not Secure] [Server] PROBE S2 rim 501 1409
[12:00:39] [Server thread/INFO]: System chat: Running function packtest:col
[12:00:39] [Server thread/INFO]: [Not Secure] [Server] BIOME the_isles:void
[12:00:39] [Server thread/INFO]: System chat: y has -2032 [pt]
[12:00:39] [Server thread/INFO]: System chat: ws has -2032 [pt]
[12:00:39] [Server thread/INFO]: [Not Secure] [Server] BODY S2
[12:00:39] [Server thread/INFO]: System chat: Running function packtest:at
[12:00:39] [Server thread/INFO]: [Not Secure] [Server] AT diorite
[12:00:39] [Server thread/INFO]: System chat: Running function packtest:at
[12:00:39] [Server thread/INFO]: [Not Secure] [Server] AT air
[12:00:39] [Server thread/INFO]: [Not Secure] [Server] MID S2 -16
[12:00:39] [Server thread/INFO]: System chat: Running function packtest:at
[12:00:39] [Server thread/INFO]: [Not Secure] [Server] AT stone
[12:00:39] [Server thread/INFO]: System chat: Running function packtest:biome
[12:00:39] [Server thread/INFO]: [Not Secure] [Server] BIOME minecraft:sunflower_plains
[12:00:39] [Server thread/INFO]: [Not Secure] [Server] TOPBIOMEOK S2
[12:00:39] [Server thread/INFO]: System chat: Unmarked all force loaded chunks in minecraft:overworld
[12:00:41] [Server thread/INFO]: System chat: Marked 2 chunks in minecraft:overworld from [-6, -16] to [-5, -16] to be force loaded
[12:00:42] [Server thread/INFO]: System chat: Marked chunk [-1, -16] in minecraft:overworld to be force loaded
[12:00:42] [Server thread/INFO]: System chat: Marked chunk [-6, -14] in minecraft:overworld to be force loaded
[12:00:42] [Server thread/WARN]: Can't keep up! Is the server overloaded? Running 2634ms or 52 ticks behind
[12:00:44] [Server thread/INFO]: [Not Secure] [Server] LOADED Sh4
[12:00:45] [Server thread/INFO]: [Not Secure] [Server] PROBE Sh4 centre -83 -243
[12:00:45] [Server thread/INFO]: System chat: Running function packtest:col
[12:00:45] [Server thread/INFO]: [Not Secure] [Server] TOP grass_block
[12:00:45] [Server thread/INFO]: [Not Secure] [Server] BIOME minecraft:plains
[12:00:45] [Server thread/INFO]: System chat: y has 267 [pt]
[12:00:45] [Server thread/INFO]: System chat: ws has 268 [pt]
[12:00:45] [Server thread/INFO]: [Not Secure] [Server] BIOMEOK Sh4 centre
[12:00:45] [Server thread/INFO]: [Not Secure] [Server] PROBE Sh4 half -70 -243
[12:00:45] [Server thread/INFO]: System chat: Running function packtest:col
[12:00:45] [Server thread/INFO]: [Not Secure] [Server] TOP coarse_dirt
[12:00:45] [Server thread/INFO]: [Not Secure] [Server] BIOME minecraft:plains
[12:00:45] [Server thread/INFO]: System chat: y has 267 [pt]
[12:00:45] [Server thread/INFO]: System chat: ws has 267 [pt]
[12:00:46] [Server thread/INFO]: [Not Secure] [Server] BIOMEOK Sh4 half
[12:00:46] [Server thread/INFO]: [Not Secure] [Server] PROBE Sh4 outside -16 -243
[12:00:46] [Server thread/INFO]: System chat: Running function packtest:col
[12:00:46] [Server thread/INFO]: [Not Secure] [Server] TOP grass_block
[12:00:46] [Server thread/INFO]: [Not Secure] [Server] BIOME minecraft:plains
[12:00:46] [Server thread/INFO]: System chat: y has 60 [pt]
[12:00:46] [Server thread/INFO]: System chat: ws has 60 [pt]
[12:00:46] [Server thread/INFO]: [Not Secure] [Server] PROBE Sh4 rim -83 -212
[12:00:46] [Server thread/INFO]: System chat: Running function packtest:col
[12:00:46] [Server thread/INFO]: [Not Secure] [Server] TOP grass_block
[12:00:46] [Server thread/INFO]: [Not Secure] [Server] BIOME minecraft:plains
[12:00:46] [Server thread/INFO]: System chat: y has 55 [pt]
[12:00:46] [Server thread/INFO]: System chat: ws has 55 [pt]
[12:00:46] [Server thread/INFO]: [Not Secure] [Server] BODY Sh4
[12:00:46] [Server thread/INFO]: System chat: Running function packtest:at
[12:00:46] [Server thread/INFO]: [Not Secure] [Server] AT stone
[12:00:46] [Server thread/INFO]: System chat: Running function packtest:at
[12:00:46] [Server thread/INFO]: [Not Secure] [Server] AT air
[12:00:46] [Server thread/INFO]: [Not Secure] [Server] MID Sh4 258
[12:00:46] [Server thread/INFO]: System chat: Running function packtest:at
[12:00:46] [Server thread/INFO]: [Not Secure] [Server] AT stone
[12:00:46] [Server thread/INFO]: System chat: Running function packtest:biome
[12:00:46] [Server thread/INFO]: [Not Secure] [Server] BIOME minecraft:plains
[12:00:46] [Server thread/INFO]: [Not Secure] [Server] TOPBIOMEOK Sh4
[12:00:46] [Server thread/INFO]: System chat: Unmarked all force loaded chunks in minecraft:overworld
[12:00:50] [Server thread/INFO]: System chat: Marked 11 chunks in minecraft:overworld from [211, -212] to [221, -212] to be force loaded
[12:00:50] [Server thread/INFO]: System chat: Marked chunk [235, -212] in minecraft:overworld to be force loaded
[12:00:51] [Server thread/INFO]: System chat: Marked chunk [211, -190] in minecraft:overworld to be force loaded
[12:00:54] [Server thread/INFO]: [Not Secure] [Server] LOADED P1
[12:00:54] [Server thread/INFO]: [Not Secure] [Server] PROBE P1 centre 3380 -3380
[12:00:54] [Server thread/INFO]: System chat: Running function packtest:col
[12:00:54] [Server thread/INFO]: [Not Secure] [Server] TOP snow_block
[12:00:54] [Server thread/INFO]: [Not Secure] [Server] SNOWLAYER
[12:00:54] [Server thread/INFO]: [Not Secure] [Server] BIOME minecraft:frozen_peaks
[12:00:54] [Server thread/INFO]: System chat: y has 1226 [pt]
[12:00:55] [Server thread/INFO]: System chat: ws has 1227 [pt]
[12:00:55] [Server thread/INFO]: [Not Secure] [Server] PROBE P1 half 3550 -3380
[12:00:55] [Server thread/INFO]: System chat: Running function packtest:col
[12:00:55] [Server thread/INFO]: [Not Secure] [Server] TOP stone
[12:00:55] [Server thread/INFO]: [Not Secure] [Server] BIOME minecraft:stony_peaks
[12:00:55] [Server thread/INFO]: System chat: y has 641 [pt]
[12:00:55] [Server thread/INFO]: System chat: ws has 641 [pt]
[12:00:55] [Server thread/INFO]: [Not Secure] [Server] BIOMEOK P1 half
[12:00:55] [Server thread/INFO]: [Not Secure] [Server] PROBE P1 outside 3760 -3380
[12:00:55] [Server thread/INFO]: System chat: Running function packtest:col
[12:00:55] [Server thread/INFO]: [Not Secure] [Server] BIOME the_isles:void
[12:00:55] [Server thread/INFO]: System chat: y has -2032 [pt]
[12:00:55] [Server thread/INFO]: System chat: ws has -2032 [pt]
[12:00:55] [Server thread/INFO]: [Not Secure] [Server] PROBE P1 rim 3380 -3036
[12:00:55] [Server thread/INFO]: System chat: Running function packtest:col
[12:00:55] [Server thread/INFO]: [Not Secure] [Server] BIOME the_isles:void
[12:00:55] [Server thread/INFO]: System chat: y has -2032 [pt]
[12:00:55] [Server thread/INFO]: System chat: ws has -2032 [pt]
[12:00:55] [Server thread/INFO]: [Not Secure] [Server] BODY P1
[12:00:55] [Server thread/INFO]: System chat: Running function packtest:at
[12:00:55] [Server thread/INFO]: [Not Secure] [Server] AT stone
[12:00:55] [Server thread/INFO]: System chat: Running function packtest:at
[12:00:55] [Server thread/INFO]: [Not Secure] [Server] AT air
[12:00:55] [Server thread/INFO]: [Not Secure] [Server] MID P1 574
[12:00:56] [Server thread/INFO]: System chat: Running function packtest:at
[12:00:56] [Server thread/INFO]: [Not Secure] [Server] AT stone
[12:00:56] [Server thread/INFO]: System chat: Running function packtest:biome
[12:00:56] [Server thread/INFO]: [Not Secure] [Server] BIOME minecraft:stony_peaks
[12:00:56] [Server thread/INFO]: [Not Secure] [Server] TOPBIOMEOK P1
[12:00:56] [Server thread/INFO]: System chat: Unmarked all force loaded chunks in minecraft:overworld
[12:00:56] [Server thread/INFO]: System chat: Marked 8 chunks in minecraft:overworld from [210, -214] to [217, -214] to be force loaded
[12:00:57] [Server thread/INFO]: System chat: Marked chunk [226, -214] in minecraft:overworld to be force loaded
[12:00:58] [Server thread/INFO]: System chat: Marked chunk [210, -201] in minecraft:overworld to be force loaded
[12:01:00] [Server thread/INFO]: [Not Secure] [Server] LOADED Pt2
[12:01:01] [Server thread/INFO]: [Not Secure] [Server] PROBE Pt2 centre 3373 -3417
[12:01:01] [Server thread/INFO]: System chat: Running function packtest:col
[12:01:01] [Server thread/INFO]: [Not Secure] [Server] TOP snow_block
[12:01:01] [Server thread/INFO]: [Not Secure] [Server] SNOWLAYER
[12:01:01] [Server thread/INFO]: [Not Secure] [Server] BIOME minecraft:frozen_peaks
[12:01:01] [Server thread/INFO]: System chat: y has 1204 [pt]
[12:01:01] [Server thread/INFO]: System chat: ws has 1205 [pt]
[12:01:01] [Server thread/INFO]: [Not Secure] [Server] PROBE Pt2 half 3478 -3417
[12:01:01] [Server thread/INFO]: System chat: Running function packtest:col
[12:01:01] [Server thread/INFO]: [Not Secure] [Server] TOP snow_block
[12:01:01] [Server thread/INFO]: [Not Secure] [Server] SNOWLAYER
[12:01:01] [Server thread/INFO]: [Not Secure] [Server] BIOME minecraft:jagged_peaks
[12:01:01] [Server thread/INFO]: System chat: y has 946 [pt]
[12:01:01] [Server thread/INFO]: System chat: ws has 947 [pt]
[12:01:01] [Server thread/INFO]: [Not Secure] [Server] BIOMEOK Pt2 half
[12:01:01] [Server thread/INFO]: [Not Secure] [Server] PROBE Pt2 outside 3623 -3417
[12:01:01] [Server thread/INFO]: System chat: Running function packtest:col
[12:01:01] [Server thread/INFO]: [Not Secure] [Server] TOP stone
[12:01:01] [Server thread/INFO]: [Not Secure] [Server] BIOME minecraft:stony_peaks
[12:01:01] [Server thread/INFO]: System chat: y has 603 [pt]
[12:01:01] [Server thread/INFO]: System chat: ws has 603 [pt]
[12:01:01] [Server thread/INFO]: [Not Secure] [Server] PROBE Pt2 rim 3373 -3203
[12:01:01] [Server thread/INFO]: System chat: Running function packtest:col
[12:01:01] [Server thread/INFO]: [Not Secure] [Server] TOP stone
[12:01:01] [Server thread/INFO]: [Not Secure] [Server] BIOME minecraft:stony_peaks
[12:01:02] [Server thread/INFO]: System chat: y has 616 [pt]
[12:01:02] [Server thread/INFO]: System chat: ws has 616 [pt]
[12:01:02] [Server thread/INFO]: [Not Secure] [Server] BODY Pt2
[12:01:02] [Server thread/INFO]: System chat: Running function packtest:at
[12:01:02] [Server thread/INFO]: [Not Secure] [Server] AT stone
[12:01:02] [Server thread/INFO]: System chat: Running function packtest:at
[12:01:02] [Server thread/INFO]: [Not Secure] [Server] AT air
[12:01:02] [Server thread/INFO]: [Not Secure] [Server] MID Pt2 943
[12:01:02] [Server thread/INFO]: System chat: Running function packtest:at
[12:01:02] [Server thread/INFO]: [Not Secure] [Server] AT air
[12:01:02] [Server thread/INFO]: System chat: Running function packtest:biome
[12:01:02] [Server thread/INFO]: [Not Secure] [Server] BIOME minecraft:jagged_peaks
[12:01:02] [Server thread/INFO]: [Not Secure] [Server] TOPBIOMEOK Pt2
[12:01:02] [Server thread/INFO]: System chat: Unmarked all force loaded chunks in minecraft:overworld
[12:01:02] [Server thread/INFO]: System chat: Marked 4 chunks in minecraft:overworld from [211, -211] to [214, -211] to be force loaded
[12:01:03] [Server thread/INFO]: System chat: Marked chunk [220, -211] in minecraft:overworld to be force loaded
[12:01:03] [Server thread/INFO]: System chat: Marked chunk [211, -204] in minecraft:overworld to be force loaded
[12:01:04] [Server thread/INFO]: [Not Secure] [Server] LOADED Pt3
[12:01:05] [Server thread/INFO]: [Not Secure] [Server] PROBE Pt3 centre 3376 -3364
[12:01:05] [Server thread/INFO]: System chat: Running function packtest:col
[12:01:05] [Server thread/INFO]: [Not Secure] [Server] TOP snow_block
[12:01:05] [Server thread/INFO]: [Not Secure] [Server] SNOWLAYER
[12:01:05] [Server thread/INFO]: [Not Secure] [Server] BIOME minecraft:frozen_peaks
[12:01:05] [Server thread/INFO]: System chat: y has 1233 [pt]
[12:01:05] [Server thread/INFO]: System chat: ws has 1234 [pt]
[12:01:05] [Server thread/INFO]: [Not Secure] [Server] BIOMEOK Pt3 centre
[12:01:05] [Server thread/INFO]: [Not Secure] [Server] PROBE Pt3 half 3430 -3364
[12:01:05] [Server thread/INFO]: System chat: Running function packtest:col
[12:01:05] [Server thread/INFO]: [Not Secure] [Server] TOP snow_block
[12:01:05] [Server thread/INFO]: [Not Secure] [Server] SNOWLAYER
[12:01:05] [Server thread/INFO]: [Not Secure] [Server] BIOME minecraft:frozen_peaks
[12:01:05] [Server thread/INFO]: System chat: y has 1215 [pt]
[12:01:05] [Server thread/INFO]: System chat: ws has 1216 [pt]
[12:01:05] [Server thread/INFO]: [Not Secure] [Server] BIOMEOK Pt3 half
[12:01:05] [Server thread/INFO]: [Not Secure] [Server] PROBE Pt3 outside 3524 -3364
[12:01:06] [Server thread/INFO]: System chat: Running function packtest:col
[12:01:06] [Server thread/INFO]: [Not Secure] [Server] TOP stone
[12:01:06] [Server thread/INFO]: [Not Secure] [Server] BIOME minecraft:stony_peaks
[12:01:06] [Server thread/INFO]: System chat: y has 664 [pt]
[12:01:06] [Server thread/INFO]: System chat: ws has 664 [pt]
[12:01:06] [Server thread/INFO]: [Not Secure] [Server] PROBE Pt3 rim 3376 -3252
[12:01:06] [Server thread/INFO]: System chat: Running function packtest:col
[12:01:06] [Server thread/INFO]: [Not Secure] [Server] TOP stone
[12:01:06] [Server thread/INFO]: [Not Secure] [Server] BIOME minecraft:stony_peaks
[12:01:06] [Server thread/INFO]: System chat: y has 610 [pt]
[12:01:06] [Server thread/INFO]: System chat: ws has 610 [pt]
[12:01:06] [Server thread/INFO]: [Not Secure] [Server] BODY Pt3
[12:01:06] [Server thread/INFO]: System chat: Running function packtest:at
[12:01:06] [Server thread/INFO]: [Not Secure] [Server] AT stone
[12:01:06] [Server thread/INFO]: System chat: Running function packtest:at
[12:01:06] [Server thread/INFO]: [Not Secure] [Server] AT air
[12:01:06] [Server thread/INFO]: [Not Secure] [Server] MID Pt3 1217
[12:01:06] [Server thread/INFO]: System chat: Running function packtest:at
[12:01:06] [Server thread/INFO]: [Not Secure] [Server] AT stone
[12:01:06] [Server thread/INFO]: System chat: Running function packtest:biome
[12:01:06] [Server thread/INFO]: [Not Secure] [Server] BIOME minecraft:frozen_peaks
[12:01:06] [Server thread/INFO]: [Not Secure] [Server] TOPBIOMEOK Pt3
[12:01:06] [Server thread/INFO]: System chat: Unmarked all force loaded chunks in minecraft:overworld
[12:01:09] [Server thread/INFO]: System chat: Marked 8 chunks in minecraft:overworld from [-214, -214] to [-207, -214] to be force loaded
[12:01:09] [Server thread/INFO]: System chat: Marked chunk [-197, -214] in minecraft:overworld to be force loaded
[12:01:10] [Server thread/INFO]: System chat: Marked chunk [-214, -200] in minecraft:overworld to be force loaded
[12:01:10] [Server thread/WARN]: Can't keep up! Is the server overloaded? Running 3510ms or 70 ticks behind
[12:01:13] [Server thread/INFO]: [Not Secure] [Server] LOADED Q1
[12:01:13] [Server thread/INFO]: [Not Secure] [Server] PROBE Q1 centre -3420 -3420
[12:01:13] [Server thread/INFO]: System chat: Running function packtest:col
[12:01:13] [Server thread/INFO]: [Not Secure] [Server] TOP snow_block
[12:01:13] [Server thread/INFO]: [Not Secure] [Server] SNOWLAYER
[12:01:13] [Server thread/INFO]: [Not Secure] [Server] BIOME minecraft:snowy_slopes
[12:01:13] [Server thread/INFO]: System chat: y has 714 [pt]
[12:01:13] [Server thread/INFO]: System chat: ws has 715 [pt]
[12:01:14] [Server thread/INFO]: [Not Secure] [Server] PROBE Q1 half -3305 -3420
[12:01:14] [Server thread/INFO]: System chat: Running function packtest:col
[12:01:14] [Server thread/INFO]: [Not Secure] [Server] TOP snow_block
[12:01:14] [Server thread/INFO]: [Not Secure] [Server] BIOME minecraft:grove
[12:01:14] [Server thread/INFO]: System chat: y has 531 [pt]
[12:01:14] [Server thread/INFO]: System chat: ws has 553 [pt]
[12:01:14] [Server thread/INFO]: [Not Secure] [Server] PROBE Q1 outside -3150 -3420
[12:01:14] [Server thread/INFO]: System chat: Running function packtest:col
[12:01:14] [Server thread/INFO]: [Not Secure] [Server] BIOME the_isles:void
[12:01:14] [Server thread/INFO]: System chat: y has -2032 [pt]
[12:01:14] [Server thread/INFO]: System chat: ws has -2032 [pt]
[12:01:14] [Server thread/INFO]: [Not Secure] [Server] PROBE Q1 rim -3420 -3186
[12:01:14] [Server thread/INFO]: System chat: Running function packtest:col
[12:01:14] [Server thread/INFO]: [Not Secure] [Server] BIOME the_isles:void
[12:01:14] [Server thread/INFO]: System chat: y has -2032 [pt]
[12:01:14] [Server thread/INFO]: System chat: ws has -2032 [pt]
[12:01:14] [Server thread/INFO]: [Not Secure] [Server] BODY Q1
[12:01:14] [Server thread/INFO]: System chat: Running function packtest:at
[12:01:14] [Server thread/INFO]: [Not Secure] [Server] AT stone
[12:01:14] [Server thread/INFO]: System chat: Running function packtest:at
[12:01:14] [Server thread/INFO]: [Not Secure] [Server] AT air
[12:01:14] [Server thread/INFO]: [Not Secure] [Server] MID Q1 277
[12:01:14] [Server thread/INFO]: System chat: Running function packtest:at
[12:01:14] [Server thread/INFO]: [Not Secure] [Server] AT stone
[12:01:14] [Server thread/INFO]: System chat: Running function packtest:biome
[12:01:14] [Server thread/INFO]: [Not Secure] [Server] BIOME minecraft:meadow
[12:01:15] [Server thread/INFO]: [Not Secure] [Server] TOPBIOMEOK Q1
[12:01:15] [Server thread/INFO]: System chat: Unmarked all force loaded chunks in minecraft:overworld
[12:01:16] [Server thread/INFO]: System chat: Marked 5 chunks in minecraft:overworld from [-212, -217] to [-208, -217] to be force loaded
[12:01:16] [Server thread/INFO]: System chat: Marked chunk [-201, -217] in minecraft:overworld to be force loaded
[12:01:17] [Server thread/INFO]: System chat: Marked chunk [-212, -208] in minecraft:overworld to be force loaded
[12:01:18] [Server thread/INFO]: [Not Secure] [Server] LOADED Qt2
[12:01:19] [Server thread/INFO]: [Not Secure] [Server] PROBE Qt2 centre -3388 -3458
[12:01:19] [Server thread/INFO]: System chat: Running function packtest:col
[12:01:19] [Server thread/INFO]: [Not Secure] [Server] TOP snow_block
[12:01:19] [Server thread/INFO]: [Not Secure] [Server] SNOWLAYER
[12:01:19] [Server thread/INFO]: [Not Secure] [Server] BIOME minecraft:snowy_slopes
[12:01:19] [Server thread/INFO]: System chat: y has 701 [pt]
[12:01:19] [Server thread/INFO]: System chat: ws has 702 [pt]
[12:01:19] [Server thread/INFO]: [Not Secure] [Server] PROBE Qt2 half -3319 -3458
[12:01:19] [Server thread/INFO]: System chat: Running function packtest:col
[12:01:19] [Server thread/INFO]: [Not Secure] [Server] TOP snow_block
[12:01:19] [Server thread/INFO]: [Not Secure] [Server] BIOME minecraft:grove
[12:01:19] [Server thread/INFO]: System chat: y has 528 [pt]
[12:01:19] [Server thread/INFO]: System chat: ws has 534 [pt]
[12:01:19] [Server thread/INFO]: [Not Secure] [Server] BIOMEOK Qt2 half
[12:01:19] [Server thread/INFO]: [Not Secure] [Server] PROBE Qt2 outside -3210 -3458
[12:01:19] [Server thread/INFO]: System chat: Running function packtest:col
[12:01:19] [Server thread/INFO]: [Not Secure] [Server] BIOME the_isles:void
[12:01:19] [Server thread/INFO]: System chat: y has -2032 [pt]
[12:01:19] [Server thread/INFO]: System chat: ws has -2032 [pt]
[12:01:19] [Server thread/INFO]: [Not Secure] [Server] PROBE Qt2 rim -3388 -3316
[12:01:19] [Server thread/INFO]: System chat: Running function packtest:col
[12:01:19] [Server thread/INFO]: [Not Secure] [Server] TOP grass_block
[12:01:19] [Server thread/INFO]: [Not Secure] [Server] BIOME minecraft:meadow
[12:01:19] [Server thread/INFO]: System chat: y has 330 [pt]
[12:01:19] [Server thread/INFO]: System chat: ws has 330 [pt]
[12:01:20] [Server thread/INFO]: [Not Secure] [Server] BODY Qt2
[12:01:20] [Server thread/INFO]: System chat: Running function packtest:at
[12:01:20] [Server thread/INFO]: [Not Secure] [Server] AT stone
[12:01:20] [Server thread/INFO]: System chat: Running function packtest:at
[12:01:20] [Server thread/INFO]: [Not Secure] [Server] AT air
[12:01:20] [Server thread/INFO]: [Not Secure] [Server] MID Qt2 516
[12:01:20] [Server thread/INFO]: System chat: Running function packtest:at
[12:01:20] [Server thread/INFO]: [Not Secure] [Server] AT stone
[12:01:20] [Server thread/INFO]: System chat: Running function packtest:biome
[12:01:20] [Server thread/INFO]: [Not Secure] [Server] BIOME minecraft:grove
[12:01:20] [Server thread/INFO]: [Not Secure] [Server] TOPBIOMEOK Qt2
[12:01:20] [Server thread/INFO]: System chat: Unmarked all force loaded chunks in minecraft:overworld
[12:01:20] [Server thread/INFO]: System chat: Marked 3 chunks in minecraft:overworld from [-214, -214] to [-212, -214] to be force loaded
[12:01:20] [Server thread/INFO]: System chat: Marked chunk [-207, -214] in minecraft:overworld to be force loaded
[12:01:20] [Server thread/INFO]: System chat: Marked chunk [-214, -210] in minecraft:overworld to be force loaded
[12:01:20] [Server thread/INFO]: [Not Secure] [Server] LOADED Qt3
[12:01:21] [Server thread/INFO]: [Not Secure] [Server] PROBE Qt3 centre -3411 -3418
[12:01:21] [Server thread/INFO]: System chat: Running function packtest:col
[12:01:21] [Server thread/INFO]: [Not Secure] [Server] TOP snow_block
[12:01:21] [Server thread/INFO]: [Not Secure] [Server] SNOWLAYER
[12:01:21] [Server thread/INFO]: [Not Secure] [Server] BIOME minecraft:snowy_slopes
[12:01:21] [Server thread/INFO]: System chat: y has 712 [pt]
[12:01:21] [Server thread/INFO]: System chat: ws has 713 [pt]
[12:01:21] [Server thread/INFO]: [Not Secure] [Server] BIOMEOK Qt3 centre
[12:01:21] [Server thread/INFO]: [Not Secure] [Server] PROBE Qt3 half -3377 -3418
[12:01:21] [Server thread/INFO]: System chat: Running function packtest:col
[12:01:21] [Server thread/INFO]: [Not Secure] [Server] TOP snow_block
[12:01:21] [Server thread/INFO]: [Not Secure] [Server] SNOWLAYER
[12:01:21] [Server thread/INFO]: [Not Secure] [Server] BIOME minecraft:snowy_slopes
[12:01:21] [Server thread/INFO]: System chat: y has 703 [pt]
[12:01:21] [Server thread/INFO]: System chat: ws has 704 [pt]
[12:01:21] [Server thread/INFO]: [Not Secure] [Server] BIOMEOK Qt3 half
[12:01:21] [Server thread/INFO]: [Not Secure] [Server] PROBE Qt3 outside -3302 -3418
[12:01:21] [Server thread/INFO]: System chat: Running function packtest:col
[12:01:21] [Server thread/INFO]: [Not Secure] [Server] TOP snow_block
[12:01:21] [Server thread/INFO]: [Not Secure] [Server] BIOME minecraft:grove
[12:01:21] [Server thread/INFO]: System chat: y has 529 [pt]
[12:01:22] [Server thread/INFO]: System chat: ws has 537 [pt]
[12:01:22] [Server thread/INFO]: [Not Secure] [Server] PROBE Qt3 rim -3411 -3345
[12:01:22] [Server thread/INFO]: System chat: Running function packtest:col
[12:01:22] [Server thread/INFO]: [Not Secure] [Server] TOP snow_block
[12:01:22] [Server thread/INFO]: [Not Secure] [Server] SNOWLAYER
[12:01:22] [Server thread/INFO]: [Not Secure] [Server] BIOME minecraft:grove
[12:01:22] [Server thread/INFO]: System chat: y has 539 [pt]
[12:01:22] [Server thread/INFO]: System chat: ws has 540 [pt]
[12:01:22] [Server thread/INFO]: [Not Secure] [Server] BODY Qt3
[12:01:22] [Server thread/INFO]: System chat: Running function packtest:at
[12:01:22] [Server thread/INFO]: [Not Secure] [Server] AT stone
[12:01:22] [Server thread/INFO]: System chat: Running function packtest:at
[12:01:22] [Server thread/INFO]: [Not Secure] [Server] AT air
[12:01:22] [Server thread/INFO]: [Not Secure] [Server] MID Qt3 696
[12:01:22] [Server thread/INFO]: System chat: Running function packtest:at
[12:01:22] [Server thread/INFO]: [Not Secure] [Server] AT stone
[12:01:22] [Server thread/INFO]: System chat: Running function packtest:biome
[12:01:22] [Server thread/INFO]: [Not Secure] [Server] BIOME minecraft:snowy_slopes
[12:01:22] [Server thread/INFO]: [Not Secure] [Server] TOPBIOMEOK Qt3
[12:01:22] [Server thread/INFO]: System chat: Unmarked all force loaded chunks in minecraft:overworld
[12:01:25] [Server thread/INFO]: System chat: Marked 9 chunks in minecraft:overworld from [-211, 87] to [-203, 87] to be force loaded
[12:01:26] [Server thread/INFO]: System chat: Marked chunk [-192, 87] in minecraft:overworld to be force loaded
[12:01:26] [Server thread/INFO]: System chat: Marked chunk [-211, 103] in minecraft:overworld to be force loaded
[12:01:28] [Server thread/INFO]: [Not Secure] [Server] LOADED J1
[12:01:29] [Server thread/INFO]: [Not Secure] [Server] PROBE J1 centre -3372 1397
[12:01:29] [Server thread/INFO]: System chat: Running function packtest:col
[12:01:29] [Server thread/INFO]: [Not Secure] [Server] TOP #terracotta
[12:01:29] [Server thread/INFO]: [Not Secure] [Server] BIOME minecraft:badlands
[12:01:29] [Server thread/INFO]: System chat: y has -170 [pt]
[12:01:29] [Server thread/INFO]: System chat: ws has -170 [pt]
[12:01:29] [Server thread/INFO]: [Not Secure] [Server] BIOMEOK J1 centre
[12:01:29] [Server thread/INFO]: [Not Secure] [Server] PROBE J1 half -3242 1397
[12:01:29] [Server thread/INFO]: System chat: Running function packtest:col
[12:01:29] [Server thread/INFO]: [Not Secure] [Server] TOP #terracotta
[12:01:29] [Server thread/INFO]: [Not Secure] [Server] BIOME minecraft:badlands
[12:01:30] [Server thread/INFO]: System chat: y has -522 [pt]
[12:01:30] [Server thread/INFO]: System chat: ws has -521 [pt]
[12:01:30] [Server thread/INFO]: [Not Secure] [Server] BIOMEOK J1 half
[12:01:30] [Server thread/INFO]: [Not Secure] [Server] PROBE J1 outside -3072 1397
[12:01:30] [Server thread/INFO]: System chat: Running function packtest:col
[12:01:30] [Server thread/INFO]: [Not Secure] [Server] BIOME the_isles:void
[12:01:30] [Server thread/INFO]: System chat: y has -2032 [pt]
[12:01:30] [Server thread/INFO]: System chat: ws has -2032 [pt]
[12:01:30] [Server thread/INFO]: [Not Secure] [Server] PROBE J1 rim -3372 1661
[12:01:30] [Server thread/INFO]: System chat: Running function packtest:col
[12:01:30] [Server thread/INFO]: [Not Secure] [Server] TOP other
[12:01:30] [Server thread/INFO]: [Not Secure] [Server] BIOME minecraft:badlands
[12:01:30] [Server thread/INFO]: System chat: y has -535 [pt]
[12:01:30] [Server thread/INFO]: System chat: ws has -535 [pt]
[12:01:30] [Server thread/INFO]: [Not Secure] [Server] BODY J1
[12:01:30] [Server thread/INFO]: System chat: Running function packtest:at
[12:01:30] [Server thread/INFO]: [Not Secure] [Server] AT #terracotta
[12:01:30] [Server thread/INFO]: System chat: Running function packtest:at
[12:01:30] [Server thread/INFO]: [Not Secure] [Server] AT air
[12:01:30] [Server thread/INFO]: [Not Secure] [Server] MID J1 -580
[12:01:30] [Server thread/INFO]: System chat: Running function packtest:at
[12:01:30] [Server thread/INFO]: [Not Secure] [Server] AT stone
[12:01:30] [Server thread/INFO]: System chat: Running function packtest:biome
[12:01:30] [Server thread/INFO]: [Not Secure] [Server] BIOME minecraft:badlands
[12:01:30] [Server thread/INFO]: [Not Secure] [Server] TOPBIOMEOK J1
[12:01:30] [Server thread/INFO]: System chat: Unmarked all force loaded chunks in minecraft:overworld
[12:01:31] [Server thread/INFO]: System chat: Marked 6 chunks in minecraft:overworld from [-212, 89] to [-207, 89] to be force loaded
[12:01:32] [Server thread/INFO]: System chat: Marked chunk [-199, 89] in minecraft:overworld to be force loaded
[12:01:32] [Server thread/INFO]: System chat: Marked chunk [-212, 99] in minecraft:overworld to be force loaded
[12:01:34] [Server thread/INFO]: [Not Secure] [Server] LOADED Jt2
[12:01:34] [Server thread/INFO]: [Not Secure] [Server] PROBE Jt2 centre -3378 1433
[12:01:35] [Server thread/INFO]: System chat: Running function packtest:col
[12:01:35] [Server thread/INFO]: [Not Secure] [Server] TOP red_sand
[12:01:35] [Server thread/INFO]: [Not Secure] [Server] BIOME minecraft:badlands
[12:01:35] [Server thread/INFO]: System chat: y has -178 [pt]
[12:01:35] [Server thread/INFO]: System chat: ws has -178 [pt]
[12:01:35] [Server thread/INFO]: [Not Secure] [Server] PROBE Jt2 half -3300 1433
[12:01:35] [Server thread/INFO]: System chat: Running function packtest:col
[12:01:35] [Server thread/INFO]: [Not Secure] [Server] TOP #terracotta
[12:01:35] [Server thread/INFO]: [Not Secure] [Server] BIOME minecraft:wooded_badlands
[12:01:35] [Server thread/INFO]: System chat: y has -336 [pt]
[12:01:35] [Server thread/INFO]: System chat: ws has -336 [pt]
[12:01:35] [Server thread/INFO]: [Not Secure] [Server] BIOMEOK Jt2 half
[12:01:35] [Server thread/INFO]: [Not Secure] [Server] PROBE Jt2 outside -3182 1433
[12:01:35] [Server thread/INFO]: System chat: Running function packtest:col
[12:01:35] [Server thread/INFO]: [Not Secure] [Server] TOP red_sand
[12:01:35] [Server thread/INFO]: [Not Secure] [Server] BIOME minecraft:badlands
[12:01:35] [Server thread/INFO]: System chat: y has -542 [pt]
[12:01:35] [Server thread/INFO]: System chat: ws has -542 [pt]
[12:01:35] [Server thread/INFO]: [Not Secure] [Server] PROBE Jt2 rim -3378 1593
[12:01:35] [Server thread/INFO]: System chat: Running function packtest:col
[12:01:35] [Server thread/INFO]: [Not Secure] [Server] TOP #terracotta
[12:01:35] [Server thread/INFO]: [Not Secure] [Server] BIOME minecraft:badlands
[12:01:35] [Server thread/INFO]: System chat: y has -530 [pt]
[12:01:35] [Server thread/INFO]: System chat: ws has -530 [pt]
[12:01:35] [Server thread/INFO]: [Not Secure] [Server] BODY Jt2
[12:01:35] [Server thread/INFO]: System chat: Running function packtest:at
[12:01:35] [Server thread/INFO]: [Not Secure] [Server] AT #terracotta
[12:01:36] [Server thread/INFO]: System chat: Running function packtest:at
[12:01:36] [Server thread/INFO]: [Not Secure] [Server] AT air
[12:01:36] [Server thread/INFO]: [Not Secure] [Server] MID Jt2 -350
[12:01:36] [Server thread/INFO]: System chat: Running function packtest:at
[12:01:36] [Server thread/INFO]: [Not Secure] [Server] AT #terracotta
[12:01:36] [Server thread/INFO]: System chat: Running function packtest:biome
[12:01:36] [Server thread/INFO]: [Not Secure] [Server] BIOME minecraft:wooded_badlands
[12:01:36] [Server thread/INFO]: [Not Secure] [Server] TOPBIOMEOK Jt2
[12:01:36] [Server thread/INFO]: System chat: Unmarked all force loaded chunks in minecraft:overworld
[12:01:36] [Server thread/INFO]: System chat: Marked 3 chunks in minecraft:overworld from [-211, 87] to [-209, 87] to be force loaded
[12:01:36] [Server thread/INFO]: System chat: Marked chunk [-204, 87] in minecraft:overworld to be force loaded
[12:01:37] [Server thread/INFO]: System chat: Marked chunk [-211, 92] in minecraft:overworld to be force loaded
[12:01:37] [Server thread/INFO]: [Not Secure] [Server] LOADED Jt3
[12:01:38] [Server thread/INFO]: [Not Secure] [Server] PROBE Jt3 centre -3368 1402
[12:01:38] [Server thread/INFO]: System chat: Running function packtest:col
[12:01:38] [Server thread/INFO]: [Not Secure] [Server] TOP #terracotta
[12:01:38] [Server thread/INFO]: [Not Secure] [Server] BIOME minecraft:badlands
[12:01:38] [Server thread/INFO]: System chat: y has -171 [pt]
[12:01:38] [Server thread/INFO]: System chat: ws has -171 [pt]
[12:01:38] [Server thread/INFO]: [Not Secure] [Server] BIOMEOK Jt3 centre
[12:01:38] [Server thread/INFO]: [Not Secure] [Server] PROBE Jt3 half -3329 1402
[12:01:38] [Server thread/INFO]: System chat: Running function packtest:col
[12:01:38] [Server thread/INFO]: [Not Secure] [Server] TOP #terracotta
[12:01:38] [Server thread/INFO]: [Not Secure] [Server] BIOME minecraft:badlands
[12:01:38] [Server thread/INFO]: System chat: y has -179 [pt]
[12:01:38] [Server thread/INFO]: System chat: ws has -179 [pt]
[12:01:38] [Server thread/INFO]: [Not Secure] [Server] BIOMEOK Jt3 half
[12:01:38] [Server thread/INFO]: [Not Secure] [Server] PROBE Jt3 outside -3250 1402
[12:01:38] [Server thread/INFO]: System chat: Running function packtest:col
[12:01:38] [Server thread/INFO]: [Not Secure] [Server] TOP #terracotta
[12:01:38] [Server thread/INFO]: [Not Secure] [Server] BIOME minecraft:wooded_badlands
[12:01:38] [Server thread/INFO]: System chat: y has -335 [pt]
[12:01:38] [Server thread/INFO]: System chat: ws has -335 [pt]
[12:01:38] [Server thread/INFO]: [Not Secure] [Server] PROBE Jt3 rim -3368 1484
[12:01:38] [Server thread/INFO]: System chat: Running function packtest:col
[12:01:38] [Server thread/INFO]: [Not Secure] [Server] TOP red_sand
[12:01:38] [Server thread/INFO]: [Not Secure] [Server] BIOME minecraft:wooded_badlands
[12:01:39] [Server thread/INFO]: System chat: y has -337 [pt]
[12:01:39] [Server thread/INFO]: System chat: ws has -337 [pt]
[12:01:39] [Server thread/INFO]: [Not Secure] [Server] BODY Jt3
[12:01:39] [Server thread/INFO]: System chat: Running function packtest:at
[12:01:39] [Server thread/INFO]: [Not Secure] [Server] AT #terracotta
[12:01:39] [Server thread/INFO]: System chat: Running function packtest:at
[12:01:39] [Server thread/INFO]: [Not Secure] [Server] AT air
[12:01:39] [Server thread/INFO]: [Not Secure] [Server] MID Jt3 -176
[12:01:39] [Server thread/INFO]: System chat: Running function packtest:at
[12:01:39] [Server thread/INFO]: [Not Secure] [Server] AT #terracotta
[12:01:39] [Server thread/INFO]: System chat: Running function packtest:biome
[12:01:39] [Server thread/INFO]: [Not Secure] [Server] BIOME minecraft:badlands
[12:01:39] [Server thread/INFO]: [Not Secure] [Server] TOPBIOMEOK Jt3
[12:01:39] [Server thread/INFO]: System chat: Unmarked all force loaded chunks in minecraft:overworld
[12:01:42] [Server thread/INFO]: System chat: Marked 10 chunks in minecraft:overworld from [-144, 0] to [-135, 0] to be force loaded
[12:01:42] [Server thread/INFO]: System chat: Marked chunk [-123, 0] in minecraft:overworld to be force loaded
[12:01:43] [Server thread/INFO]: System chat: Marked chunk [-144, 19] in minecraft:overworld to be force loaded
[12:01:43] [Server thread/WARN]: Can't keep up! Is the server overloaded? Running 3444ms or 68 ticks behind
[12:01:45] [Server thread/INFO]: [Not Secure] [Server] LOADED D1
[12:01:46] [Server thread/INFO]: [Not Secure] [Server] PROBE D1 centre -2300 0
[12:01:46] [Server thread/INFO]: System chat: Running function packtest:col
[12:01:46] [Server thread/INFO]: [Not Secure] [Server] TOP water
[12:01:46] [Server thread/INFO]: [Not Secure] [Server] BIOME minecraft:deep_lukewarm_ocean
[12:01:46] [Server thread/INFO]: System chat: y has 327 [pt]
[12:01:46] [Server thread/INFO]: System chat: ws has 327 [pt]
[12:01:46] [Server thread/INFO]: [Not Secure] [Server] BIOMEOK D1 centre
[12:01:46] [Server thread/INFO]: [Not Secure] [Server] PROBE D1 half -2150 0
[12:01:46] [Server thread/INFO]: System chat: Running function packtest:col
[12:01:46] [Server thread/INFO]: [Not Secure] [Server] TOP water
[12:01:46] [Server thread/INFO]: [Not Secure] [Server] BIOME minecraft:deep_lukewarm_ocean
[12:01:46] [Server thread/INFO]: System chat: y has 327 [pt]
[12:01:46] [Server thread/INFO]: System chat: ws has 327 [pt]
[12:01:46] [Server thread/INFO]: [Not Secure] [Server] BIOMEOK D1 half
[12:01:47] [Server thread/INFO]: [Not Secure] [Server] PROBE D1 outside -1960 0
[12:01:47] [Server thread/INFO]: System chat: Running function packtest:col
[12:01:47] [Server thread/INFO]: [Not Secure] [Server] BIOME the_isles:void
[12:01:47] [Server thread/INFO]: System chat: y has -2032 [pt]
[12:01:47] [Server thread/INFO]: System chat: ws has -2032 [pt]
[12:01:47] [Server thread/INFO]: [Not Secure] [Server] PROBE D1 rim -2300 304
[12:01:47] [Server thread/INFO]: System chat: Running function packtest:col
[12:01:47] [Server thread/INFO]: [Not Secure] [Server] BIOME the_isles:void
[12:01:47] [Server thread/INFO]: System chat: y has -2032 [pt]
[12:01:47] [Server thread/INFO]: System chat: ws has -2032 [pt]
[12:01:47] [Server thread/INFO]: [Not Secure] [Server] BODY D1
[12:01:47] [Server thread/INFO]: System chat: Running function packtest:at
[12:01:47] [Server thread/INFO]: [Not Secure] [Server] AT water
[12:01:47] [Server thread/INFO]: System chat: Running function packtest:at
[12:01:47] [Server thread/INFO]: [Not Secure] [Server] AT air
[12:01:47] [Server thread/INFO]: [Not Secure] [Server] MID D1 264
[12:01:47] [Server thread/INFO]: System chat: Running function packtest:at
[12:01:47] [Server thread/INFO]: [Not Secure] [Server] AT andesite
[12:01:47] [Server thread/INFO]: System chat: Running function packtest:biome
[12:01:47] [Server thread/INFO]: [Not Secure] [Server] BIOME minecraft:deep_lukewarm_ocean
[12:01:47] [Server thread/INFO]: [Not Secure] [Server] TOPBIOMEOK D1
[12:01:47] [Server thread/INFO]: System chat: Unmarked all force loaded chunks in minecraft:overworld
[12:01:51] [Server thread/INFO]: System chat: Marked 11 chunks in minecraft:overworld from [-211, -88] to [-201, -88] to be force loaded
[12:01:51] [Server thread/INFO]: System chat: Marked chunk [-189, -88] in minecraft:overworld to be force loaded
[12:01:52] [Server thread/INFO]: System chat: Marked chunk [-211, -68] in minecraft:overworld to be force loaded
[12:01:55] [Server thread/INFO]: [Not Secure] [Server] LOADED K1
[12:01:55] [Server thread/INFO]: [Not Secure] [Server] PROBE K1 centre -3372 -1397
[12:01:55] [Server thread/INFO]: System chat: Running function packtest:col
[12:01:55] [Server thread/INFO]: [Not Secure] [Server] TOP water
[12:01:55] [Server thread/INFO]: [Not Secure] [Server] BIOME minecraft:deep_ocean
[12:01:55] [Server thread/INFO]: System chat: y has 1243 [pt]
[12:01:55] [Server thread/INFO]: System chat: ws has 1243 [pt]
[12:01:56] [Server thread/INFO]: [Not Secure] [Server] BIOMEOK K1 centre
[12:01:56] [Server thread/INFO]: [Not Secure] [Server] PROBE K1 half -3212 -1397
[12:01:56] [Server thread/INFO]: System chat: Running function packtest:col
[12:01:56] [Server thread/INFO]: [Not Secure] [Server] TOP water
[12:01:56] [Server thread/INFO]: [Not Secure] [Server] BIOME minecraft:deep_ocean
[12:01:56] [Server thread/INFO]: System chat: y has 1243 [pt]
[12:01:56] [Server thread/INFO]: System chat: ws has 1243 [pt]
[12:01:56] [Server thread/INFO]: [Not Secure] [Server] BIOMEOK K1 half
[12:01:56] [Server thread/INFO]: [Not Secure] [Server] PROBE K1 outside -3012 -1397
[12:01:56] [Server thread/INFO]: System chat: Running function packtest:col
[12:01:56] [Server thread/INFO]: [Not Secure] [Server] BIOME the_isles:void
[12:01:56] [Server thread/INFO]: System chat: y has -2032 [pt]
[12:01:56] [Server thread/INFO]: System chat: ws has -2032 [pt]
[12:01:56] [Server thread/INFO]: [Not Secure] [Server] PROBE K1 rim -3372 -1073
[12:01:56] [Server thread/INFO]: System chat: Running function packtest:col
[12:01:56] [Server thread/INFO]: [Not Secure] [Server] BIOME the_isles:void
[12:01:56] [Server thread/INFO]: System chat: y has -2032 [pt]
[12:01:56] [Server thread/INFO]: System chat: ws has -2032 [pt]
[12:01:56] [Server thread/INFO]: [Not Secure] [Server] BODY K1
[12:01:56] [Server thread/INFO]: System chat: Running function packtest:at
[12:01:56] [Server thread/INFO]: [Not Secure] [Server] AT water
[12:01:56] [Server thread/INFO]: System chat: Running function packtest:at
[12:01:56] [Server thread/INFO]: [Not Secure] [Server] AT air
[12:01:56] [Server thread/INFO]: [Not Secure] [Server] MID K1 1178
[12:01:56] [Server thread/INFO]: System chat: Running function packtest:at
[12:01:56] [Server thread/INFO]: [Not Secure] [Server] AT stone
[12:01:57] [Server thread/INFO]: System chat: Running function packtest:biome
[12:01:57] [Server thread/INFO]: [Not Secure] [Server] BIOME minecraft:deep_ocean
[12:01:57] [Server thread/INFO]: [Not Secure] [Server] TOPBIOMEOK K1
[12:01:57] [Server thread/INFO]: System chat: Unmarked all force loaded chunks in minecraft:overworld
[12:01:59] [Server thread/INFO]: System chat: Marked 6 chunks in minecraft:overworld from [-156, -81] to [-151, -81] to be force loaded
[12:02:00] [Server thread/INFO]: System chat: Marked chunk [-144, -81] in minecraft:overworld to be force loaded
[12:02:00] [Server thread/INFO]: System chat: Marked chunk [-156, -72] in minecraft:overworld to be force loaded
[12:02:00] [Server thread/WARN]: Can't keep up! Is the server overloaded? Running 2422ms or 48 ticks behind
[12:02:03] [Server thread/INFO]: [Not Secure] [Server] LOADED K6
[12:02:04] [Server thread/INFO]: [Not Secure] [Server] PROBE K6 centre -2486 -1286
[12:02:04] [Server thread/INFO]: System chat: Running function packtest:col
[12:02:04] [Server thread/INFO]: [Not Secure] [Server] TOP water
[12:02:04] [Server thread/INFO]: [Not Secure] [Server] BIOME minecraft:ocean
[12:02:04] [Server thread/INFO]: System chat: y has 1395 [pt]
[12:02:04] [Server thread/INFO]: System chat: ws has 1395 [pt]
[12:02:04] [Server thread/INFO]: [Not Secure] [Server] BIOMEOK K6 centre
[12:02:04] [Server thread/INFO]: [Not Secure] [Server] PROBE K6 half -2415 -1286
[12:02:04] [Server thread/INFO]: System chat: Running function packtest:col
[12:02:04] [Server thread/INFO]: [Not Secure] [Server] TOP water
[12:02:04] [Server thread/INFO]: [Not Secure] [Server] BIOME minecraft:ocean
[12:02:04] [Server thread/INFO]: System chat: y has 1395 [pt]
[12:02:04] [Server thread/INFO]: System chat: ws has 1395 [pt]
[12:02:04] [Server thread/INFO]: [Not Secure] [Server] BIOMEOK K6 half
[12:02:04] [Server thread/INFO]: [Not Secure] [Server] PROBE K6 outside -2303 -1286
[12:02:04] [Server thread/INFO]: System chat: Running function packtest:col
[12:02:04] [Server thread/INFO]: [Not Secure] [Server] BIOME the_isles:void
[12:02:04] [Server thread/INFO]: System chat: y has -2032 [pt]
[12:02:04] [Server thread/INFO]: System chat: ws has -2032 [pt]
[12:02:04] [Server thread/INFO]: [Not Secure] [Server] PROBE K6 rim -2486 -1139
[12:02:04] [Server thread/INFO]: System chat: Running function packtest:col
[12:02:04] [Server thread/INFO]: [Not Secure] [Server] BIOME the_isles:void
[12:02:04] [Server thread/INFO]: System chat: y has -2032 [pt]
[12:02:05] [Server thread/INFO]: System chat: ws has -2032 [pt]
[12:02:05] [Server thread/INFO]: [Not Secure] [Server] BODY K6
[12:02:05] [Server thread/INFO]: System chat: Running function packtest:at
[12:02:05] [Server thread/INFO]: [Not Secure] [Server] AT water
[12:02:05] [Server thread/INFO]: System chat: Running function packtest:at
[12:02:05] [Server thread/INFO]: [Not Secure] [Server] AT air
[12:02:05] [Server thread/INFO]: [Not Secure] [Server] MID K6 1371
[12:02:05] [Server thread/INFO]: System chat: Running function packtest:at
[12:02:05] [Server thread/INFO]: [Not Secure] [Server] AT stone
[12:02:05] [Server thread/INFO]: System chat: Running function packtest:biome
[12:02:05] [Server thread/INFO]: [Not Secure] [Server] BIOME minecraft:ocean
[12:02:05] [Server thread/INFO]: [Not Secure] [Server] TOPBIOMEOK K6
[12:02:05] [Server thread/INFO]: System chat: Unmarked all force loaded chunks in minecraft:overworld
[12:02:06] [Server thread/INFO]: System chat: Marked 3 chunks in minecraft:overworld from [69, -196] to [71, -196] to be force loaded
[12:02:06] [Server thread/INFO]: System chat: Marked chunk [75, -196] in minecraft:overworld to be force loaded
[12:02:06] [Server thread/INFO]: System chat: Marked chunk [69, -192] in minecraft:overworld to be force loaded
[12:02:09] [Server thread/INFO]: [Not Secure] [Server] LOADED M4
[12:02:10] [Server thread/INFO]: [Not Secure] [Server] PROBE M4 centre 1114 -3126
[12:02:10] [Server thread/INFO]: System chat: Running function packtest:col
[12:02:10] [Server thread/INFO]: [Not Secure] [Server] TOP sand
[12:02:10] [Server thread/INFO]: [Not Secure] [Server] SNOWLAYER
[12:02:10] [Server thread/INFO]: [Not Secure] [Server] BIOME minecraft:snowy_beach
[12:02:10] [Server thread/INFO]: System chat: y has -1351 [pt]
[12:02:10] [Server thread/INFO]: System chat: ws has -1350 [pt]
[12:02:10] [Server thread/INFO]: [Not Secure] [Server] BIOMEOK M4 centre
[12:02:10] [Server thread/INFO]: [Not Secure] [Server] PROBE M4 half 1140 -3126
[12:02:10] [Server thread/INFO]: System chat: Running function packtest:col
[12:02:10] [Server thread/INFO]: [Not Secure] [Server] TOP sand
[12:02:10] [Server thread/INFO]: [Not Secure] [Server] SNOWLAYER
[12:02:10] [Server thread/INFO]: [Not Secure] [Server] BIOME minecraft:snowy_beach
[12:02:10] [Server thread/INFO]: System chat: y has -1351 [pt]
[12:02:10] [Server thread/INFO]: System chat: ws has -1350 [pt]
[12:02:10] [Server thread/INFO]: [Not Secure] [Server] BIOMEOK M4 half
[12:02:10] [Server thread/INFO]: [Not Secure] [Server] PROBE M4 outside 1206 -3126
[12:02:11] [Server thread/INFO]: System chat: Running function packtest:col
[12:02:11] [Server thread/INFO]: [Not Secure] [Server] BIOME the_isles:void
[12:02:11] [Server thread/INFO]: System chat: y has -2032 [pt]
[12:02:11] [Server thread/INFO]: System chat: ws has -2032 [pt]
[12:02:11] [Server thread/INFO]: [Not Secure] [Server] PROBE M4 rim 1114 -3070
[12:02:11] [Server thread/INFO]: System chat: Running function packtest:col
[12:02:11] [Server thread/INFO]: [Not Secure] [Server] BIOME the_isles:void
[12:02:11] [Server thread/INFO]: System chat: y has -2032 [pt]
[12:02:11] [Server thread/INFO]: System chat: ws has -2032 [pt]
[12:02:11] [Server thread/INFO]: [Not Secure] [Server] BODY M4
[12:02:11] [Server thread/INFO]: System chat: Running function packtest:at
[12:02:11] [Server thread/INFO]: [Not Secure] [Server] AT stone
[12:02:11] [Server thread/INFO]: System chat: Running function packtest:at
[12:02:11] [Server thread/INFO]: [Not Secure] [Server] AT air
[12:02:11] [Server thread/INFO]: [Not Secure] [Server] MID M4 -1363
[12:02:11] [Server thread/INFO]: System chat: Running function packtest:at
[12:02:11] [Server thread/INFO]: [Not Secure] [Server] AT stone
[12:02:11] [Server thread/INFO]: System chat: Running function packtest:biome
[12:02:11] [Server thread/INFO]: [Not Secure] [Server] BIOME minecraft:snowy_beach
[12:02:11] [Server thread/INFO]: [Not Secure] [Server] TOPBIOMEOK M4
[12:02:11] [Server thread/INFO]: System chat: Unmarked all force loaded chunks in minecraft:overworld
[12:02:13] [Server thread/INFO]: System chat: Marked 6 chunks in minecraft:overworld from [-190, 236] to [-185, 236] to be force loaded
[12:02:14] [Server thread/INFO]: System chat: Marked chunk [-178, 236] in minecraft:overworld to be force loaded
[12:02:14] [Server thread/INFO]: System chat: Marked chunk [-190, 246] in minecraft:overworld to be force loaded
[12:02:17] [Server thread/INFO]: [Not Secure] [Server] LOADED T3
[12:02:17] [Server thread/INFO]: [Not Secure] [Server] PROBE T3 centre -3029 3789
[12:02:17] [Server thread/INFO]: System chat: Running function packtest:col
[12:02:17] [Server thread/INFO]: [Not Secure] [Server] TOP #terracotta
[12:02:17] [Server thread/INFO]: [Not Secure] [Server] BIOME minecraft:wooded_badlands
[12:02:17] [Server thread/INFO]: System chat: y has -796 [pt]
[12:02:17] [Server thread/INFO]: System chat: ws has -796 [pt]
[12:02:17] [Server thread/INFO]: [Not Secure] [Server] BIOMEOK T3 centre
[12:02:17] [Server thread/INFO]: [Not Secure] [Server] PROBE T3 half -2956 3789
[12:02:18] [Server thread/INFO]: System chat: Running function packtest:col
[12:02:18] [Server thread/INFO]: [Not Secure] [Server] TOP #terracotta
[12:02:18] [Server thread/INFO]: [Not Secure] [Server] BIOME minecraft:wooded_badlands
[12:02:18] [Server thread/INFO]: System chat: y has -791 [pt]
[12:02:18] [Server thread/INFO]: System chat: ws has -790 [pt]
[12:02:18] [Server thread/INFO]: [Not Secure] [Server] BIOMEOK T3 half
[12:02:18] [Server thread/INFO]: [Not Secure] [Server] PROBE T3 outside -2842 3789
[12:02:18] [Server thread/INFO]: System chat: Running function packtest:col
[12:02:18] [Server thread/INFO]: [Not Secure] [Server] BIOME the_isles:void
[12:02:18] [Server thread/INFO]: System chat: y has -2032 [pt]
[12:02:18] [Server thread/INFO]: System chat: ws has -2032 [pt]
[12:02:18] [Server thread/INFO]: [Not Secure] [Server] PROBE T3 rim -3029 3940
[12:02:18] [Server thread/INFO]: System chat: Running function packtest:col
[12:02:18] [Server thread/INFO]: [Not Secure] [Server] BIOME the_isles:void
[12:02:18] [Server thread/INFO]: System chat: y has -2032 [pt]
[12:02:18] [Server thread/INFO]: System chat: ws has -2032 [pt]
[12:02:18] [Server thread/INFO]: [Not Secure] [Server] BODY T3
[12:02:18] [Server thread/INFO]: System chat: Running function packtest:at
[12:02:18] [Server thread/INFO]: [Not Secure] [Server] AT #terracotta
[12:02:18] [Server thread/INFO]: System chat: Running function packtest:at
[12:02:18] [Server thread/INFO]: [Not Secure] [Server] AT air
[12:02:18] [Server thread/INFO]: [Not Secure] [Server] MID T3 -817
[12:02:18] [Server thread/INFO]: System chat: Running function packtest:at
[12:02:18] [Server thread/INFO]: [Not Secure] [Server] AT #terracotta
[12:02:18] [Server thread/INFO]: System chat: Running function packtest:biome
[12:02:18] [Server thread/INFO]: [Not Secure] [Server] BIOME minecraft:wooded_badlands
[12:02:18] [Server thread/INFO]: [Not Secure] [Server] TOPBIOMEOK T3
[12:02:19] [Server thread/INFO]: System chat: Unmarked all force loaded chunks in minecraft:overworld
[12:02:22] [Server thread/INFO]: System chat: Marked 10 chunks in minecraft:overworld from [-72, 124] to [-63, 124] to be force loaded
[12:02:22] [Server thread/INFO]: System chat: Marked chunk [-51, 124] in minecraft:overworld to be force loaded
[12:02:23] [Server thread/INFO]: System chat: Marked chunk [-72, 143] in minecraft:overworld to be force loaded
[12:02:23] [Server thread/WARN]: Can't keep up! Is the server overloaded? Running 4011ms or 80 ticks behind
[12:02:25] [Server thread/INFO]: [Not Secure] [Server] LOADED C1
[12:02:26] [Server thread/INFO]: [Not Secure] [Server] PROBE C1 centre -1150 1992
[12:02:26] [Server thread/INFO]: System chat: Running function packtest:col
[12:02:26] [Server thread/INFO]: [Not Secure] [Server] TOP sand
[12:02:26] [Server thread/INFO]: [Not Secure] [Server] BIOME minecraft:desert
[12:02:26] [Server thread/INFO]: System chat: y has 330 [pt]
[12:02:26] [Server thread/INFO]: System chat: ws has 330 [pt]
[12:02:26] [Server thread/INFO]: [Not Secure] [Server] BIOMEOK C1 centre
[12:02:26] [Server thread/INFO]: [Not Secure] [Server] PROBE C1 half -1000 1992
[12:02:26] [Server thread/INFO]: System chat: Running function packtest:col
[12:02:26] [Server thread/INFO]: [Not Secure] [Server] TOP sand
[12:02:26] [Server thread/INFO]: [Not Secure] [Server] BIOME minecraft:desert
[12:02:26] [Server thread/INFO]: System chat: y has 324 [pt]
[12:02:26] [Server thread/INFO]: System chat: ws has 324 [pt]
[12:02:26] [Server thread/INFO]: [Not Secure] [Server] BIOMEOK C1 half
[12:02:26] [Server thread/INFO]: [Not Secure] [Server] PROBE C1 outside -810 1992
[12:02:26] [Server thread/INFO]: System chat: Running function packtest:col
[12:02:26] [Server thread/INFO]: [Not Secure] [Server] BIOME the_isles:void
[12:02:26] [Server thread/INFO]: System chat: y has -2032 [pt]
[12:02:26] [Server thread/INFO]: System chat: ws has -2032 [pt]
[12:02:26] [Server thread/INFO]: [Not Secure] [Server] PROBE C1 rim -1150 2296
[12:02:26] [Server thread/INFO]: System chat: Running function packtest:col
[12:02:26] [Server thread/INFO]: [Not Secure] [Server] BIOME the_isles:void
[12:02:26] [Server thread/INFO]: System chat: y has -2032 [pt]
[12:02:26] [Server thread/INFO]: System chat: ws has -2032 [pt]
[12:02:26] [Server thread/INFO]: [Not Secure] [Server] BODY C1
[12:02:27] [Server thread/INFO]: System chat: Running function packtest:at
[12:02:27] [Server thread/INFO]: [Not Secure] [Server] AT stone
[12:02:27] [Server thread/INFO]: System chat: Running function packtest:at
[12:02:27] [Server thread/INFO]: [Not Secure] [Server] AT air
[12:02:27] [Server thread/INFO]: [Not Secure] [Server] MID C1 255
[12:02:27] [Server thread/INFO]: System chat: Running function packtest:at
[12:02:27] [Server thread/INFO]: [Not Secure] [Server] AT stone
[12:02:27] [Server thread/INFO]: System chat: Running function packtest:biome
[12:02:27] [Server thread/INFO]: [Not Secure] [Server] BIOME minecraft:desert
[12:02:27] [Server thread/INFO]: [Not Secure] [Server] TOPBIOMEOK C1
[12:02:27] [Server thread/INFO]: System chat: Unmarked all force loaded chunks in minecraft:overworld
[12:02:30] [Server thread/INFO]: System chat: Marked 9 chunks in minecraft:overworld from [-72, -125] to [-64, -125] to be force loaded
[12:02:30] [Server thread/INFO]: System chat: Marked chunk [-52, -125] in minecraft:overworld to be force loaded
[12:02:31] [Server thread/INFO]: System chat: Marked chunk [-72, -107] in minecraft:overworld to be force loaded
[12:02:34] [Server thread/INFO]: [Not Secure] [Server] LOADED E1
[12:02:35] [Server thread/INFO]: [Not Secure] [Server] PROBE E1 centre -1150 -1992
[12:02:35] [Server thread/INFO]: System chat: Running function packtest:col
[12:02:35] [Server thread/INFO]: [Not Secure] [Server] TOP grass_block
[12:02:35] [Server thread/INFO]: [Not Secure] [Server] BIOME minecraft:taiga
[12:02:35] [Server thread/INFO]: System chat: y has 230 [pt]
[12:02:35] [Server thread/INFO]: System chat: ws has 247 [pt]
[12:02:35] [Server thread/INFO]: [Not Secure] [Server] BIOMEOK E1 centre
[12:02:35] [Server thread/INFO]: [Not Secure] [Server] PROBE E1 half -1010 -1992
[12:02:35] [Server thread/INFO]: System chat: Running function packtest:col
[12:02:35] [Server thread/INFO]: [Not Secure] [Server] TOP grass_block
[12:02:35] [Server thread/INFO]: [Not Secure] [Server] BIOME minecraft:taiga
[12:02:35] [Server thread/INFO]: System chat: y has 221 [pt]
[12:02:35] [Server thread/INFO]: System chat: ws has 241 [pt]
[12:02:35] [Server thread/INFO]: [Not Secure] [Server] BIOMEOK E1 half
[12:02:35] [Server thread/INFO]: [Not Secure] [Server] PROBE E1 outside -830 -1992
[12:02:35] [Server thread/INFO]: System chat: Running function packtest:col
[12:02:35] [Server thread/INFO]: [Not Secure] [Server] BIOME the_isles:void
[12:02:35] [Server thread/INFO]: System chat: y has -2032 [pt]
[12:02:36] [Server thread/INFO]: System chat: ws has -2032 [pt]
[12:02:36] [Server thread/INFO]: [Not Secure] [Server] PROBE E1 rim -1150 -1708
[12:02:36] [Server thread/INFO]: System chat: Running function packtest:col
[12:02:36] [Server thread/INFO]: [Not Secure] [Server] BIOME the_isles:void
[12:02:36] [Server thread/INFO]: System chat: y has -2032 [pt]
[12:02:36] [Server thread/INFO]: System chat: ws has -2032 [pt]
[12:02:36] [Server thread/INFO]: [Not Secure] [Server] BODY E1
[12:02:36] [Server thread/INFO]: System chat: Running function packtest:at
[12:02:36] [Server thread/INFO]: [Not Secure] [Server] AT stone
[12:02:36] [Server thread/INFO]: System chat: Running function packtest:at
[12:02:36] [Server thread/INFO]: [Not Secure] [Server] AT air
[12:02:36] [Server thread/INFO]: [Not Secure] [Server] MID E1 173
[12:02:36] [Server thread/INFO]: System chat: Running function packtest:at
[12:02:36] [Server thread/INFO]: [Not Secure] [Server] AT stone
[12:02:36] [Server thread/INFO]: System chat: Running function packtest:biome
[12:02:36] [Server thread/INFO]: [Not Secure] [Server] BIOME minecraft:taiga
[12:02:36] [Server thread/INFO]: [Not Secure] [Server] TOPBIOMEOK E1
[12:02:36] [Server thread/INFO]: System chat: Unmarked all force loaded chunks in minecraft:overworld
[12:02:40] [Server thread/INFO]: System chat: Marked 9 chunks in minecraft:overworld from [71, -125] to [79, -125] to be force loaded
[12:02:40] [Server thread/INFO]: System chat: Marked chunk [89, -125] in minecraft:overworld to be force loaded
[12:02:40] [Server thread/INFO]: System chat: Marked chunk [71, -110] in minecraft:overworld to be force loaded
[12:02:40] [Server thread/WARN]: Can't keep up! Is the server overloaded? Running 2776ms or 55 ticks behind
[12:02:43] [Server thread/INFO]: [Not Secure] [Server] LOADED F1
[12:02:44] [Server thread/INFO]: [Not Secure] [Server] PROBE F1 centre 1150 -1992
[12:02:44] [Server thread/INFO]: System chat: Running function packtest:col
[12:02:44] [Server thread/INFO]: [Not Secure] [Server] TOP grass_block
[12:02:44] [Server thread/INFO]: [Not Secure] [Server] BIOME minecraft:dark_forest
[12:02:44] [Server thread/INFO]: System chat: y has -211 [pt]
[12:02:44] [Server thread/INFO]: System chat: ws has -203 [pt]
[12:02:44] [Server thread/INFO]: [Not Secure] [Server] BIOMEOK F1 centre
[12:02:44] [Server thread/INFO]: [Not Secure] [Server] PROBE F1 half 1270 -1992
[12:02:44] [Server thread/INFO]: System chat: Running function packtest:col
[12:02:44] [Server thread/INFO]: [Not Secure] [Server] TOP grass_block
[12:02:44] [Server thread/INFO]: [Not Secure] [Server] BIOME minecraft:dark_forest
[12:02:45] [Server thread/INFO]: System chat: y has -215 [pt]
[12:02:45] [Server thread/INFO]: System chat: ws has -205 [pt]
[12:02:45] [Server thread/INFO]: [Not Secure] [Server] BIOMEOK F1 half
[12:02:45] [Server thread/INFO]: [Not Secure] [Server] PROBE F1 outside 1430 -1992
[12:02:45] [Server thread/INFO]: System chat: Running function packtest:col
[12:02:45] [Server thread/INFO]: [Not Secure] [Server] BIOME the_isles:void
[12:02:45] [Server thread/INFO]: System chat: y has -2032 [pt]
[12:02:45] [Server thread/INFO]: System chat: ws has -2032 [pt]
[12:02:45] [Server thread/INFO]: [Not Secure] [Server] PROBE F1 rim 1150 -1748
[12:02:45] [Server thread/INFO]: System chat: Running function packtest:col
[12:02:45] [Server thread/INFO]: [Not Secure] [Server] BIOME the_isles:void
[12:02:45] [Server thread/INFO]: System chat: y has -2032 [pt]
[12:02:45] [Server thread/INFO]: System chat: ws has -2032 [pt]
[12:02:45] [Server thread/INFO]: [Not Secure] [Server] BODY F1
[12:02:45] [Server thread/INFO]: System chat: Running function packtest:at
[12:02:45] [Server thread/INFO]: [Not Secure] [Server] AT andesite
[12:02:45] [Server thread/INFO]: System chat: Running function packtest:at
[12:02:45] [Server thread/INFO]: [Not Secure] [Server] AT air
[12:02:45] [Server thread/INFO]: [Not Secure] [Server] MID F1 -281
[12:02:45] [Server thread/INFO]: System chat: Running function packtest:at
[12:02:45] [Server thread/INFO]: [Not Secure] [Server] AT stone
[12:02:45] [Server thread/INFO]: System chat: Running function packtest:biome
[12:02:45] [Server thread/INFO]: [Not Secure] [Server] BIOME minecraft:dark_forest
[12:02:45] [Server thread/INFO]: [Not Secure] [Server] TOPBIOMEOK F1
[12:02:45] [Server thread/INFO]: System chat: Unmarked all force loaded chunks in minecraft:overworld
[12:02:48] [Server thread/INFO]: System chat: Marked 9 chunks in minecraft:overworld from [87, 210] to [95, 210] to be force loaded
[12:02:49] [Server thread/INFO]: System chat: Marked chunk [106, 210] in minecraft:overworld to be force loaded
[12:02:49] [Server thread/INFO]: System chat: Marked chunk [87, 227] in minecraft:overworld to be force loaded
[12:02:53] [Server thread/INFO]: [Not Secure] [Server] LOADED H1
[12:02:53] [Server thread/INFO]: [Not Secure] [Server] PROBE H1 centre 1397 3372
[12:02:54] [Server thread/INFO]: System chat: Running function packtest:col
[12:02:54] [Server thread/INFO]: [Not Secure] [Server] TOP grass_block
[12:02:54] [Server thread/INFO]: [Not Secure] [Server] BIOME minecraft:jungle
[12:02:54] [Server thread/INFO]: System chat: y has 433 [pt]
[12:02:54] [Server thread/INFO]: System chat: ws has 434 [pt]
[12:02:54] [Server thread/INFO]: [Not Secure] [Server] BIOMEOK H1 centre
[12:02:54] [Server thread/INFO]: [Not Secure] [Server] PROBE H1 half 1527 3372
[12:02:54] [Server thread/INFO]: System chat: Running function packtest:col
[12:02:54] [Server thread/INFO]: [Not Secure] [Server] TOP grass_block
[12:02:54] [Server thread/INFO]: [Not Secure] [Server] BIOME minecraft:jungle
[12:02:54] [Server thread/INFO]: System chat: y has 435 [pt]
[12:02:54] [Server thread/INFO]: System chat: ws has 436 [pt]
[12:02:54] [Server thread/INFO]: [Not Secure] [Server] BIOMEOK H1 half
[12:02:54] [Server thread/INFO]: [Not Secure] [Server] PROBE H1 outside 1697 3372
[12:02:54] [Server thread/INFO]: System chat: Running function packtest:col
[12:02:54] [Server thread/INFO]: [Not Secure] [Server] BIOME the_isles:void
[12:02:54] [Server thread/INFO]: System chat: y has -2032 [pt]
[12:02:54] [Server thread/INFO]: System chat: ws has -2032 [pt]
[12:02:54] [Server thread/INFO]: [Not Secure] [Server] PROBE H1 rim 1397 3636
[12:02:54] [Server thread/INFO]: System chat: Running function packtest:col
[12:02:54] [Server thread/INFO]: [Not Secure] [Server] BIOME the_isles:void
[12:02:54] [Server thread/INFO]: System chat: y has -2032 [pt]
[12:02:54] [Server thread/INFO]: System chat: ws has -2032 [pt]
[12:02:54] [Server thread/INFO]: [Not Secure] [Server] BODY H1
[12:02:54] [Server thread/INFO]: System chat: Running function packtest:at
[12:02:54] [Server thread/INFO]: [Not Secure] [Server] AT stone
[12:02:55] [Server thread/INFO]: System chat: Running function packtest:at
[12:02:55] [Server thread/INFO]: [Not Secure] [Server] AT air
[12:02:55] [Server thread/INFO]: [Not Secure] [Server] MID H1 384
[12:02:55] [Server thread/INFO]: System chat: Running function packtest:at
[12:02:55] [Server thread/INFO]: [Not Secure] [Server] AT stone
[12:02:55] [Server thread/INFO]: System chat: Running function packtest:biome
[12:02:55] [Server thread/INFO]: [Not Secure] [Server] BIOME minecraft:jungle
[12:02:55] [Server thread/INFO]: [Not Secure] [Server] TOPBIOMEOK H1
[12:02:55] [Server thread/INFO]: System chat: Unmarked all force loaded chunks in minecraft:overworld
[12:02:58] [Server thread/INFO]: System chat: Marked 9 chunks in minecraft:overworld from [213, 213] to [221, 213] to be force loaded
[12:02:58] [Server thread/INFO]: System chat: Marked chunk [231, 213] in minecraft:overworld to be force loaded
[12:02:58] [Server thread/INFO]: System chat: Marked chunk [213, 229] in minecraft:overworld to be force loaded
[12:02:59] [Server thread/WARN]: Can't keep up! Is the server overloaded? Running 3197ms or 63 ticks behind
[12:03:02] [Server thread/INFO]: [Not Secure] [Server] LOADED R1
[12:03:03] [Server thread/INFO]: [Not Secure] [Server] PROBE R1 centre 3420 3420
[12:03:03] [Server thread/INFO]: System chat: Running function packtest:col
[12:03:03] [Server thread/INFO]: [Not Secure] [Server] TOP grass_block
[12:03:03] [Server thread/INFO]: [Not Secure] [Server] BIOME minecraft:swamp
[12:03:03] [Server thread/INFO]: System chat: y has 597 [pt]
[12:03:03] [Server thread/INFO]: System chat: ws has 606 [pt]
[12:03:03] [Server thread/INFO]: [Not Secure] [Server] BIOMEOK R1 centre
[12:03:03] [Server thread/INFO]: [Not Secure] [Server] PROBE R1 half 3540 3420
[12:03:03] [Server thread/INFO]: System chat: Running function packtest:col
[12:03:03] [Server thread/INFO]: [Not Secure] [Server] TOP grass_block
[12:03:03] [Server thread/INFO]: [Not Secure] [Server] BIOME minecraft:swamp
[12:03:03] [Server thread/INFO]: System chat: y has 590 [pt]
[12:03:03] [Server thread/INFO]: System chat: ws has 590 [pt]
[12:03:03] [Server thread/INFO]: [Not Secure] [Server] BIOMEOK R1 half
[12:03:03] [Server thread/INFO]: [Not Secure] [Server] PROBE R1 outside 3700 3420
[12:03:03] [Server thread/INFO]: System chat: Running function packtest:col
[12:03:03] [Server thread/INFO]: [Not Secure] [Server] BIOME the_isles:void
[12:03:03] [Server thread/INFO]: System chat: y has -2032 [pt]
[12:03:04] [Server thread/INFO]: System chat: ws has -2032 [pt]
[12:03:04] [Server thread/INFO]: [Not Secure] [Server] PROBE R1 rim 3420 3664
[12:03:04] [Server thread/INFO]: System chat: Running function packtest:col
[12:03:04] [Server thread/INFO]: [Not Secure] [Server] BIOME the_isles:void
[12:03:04] [Server thread/INFO]: System chat: y has -2032 [pt]
[12:03:04] [Server thread/INFO]: System chat: ws has -2032 [pt]
[12:03:04] [Server thread/INFO]: [Not Secure] [Server] BODY R1
[12:03:04] [Server thread/INFO]: System chat: Running function packtest:at
[12:03:04] [Server thread/INFO]: [Not Secure] [Server] AT stone
[12:03:04] [Server thread/INFO]: System chat: Running function packtest:at
[12:03:04] [Server thread/INFO]: [Not Secure] [Server] AT air
[12:03:04] [Server thread/INFO]: [Not Secure] [Server] MID R1 519
[12:03:04] [Server thread/INFO]: System chat: Running function packtest:at
[12:03:04] [Server thread/INFO]: [Not Secure] [Server] AT stone
[12:03:04] [Server thread/INFO]: System chat: Running function packtest:biome
[12:03:04] [Server thread/INFO]: [Not Secure] [Server] BIOME minecraft:swamp
[12:03:04] [Server thread/INFO]: [Not Secure] [Server] TOPBIOMEOK R1
[12:03:04] [Server thread/INFO]: System chat: Unmarked all force loaded chunks in minecraft:overworld
[12:03:07] [Server thread/INFO]: System chat: Marked 12 chunks in minecraft:overworld from [-212, 211] to [-201, 211] to be force loaded
[12:03:08] [Server thread/INFO]: System chat: Marked chunk [-188, 211] in minecraft:overworld to be force loaded
[12:03:08] [Server thread/INFO]: System chat: Marked chunk [-212, 232] in minecraft:overworld to be force loaded
[12:03:11] [Server thread/INFO]: [Not Secure] [Server] LOADED T1
[12:03:12] [Server thread/INFO]: [Not Secure] [Server] PROBE T1 centre -3380 3380
[12:03:12] [Server thread/INFO]: System chat: Running function packtest:col
[12:03:12] [Server thread/INFO]: [Not Secure] [Server] TOP sand
[12:03:12] [Server thread/INFO]: [Not Secure] [Server] BIOME minecraft:desert
[12:03:12] [Server thread/INFO]: System chat: y has -905 [pt]
[12:03:12] [Server thread/INFO]: System chat: ws has -905 [pt]
[12:03:12] [Server thread/INFO]: [Not Secure] [Server] BIOMEOK T1 centre
[12:03:12] [Server thread/INFO]: [Not Secure] [Server] PROBE T1 half -3210 3380
[12:03:12] [Server thread/INFO]: System chat: Running function packtest:col
[12:03:12] [Server thread/INFO]: [Not Secure] [Server] TOP sand
[12:03:12] [Server thread/INFO]: [Not Secure] [Server] BIOME minecraft:desert
[12:03:13] [Server thread/INFO]: System chat: y has -910 [pt]
[12:03:13] [Server thread/INFO]: System chat: ws has -910 [pt]
[12:03:13] [Server thread/INFO]: [Not Secure] [Server] BIOMEOK T1 half
[12:03:13] [Server thread/INFO]: [Not Secure] [Server] PROBE T1 outside -3000 3380
[12:03:13] [Server thread/INFO]: System chat: Running function packtest:col
[12:03:13] [Server thread/INFO]: [Not Secure] [Server] BIOME the_isles:void
[12:03:13] [Server thread/INFO]: System chat: y has -2032 [pt]
[12:03:13] [Server thread/INFO]: System chat: ws has -2032 [pt]
[12:03:13] [Server thread/INFO]: [Not Secure] [Server] PROBE T1 rim -3380 3724
[12:03:13] [Server thread/INFO]: System chat: Running function packtest:col
[12:03:13] [Server thread/INFO]: [Not Secure] [Server] BIOME the_isles:void
[12:03:13] [Server thread/INFO]: System chat: y has -2032 [pt]
[12:03:13] [Server thread/INFO]: System chat: ws has -2032 [pt]
[12:03:13] [Server thread/INFO]: [Not Secure] [Server] BODY T1
[12:03:13] [Server thread/INFO]: System chat: Running function packtest:at
[12:03:13] [Server thread/INFO]: [Not Secure] [Server] AT sandstone
[12:03:13] [Server thread/INFO]: System chat: Running function packtest:at
[12:03:13] [Server thread/INFO]: [Not Secure] [Server] AT air
[12:03:13] [Server thread/INFO]: [Not Secure] [Server] MID T1 -1015
[12:03:13] [Server thread/INFO]: System chat: Running function packtest:at
[12:03:13] [Server thread/INFO]: [Not Secure] [Server] AT stone
[12:03:13] [Server thread/INFO]: System chat: Running function packtest:biome
[12:03:13] [Server thread/INFO]: [Not Secure] [Server] BIOME minecraft:desert
[12:03:13] [Server thread/INFO]: [Not Secure] [Server] TOPBIOMEOK T1
[12:03:13] [Server thread/INFO]: System chat: Unmarked all force loaded chunks in minecraft:overworld
[12:03:16] [Server thread/INFO]: System chat: Marked 10 chunks in minecraft:overworld from [-138, -182] to [-129, -182] to be force loaded
[12:03:16] [Server thread/INFO]: System chat: Marked chunk [-117, -182] in minecraft:overworld to be force loaded
[12:03:17] [Server thread/INFO]: System chat: Marked chunk [-138, -163] in minecraft:overworld to be force loaded
[12:03:17] [Server thread/WARN]: Can't keep up! Is the server overloaded? Running 3275ms or 65 ticks behind
[12:03:21] [Server thread/INFO]: [Not Secure] [Server] LOADED e1
[12:03:21] [Server thread/INFO]: [Not Secure] [Server] PROBE e1 centre -2200 -2900
[12:03:22] [Server thread/INFO]: System chat: Running function packtest:col
[12:03:22] [Server thread/INFO]: [Not Secure] [Server] TOP grass_block
[12:03:22] [Server thread/INFO]: [Not Secure] [Server] SNOWLAYER
[12:03:22] [Server thread/INFO]: [Not Secure] [Server] BIOME minecraft:snowy_plains
[12:03:22] [Server thread/INFO]: System chat: y has 207 [pt]
[12:03:22] [Server thread/INFO]: System chat: ws has 208 [pt]
[12:03:22] [Server thread/INFO]: [Not Secure] [Server] BIOMEOK e1 centre
[12:03:22] [Server thread/INFO]: [Not Secure] [Server] PROBE e1 half -2050 -2900
[12:03:22] [Server thread/INFO]: System chat: Running function packtest:col
[12:03:22] [Server thread/INFO]: [Not Secure] [Server] TOP grass_block
[12:03:22] [Server thread/INFO]: [Not Secure] [Server] SNOWLAYER
[12:03:22] [Server thread/INFO]: [Not Secure] [Server] BIOME minecraft:snowy_plains
[12:03:22] [Server thread/INFO]: System chat: y has 201 [pt]
[12:03:22] [Server thread/INFO]: System chat: ws has 202 [pt]
[12:03:22] [Server thread/INFO]: [Not Secure] [Server] BIOMEOK e1 half
[12:03:22] [Server thread/INFO]: [Not Secure] [Server] PROBE e1 outside -1860 -2900
[12:03:22] [Server thread/INFO]: System chat: Running function packtest:col
[12:03:22] [Server thread/INFO]: [Not Secure] [Server] BIOME the_isles:void
[12:03:22] [Server thread/INFO]: System chat: y has -2032 [pt]
[12:03:22] [Server thread/INFO]: System chat: ws has -2032 [pt]
[12:03:22] [Server thread/INFO]: [Not Secure] [Server] PROBE e1 rim -2200 -2596
[12:03:22] [Server thread/INFO]: System chat: Running function packtest:col
[12:03:22] [Server thread/INFO]: [Not Secure] [Server] TOP grass_block
[12:03:22] [Server thread/INFO]: [Not Secure] [Server] BIOME the_isles:void
[12:03:22] [Server thread/INFO]: System chat: y has 189 [pt]
[12:03:22] [Server thread/INFO]: System chat: ws has 189 [pt]
[12:03:22] [Server thread/INFO]: [Not Secure] [Server] BODY e1
[12:03:22] [Server thread/INFO]: System chat: Running function packtest:at
[12:03:22] [Server thread/INFO]: [Not Secure] [Server] AT stone
[12:03:23] [Server thread/INFO]: System chat: Running function packtest:at
[12:03:23] [Server thread/INFO]: [Not Secure] [Server] AT air
[12:03:23] [Server thread/INFO]: [Not Secure] [Server] MID e1 117
[12:03:23] [Server thread/INFO]: System chat: Running function packtest:at
[12:03:23] [Server thread/INFO]: [Not Secure] [Server] AT stone
[12:03:23] [Server thread/INFO]: System chat: Running function packtest:biome
[12:03:23] [Server thread/INFO]: [Not Secure] [Server] BIOME minecraft:snowy_plains
[12:03:23] [Server thread/INFO]: [Not Secure] [Server] TOPBIOMEOK e1
[12:03:23] [Server thread/INFO]: System chat: Unmarked all force loaded chunks in minecraft:overworld
[12:03:26] [Server thread/INFO]: System chat: Marked 9 chunks in minecraft:overworld from [87, -211] to [95, -211] to be force loaded
[12:03:26] [Server thread/INFO]: System chat: Marked chunk [106, -211] in minecraft:overworld to be force loaded
[12:03:27] [Server thread/INFO]: System chat: Marked chunk [87, -195] in minecraft:overworld to be force loaded
[12:03:30] [Server thread/INFO]: [Not Secure] [Server] LOADED M1
[12:03:31] [Server thread/INFO]: [Not Secure] [Server] PROBE M1 centre 1397 -3372
[12:03:31] [Server thread/INFO]: System chat: Running function packtest:col
[12:03:31] [Server thread/INFO]: [Not Secure] [Server] TOP ice
[12:03:31] [Server thread/INFO]: [Not Secure] [Server] BIOME minecraft:deep_frozen_ocean
[12:03:31] [Server thread/INFO]: System chat: y has -1257 [pt]
[12:03:31] [Server thread/INFO]: System chat: ws has -1257 [pt]
[12:03:31] [Server thread/INFO]: [Not Secure] [Server] BIOMEOK M1 centre
[12:03:31] [Server thread/INFO]: [Not Secure] [Server] PROBE M1 half 1527 -3372
[12:03:31] [Server thread/INFO]: System chat: Running function packtest:col
[12:03:31] [Server thread/INFO]: [Not Secure] [Server] TOP ice
[12:03:31] [Server thread/INFO]: [Not Secure] [Server] BIOME minecraft:deep_frozen_ocean
[12:03:31] [Server thread/INFO]: System chat: y has -1257 [pt]
[12:03:31] [Server thread/INFO]: System chat: ws has -1257 [pt]
[12:03:31] [Server thread/INFO]: [Not Secure] [Server] BIOMEOK M1 half
[12:03:31] [Server thread/INFO]: [Not Secure] [Server] PROBE M1 outside 1697 -3372
[12:03:31] [Server thread/INFO]: System chat: Running function packtest:col
[12:03:31] [Server thread/INFO]: [Not Secure] [Server] BIOME the_isles:void
[12:03:31] [Server thread/INFO]: System chat: y has -2032 [pt]
[12:03:32] [Server thread/INFO]: System chat: ws has -2032 [pt]
[12:03:32] [Server thread/INFO]: [Not Secure] [Server] PROBE M1 rim 1397 -3108
[12:03:32] [Server thread/INFO]: System chat: Running function packtest:col
[12:03:32] [Server thread/INFO]: [Not Secure] [Server] BIOME the_isles:void
[12:03:32] [Server thread/INFO]: System chat: y has -2032 [pt]
[12:03:32] [Server thread/INFO]: System chat: ws has -2032 [pt]
[12:03:32] [Server thread/INFO]: [Not Secure] [Server] BODY M1
[12:03:32] [Server thread/INFO]: System chat: Running function packtest:at
[12:03:32] [Server thread/INFO]: [Not Secure] [Server] AT water
[12:03:32] [Server thread/INFO]: System chat: Running function packtest:at
[12:03:32] [Server thread/INFO]: [Not Secure] [Server] AT air
[12:03:32] [Server thread/INFO]: [Not Secure] [Server] MID M1 -1303
[12:03:32] [Server thread/INFO]: System chat: Running function packtest:at
[12:03:32] [Server thread/INFO]: [Not Secure] [Server] AT stone
[12:03:32] [Server thread/INFO]: System chat: Running function packtest:biome
[12:03:32] [Server thread/INFO]: [Not Secure] [Server] BIOME minecraft:deep_frozen_ocean
[12:03:32] [Server thread/INFO]: [Not Secure] [Server] TOPBIOMEOK M1
[12:03:32] [Server thread/INFO]: System chat: Unmarked all force loaded chunks in minecraft:overworld
[12:03:35] [Server thread/INFO]: System chat: Marked 9 chunks in minecraft:overworld from [210, -88] to [218, -88] to be force loaded
[12:03:35] [Server thread/INFO]: System chat: Marked chunk [229, -88] in minecraft:overworld to be force loaded
[12:03:35] [Server thread/INFO]: System chat: Marked chunk [210, -71] in minecraft:overworld to be force loaded
[12:03:35] [Server thread/WARN]: Can't keep up! Is the server overloaded? Running 3024ms or 60 ticks behind
[12:03:38] [Server thread/INFO]: [Not Secure] [Server] LOADED N1
[12:03:39] [Server thread/INFO]: [Not Secure] [Server] PROBE N1 centre 3372 -1397
[12:03:39] [Server thread/INFO]: System chat: Running function packtest:col
[12:03:39] [Server thread/INFO]: [Not Secure] [Server] TOP water
[12:03:39] [Server thread/INFO]: [Not Secure] [Server] BIOME minecraft:deep_cold_ocean
[12:03:39] [Server thread/INFO]: System chat: y has -607 [pt]
[12:03:39] [Server thread/INFO]: System chat: ws has -607 [pt]
[12:03:39] [Server thread/INFO]: [Not Secure] [Server] BIOMEOK N1 centre
[12:03:39] [Server thread/INFO]: [Not Secure] [Server] PROBE N1 half 3502 -1397
[12:03:39] [Server thread/INFO]: System chat: Running function packtest:col
[12:03:39] [Server thread/INFO]: [Not Secure] [Server] TOP water
[12:03:39] [Server thread/INFO]: [Not Secure] [Server] BIOME minecraft:deep_cold_ocean
[12:03:40] [Server thread/INFO]: System chat: y has -607 [pt]
[12:03:40] [Server thread/INFO]: System chat: ws has -607 [pt]
[12:03:40] [Server thread/INFO]: [Not Secure] [Server] BIOMEOK N1 half
[12:03:40] [Server thread/INFO]: [Not Secure] [Server] PROBE N1 outside 3672 -1397
[12:03:40] [Server thread/INFO]: System chat: Running function packtest:col
[12:03:40] [Server thread/INFO]: [Not Secure] [Server] BIOME the_isles:void
[12:03:40] [Server thread/INFO]: System chat: y has -2032 [pt]
[12:03:40] [Server thread/INFO]: System chat: ws has -2032 [pt]
[12:03:40] [Server thread/INFO]: [Not Secure] [Server] PROBE N1 rim 3372 -1133
[12:03:40] [Server thread/INFO]: System chat: Running function packtest:col
[12:03:40] [Server thread/INFO]: [Not Secure] [Server] BIOME the_isles:void
[12:03:40] [Server thread/INFO]: System chat: y has -2032 [pt]
[12:03:40] [Server thread/INFO]: System chat: ws has -2032 [pt]
[12:03:40] [Server thread/INFO]: [Not Secure] [Server] BODY N1
[12:03:40] [Server thread/INFO]: System chat: Running function packtest:at
[12:03:40] [Server thread/INFO]: [Not Secure] [Server] AT water
[12:03:40] [Server thread/INFO]: System chat: Running function packtest:at
[12:03:40] [Server thread/INFO]: [Not Secure] [Server] AT air
[12:03:40] [Server thread/INFO]: [Not Secure] [Server] MID N1 -663
[12:03:40] [Server thread/INFO]: System chat: Running function packtest:at
[12:03:40] [Server thread/INFO]: [Not Secure] [Server] AT stone
[12:03:40] [Server thread/INFO]: System chat: Running function packtest:biome
[12:03:40] [Server thread/INFO]: [Not Secure] [Server] BIOME minecraft:deep_cold_ocean
[12:03:40] [Server thread/INFO]: [Not Secure] [Server] TOPBIOMEOK N1
[12:03:40] [Server thread/INFO]: System chat: Unmarked all force loaded chunks in minecraft:overworld
[12:03:44] [Server thread/INFO]: System chat: Marked 10 chunks in minecraft:overworld from [-88, 210] to [-79, 210] to be force loaded
[12:03:44] [Server thread/INFO]: System chat: Marked chunk [-68, 210] in minecraft:overworld to be force loaded
[12:03:45] [Server thread/INFO]: System chat: Marked chunk [-88, 228] in minecraft:overworld to be force loaded
[12:03:48] [Server thread/INFO]: [Not Secure] [Server] LOADED I1
[12:03:48] [Server thread/INFO]: [Not Secure] [Server] PROBE I1 centre -1397 3372
[12:03:48] [Server thread/INFO]: System chat: Running function packtest:col
[12:03:48] [Server thread/INFO]: [Not Secure] [Server] TOP water
[12:03:48] [Server thread/INFO]: [Not Secure] [Server] BIOME minecraft:warm_ocean
[12:03:49] [Server thread/INFO]: System chat: y has -307 [pt]
[12:03:49] [Server thread/INFO]: System chat: ws has -307 [pt]
[12:03:49] [Server thread/INFO]: [Not Secure] [Server] BIOMEOK I1 centre
[12:03:49] [Server thread/INFO]: [Not Secure] [Server] PROBE I1 half -1257 3372
[12:03:49] [Server thread/INFO]: System chat: Running function packtest:col
[12:03:49] [Server thread/INFO]: [Not Secure] [Server] TOP water
[12:03:49] [Server thread/INFO]: [Not Secure] [Server] BIOME minecraft:warm_ocean
[12:03:49] [Server thread/INFO]: System chat: y has -307 [pt]
[12:03:49] [Server thread/INFO]: System chat: ws has -307 [pt]
[12:03:49] [Server thread/INFO]: [Not Secure] [Server] BIOMEOK I1 half
[12:03:49] [Server thread/INFO]: [Not Secure] [Server] PROBE I1 outside -1077 3372
[12:03:49] [Server thread/INFO]: System chat: Running function packtest:col
[12:03:49] [Server thread/INFO]: [Not Secure] [Server] BIOME the_isles:void
[12:03:49] [Server thread/INFO]: System chat: y has -2032 [pt]
[12:03:49] [Server thread/INFO]: System chat: ws has -2032 [pt]
[12:03:49] [Server thread/INFO]: [Not Secure] [Server] PROBE I1 rim -1397 3656
[12:03:49] [Server thread/INFO]: System chat: Running function packtest:col
[12:03:49] [Server thread/INFO]: [Not Secure] [Server] BIOME the_isles:void
[12:03:49] [Server thread/INFO]: System chat: y has -2032 [pt]
[12:03:49] [Server thread/INFO]: System chat: ws has -2032 [pt]
[12:03:49] [Server thread/INFO]: [Not Secure] [Server] BODY I1
[12:03:49] [Server thread/INFO]: System chat: Running function packtest:at
[12:03:49] [Server thread/INFO]: [Not Secure] [Server] AT water
[12:03:49] [Server thread/INFO]: System chat: Running function packtest:at
[12:03:49] [Server thread/INFO]: [Not Secure] [Server] AT air
[12:03:50] [Server thread/INFO]: [Not Secure] [Server] MID I1 -373
[12:03:50] [Server thread/INFO]: System chat: Running function packtest:at
[12:03:50] [Server thread/INFO]: [Not Secure] [Server] AT stone
[12:03:50] [Server thread/INFO]: System chat: Running function packtest:biome
[12:03:50] [Server thread/INFO]: [Not Secure] [Server] BIOME minecraft:warm_ocean
[12:03:50] [Server thread/INFO]: [Not Secure] [Server] TOPBIOMEOK I1
[12:03:50] [Server thread/INFO]: System chat: Unmarked all force loaded chunks in minecraft:overworld
[12:03:52] [Server thread/INFO]: System chat: Marked 8 chunks in minecraft:overworld from [-182, -68] to [-175, -68] to be force loaded
[12:03:53] [Server thread/INFO]: System chat: Marked chunk [-166, -68] in minecraft:overworld to be force loaded
[12:03:53] [Server thread/INFO]: System chat: Marked chunk [-182, -55] in minecraft:overworld to be force loaded
[12:03:53] [Server thread/WARN]: Can't keep up! Is the server overloaded? Running 2930ms or 58 ticks behind
[12:03:56] [Server thread/INFO]: [Not Secure] [Server] LOADED K2
[12:03:57] [Server thread/INFO]: [Not Secure] [Server] PROBE K2 centre -2900 -1080
[12:03:57] [Server thread/INFO]: System chat: Running function packtest:col
[12:03:57] [Server thread/INFO]: [Not Secure] [Server] TOP mycelium
[12:03:57] [Server thread/INFO]: [Not Secure] [Server] BIOME minecraft:mushroom_fields
[12:03:57] [Server thread/INFO]: System chat: y has 1265 [pt]
[12:03:57] [Server thread/INFO]: System chat: ws has 1265 [pt]
[12:03:57] [Server thread/INFO]: [Not Secure] [Server] BIOMEOK K2 centre
[12:03:57] [Server thread/INFO]: [Not Secure] [Server] PROBE K2 half -2796 -1080
[12:03:57] [Server thread/INFO]: System chat: Running function packtest:col
[12:03:57] [Server thread/INFO]: [Not Secure] [Server] TOP other
[12:03:57] [Server thread/INFO]: [Not Secure] [Server] BIOME minecraft:mushroom_fields
[12:03:57] [Server thread/INFO]: System chat: y has 1266 [pt]
[12:03:57] [Server thread/INFO]: System chat: ws has 1266 [pt]
[12:03:57] [Server thread/INFO]: [Not Secure] [Server] BIOMEOK K2 half
[12:03:57] [Server thread/INFO]: [Not Secure] [Server] PROBE K2 outside -2652 -1080
[12:03:57] [Server thread/INFO]: System chat: Running function packtest:col
[12:03:57] [Server thread/INFO]: [Not Secure] [Server] BIOME the_isles:void
[12:03:57] [Server thread/INFO]: System chat: y has -2032 [pt]
[12:03:57] [Server thread/INFO]: System chat: ws has -2032 [pt]
[12:03:58] [Server thread/INFO]: [Not Secure] [Server] PROBE K2 rim -2900 -868
[12:03:58] [Server thread/INFO]: System chat: Running function packtest:col
[12:03:58] [Server thread/INFO]: [Not Secure] [Server] BIOME the_isles:void
[12:03:58] [Server thread/INFO]: System chat: y has -2032 [pt]
[12:03:58] [Server thread/INFO]: System chat: ws has -2032 [pt]
[12:03:58] [Server thread/INFO]: [Not Secure] [Server] BODY K2
[12:03:58] [Server thread/INFO]: System chat: Running function packtest:at
[12:03:58] [Server thread/INFO]: [Not Secure] [Server] AT stone
[12:03:58] [Server thread/INFO]: System chat: Running function packtest:at
[12:03:58] [Server thread/INFO]: [Not Secure] [Server] AT air
[12:03:58] [Server thread/INFO]: [Not Secure] [Server] MID K2 1199
[12:03:58] [Server thread/INFO]: System chat: Running function packtest:at
[12:03:58] [Server thread/INFO]: [Not Secure] [Server] AT stone
[12:03:58] [Server thread/INFO]: System chat: Running function packtest:biome
[12:03:58] [Server thread/INFO]: [Not Secure] [Server] BIOME minecraft:mushroom_fields
[12:03:58] [Server thread/INFO]: [Not Secure] [Server] TOPBIOMEOK K2
[12:03:58] [Server thread/INFO]: System chat: Unmarked all force loaded chunks in minecraft:overworld
[12:04:00] [Server thread/INFO]: System chat: Marked 4 chunks in minecraft:overworld from [-77, -190] to [-74, -190] to be force loaded
[12:04:00] [Server thread/INFO]: System chat: Marked chunk [-69, -190] in minecraft:overworld to be force loaded
[12:04:01] [Server thread/INFO]: System chat: Marked chunk [-77, -185] in minecraft:overworld to be force loaded
[12:04:03] [Server thread/INFO]: [Not Secure] [Server] LOADED L3
[12:04:04] [Server thread/INFO]: [Not Secure] [Server] PROBE L3 centre -1219 -3037
[12:04:04] [Server thread/INFO]: System chat: Running function packtest:col
[12:04:04] [Server thread/INFO]: [Not Secure] [Server] TOP snow_block
[12:04:04] [Server thread/INFO]: [Not Secure] [Server] SNOWLAYER
[12:04:04] [Server thread/INFO]: [Not Secure] [Server] BIOME minecraft:ice_spikes
[12:04:04] [Server thread/INFO]: System chat: y has 702 [pt]
[12:04:04] [Server thread/INFO]: System chat: ws has 703 [pt]
[12:04:04] [Server thread/INFO]: [Not Secure] [Server] BIOMEOK L3 centre
[12:04:04] [Server thread/INFO]: [Not Secure] [Server] PROBE L3 half -1180 -3037
[12:04:04] [Server thread/INFO]: System chat: Running function packtest:col
[12:04:04] [Server thread/INFO]: [Not Secure] [Server] TOP snow_block
[12:04:04] [Server thread/INFO]: [Not Secure] [Server] SNOWLAYER
[12:04:04] [Server thread/INFO]: [Not Secure] [Server] BIOME minecraft:ice_spikes
[12:04:04] [Server thread/INFO]: System chat: y has 700 [pt]
[12:04:05] [Server thread/INFO]: System chat: ws has 701 [pt]
[12:04:05] [Server thread/INFO]: [Not Secure] [Server] BIOMEOK L3 half
[12:04:05] [Server thread/INFO]: [Not Secure] [Server] PROBE L3 outside -1100 -3037
[12:04:05] [Server thread/INFO]: System chat: Running function packtest:col
[12:04:05] [Server thread/INFO]: [Not Secure] [Server] BIOME the_isles:void
[12:04:05] [Server thread/INFO]: System chat: y has -2032 [pt]
[12:04:05] [Server thread/INFO]: System chat: ws has -2032 [pt]
[12:04:05] [Server thread/INFO]: [Not Secure] [Server] PROBE L3 rim -1219 -2954
[12:04:05] [Server thread/INFO]: System chat: Running function packtest:col
[12:04:05] [Server thread/INFO]: [Not Secure] [Server] BIOME the_isles:void
[12:04:05] [Server thread/INFO]: System chat: y has -2032 [pt]
[12:04:05] [Server thread/INFO]: System chat: ws has -2032 [pt]
[12:04:05] [Server thread/INFO]: [Not Secure] [Server] BODY L3
[12:04:05] [Server thread/INFO]: System chat: Running function packtest:at
[12:04:05] [Server thread/INFO]: [Not Secure] [Server] AT stone
[12:04:05] [Server thread/INFO]: System chat: Running function packtest:at
[12:04:05] [Server thread/INFO]: [Not Secure] [Server] AT air
[12:04:05] [Server thread/INFO]: [Not Secure] [Server] MID L3 684
[12:04:05] [Server thread/INFO]: System chat: Running function packtest:at
[12:04:05] [Server thread/INFO]: [Not Secure] [Server] AT stone
[12:04:05] [Server thread/INFO]: System chat: Running function packtest:biome
[12:04:05] [Server thread/INFO]: [Not Secure] [Server] BIOME minecraft:ice_spikes
[12:04:05] [Server thread/INFO]: [Not Secure] [Server] TOPBIOMEOK L3
[12:04:05] [Server thread/INFO]: System chat: Unmarked all force loaded chunks in minecraft:overworld
[12:04:07] [Server thread/INFO]: System chat: Marked 3 chunks in minecraft:overworld from [232, 209] to [234, 209] to be force loaded
[12:04:07] [Server thread/INFO]: System chat: Marked chunk [238, 209] in minecraft:overworld to be force loaded
[12:04:07] [Server thread/INFO]: System chat: Marked chunk [232, 212] in minecraft:overworld to be force loaded
[12:04:09] [Server thread/INFO]: [Not Secure] [Server] LOADED R2
[12:04:09] [Server thread/INFO]: [Not Secure] [Server] PROBE R2 centre 3721 3344
[12:04:09] [Server thread/INFO]: System chat: Running function packtest:col
[12:04:09] [Server thread/INFO]: [Not Secure] [Server] TOP mud
[12:04:09] [Server thread/INFO]: [Not Secure] [Server] BIOME minecraft:mangrove_swamp
[12:04:09] [Server thread/INFO]: System chat: y has 566 [pt]
[12:04:10] [Server thread/INFO]: System chat: ws has 579 [pt]
[12:04:10] [Server thread/INFO]: [Not Secure] [Server] BIOMEOK R2 centre
[12:04:10] [Server thread/INFO]: [Not Secure] [Server] PROBE R2 half 3745 3344
[12:04:10] [Server thread/INFO]: System chat: Running function packtest:col
[12:04:10] [Server thread/INFO]: [Not Secure] [Server] TOP mud
[12:04:10] [Server thread/INFO]: [Not Secure] [Server] BIOME minecraft:mangrove_swamp
[12:04:10] [Server thread/INFO]: System chat: y has 564 [pt]
[12:04:10] [Server thread/INFO]: System chat: ws has 578 [pt]
[12:04:10] [Server thread/INFO]: [Not Secure] [Server] BIOMEOK R2 half
[12:04:10] [Server thread/INFO]: [Not Secure] [Server] PROBE R2 outside 3810 3344
[12:04:10] [Server thread/INFO]: System chat: Running function packtest:col
[12:04:10] [Server thread/INFO]: [Not Secure] [Server] BIOME the_isles:void
[12:04:10] [Server thread/INFO]: System chat: y has -2032 [pt]
[12:04:10] [Server thread/INFO]: System chat: ws has -2032 [pt]
[12:04:10] [Server thread/INFO]: [Not Secure] [Server] PROBE R2 rim 3721 3397
[12:04:10] [Server thread/INFO]: System chat: Running function packtest:col
[12:04:10] [Server thread/INFO]: [Not Secure] [Server] BIOME the_isles:void
[12:04:10] [Server thread/INFO]: System chat: y has -2032 [pt]
[12:04:10] [Server thread/INFO]: System chat: ws has -2032 [pt]
[12:04:10] [Server thread/INFO]: [Not Secure] [Server] BODY R2
[12:04:10] [Server thread/INFO]: System chat: Running function packtest:at
[12:04:10] [Server thread/INFO]: [Not Secure] [Server] AT stone
[12:04:10] [Server thread/INFO]: System chat: Running function packtest:at
[12:04:10] [Server thread/INFO]: [Not Secure] [Server] AT air
[12:04:10] [Server thread/INFO]: [Not Secure] [Server] MID R2 551
[12:04:11] [Server thread/INFO]: System chat: Running function packtest:at
[12:04:11] [Server thread/INFO]: [Not Secure] [Server] AT stone
[12:04:11] [Server thread/INFO]: System chat: Running function packtest:biome
[12:04:11] [Server thread/INFO]: [Not Secure] [Server] BIOME minecraft:mangrove_swamp
[12:04:11] [Server thread/INFO]: [Not Secure] [Server] TOPBIOMEOK R2
[12:04:11] [Server thread/INFO]: System chat: Unmarked all force loaded chunks in minecraft:overworld
[12:04:12] [Server thread/INFO]: System chat: Marked 3 chunks in minecraft:overworld from [-51, -63] to [-49, -63] to be force loaded
[12:04:12] [Server thread/INFO]: System chat: Marked chunk [-45, -63] in minecraft:overworld to be force loaded
[12:04:12] [Server thread/INFO]: System chat: Marked chunk [-51, -59] in minecraft:overworld to be force loaded
[12:04:14] [Server thread/INFO]: [Not Secure] [Server] LOADED S4
[12:04:15] [Server thread/INFO]: [Not Secure] [Server] PROBE S4 centre -811 -998
[12:04:15] [Server thread/INFO]: System chat: Running function packtest:col
[12:04:15] [Server thread/INFO]: [Not Secure] [Server] TOP grass_block
[12:04:15] [Server thread/INFO]: [Not Secure] [Server] BIOME minecraft:cherry_grove
[12:04:15] [Server thread/INFO]: System chat: y has -25 [pt]
[12:04:15] [Server thread/INFO]: System chat: ws has -25 [pt]
[12:04:15] [Server thread/INFO]: [Not Secure] [Server] BIOMEOK S4 centre
[12:04:15] [Server thread/INFO]: [Not Secure] [Server] PROBE S4 half -783 -998
[12:04:15] [Server thread/INFO]: System chat: Running function packtest:col
[12:04:15] [Server thread/INFO]: [Not Secure] [Server] TOP grass_block
[12:04:15] [Server thread/INFO]: [Not Secure] [Server] BIOME minecraft:cherry_grove
[12:04:15] [Server thread/INFO]: System chat: y has -35 [pt]
[12:04:15] [Server thread/INFO]: System chat: ws has -35 [pt]
[12:04:15] [Server thread/INFO]: [Not Secure] [Server] BIOMEOK S4 half
[12:04:15] [Server thread/INFO]: [Not Secure] [Server] PROBE S4 outside -714 -998
[12:04:15] [Server thread/INFO]: System chat: Running function packtest:col
[12:04:15] [Server thread/INFO]: [Not Secure] [Server] BIOME the_isles:void
[12:04:15] [Server thread/INFO]: System chat: y has -2032 [pt]
[12:04:15] [Server thread/INFO]: System chat: ws has -2032 [pt]
[12:04:15] [Server thread/INFO]: [Not Secure] [Server] PROBE S4 rim -811 -937
[12:04:15] [Server thread/INFO]: System chat: Running function packtest:col
[12:04:15] [Server thread/INFO]: [Not Secure] [Server] BIOME the_isles:void
[12:04:15] [Server thread/INFO]: System chat: y has -2032 [pt]
[12:04:16] [Server thread/INFO]: System chat: ws has -2032 [pt]
[12:04:16] [Server thread/INFO]: [Not Secure] [Server] BODY S4
[12:04:16] [Server thread/INFO]: System chat: Running function packtest:at
[12:04:16] [Server thread/INFO]: [Not Secure] [Server] AT andesite
[12:04:16] [Server thread/INFO]: System chat: Running function packtest:at
[12:04:16] [Server thread/INFO]: [Not Secure] [Server] AT air
[12:04:16] [Server thread/INFO]: [Not Secure] [Server] MID S4 -29
[12:04:16] [Server thread/INFO]: System chat: Running function packtest:at
[12:04:16] [Server thread/INFO]: [Not Secure] [Server] AT stone
[12:04:16] [Server thread/INFO]: System chat: Running function packtest:biome
[12:04:16] [Server thread/INFO]: [Not Secure] [Server] BIOME minecraft:cherry_grove
[12:04:16] [Server thread/INFO]: [Not Secure] [Server] TOPBIOMEOK S4
[12:04:16] [Server thread/INFO]: System chat: Unmarked all force loaded chunks in minecraft:overworld
[12:04:18] [Server thread/INFO]: System chat: Marked 2 chunks in minecraft:overworld from [58, -108] to [59, -108] to be force loaded
[12:04:18] [Server thread/INFO]: System chat: Marked chunk [63, -108] in minecraft:overworld to be force loaded
[12:04:18] [Server thread/INFO]: System chat: Marked chunk [58, -105] in minecraft:overworld to be force loaded
[12:04:18] [Server thread/WARN]: Can't keep up! Is the server overloaded? Running 2395ms or 47 ticks behind
[12:04:19] [Server thread/INFO]: [Not Secure] [Server] LOADED F2
[12:04:20] [Server thread/INFO]: [Not Secure] [Server] PROBE F2 centre 928 -1724
[12:04:20] [Server thread/INFO]: System chat: Running function packtest:col
[12:04:20] [Server thread/INFO]: [Not Secure] [Server] TOP grass_block
[12:04:20] [Server thread/INFO]: [Not Secure] [Server] BIOME minecraft:pale_garden
[12:04:20] [Server thread/INFO]: System chat: y has -173 [pt]
[12:04:20] [Server thread/INFO]: System chat: ws has -173 [pt]
[12:04:20] [Server thread/INFO]: [Not Secure] [Server] BIOMEOK F2 centre
[12:04:20] [Server thread/INFO]: [Not Secure] [Server] PROBE F2 half 953 -1724
[12:04:20] [Server thread/INFO]: System chat: Running function packtest:col
[12:04:20] [Server thread/INFO]: [Not Secure] [Server] TOP grass_block
[12:04:20] [Server thread/INFO]: [Not Secure] [Server] BIOME minecraft:pale_garden
[12:04:20] [Server thread/INFO]: System chat: y has -179 [pt]
[12:04:20] [Server thread/INFO]: System chat: ws has -169 [pt]
[12:04:20] [Server thread/INFO]: [Not Secure] [Server] BIOMEOK F2 half
[12:04:20] [Server thread/INFO]: [Not Secure] [Server] PROBE F2 outside 1019 -1724
[12:04:20] [Server thread/INFO]: System chat: Running function packtest:col
[12:04:20] [Server thread/INFO]: [Not Secure] [Server] BIOME the_isles:void
[12:04:21] [Server thread/INFO]: System chat: y has -2032 [pt]
[12:04:21] [Server thread/INFO]: System chat: ws has -2032 [pt]
[12:04:21] [Server thread/INFO]: [Not Secure] [Server] PROBE F2 rim 928 -1669
[12:04:21] [Server thread/INFO]: System chat: Running function packtest:col
[12:04:21] [Server thread/INFO]: [Not Secure] [Server] BIOME the_isles:void
[12:04:21] [Server thread/INFO]: System chat: y has -2032 [pt]
[12:04:21] [Server thread/INFO]: System chat: ws has -2032 [pt]
[12:04:21] [Server thread/INFO]: [Not Secure] [Server] BODY F2
[12:04:21] [Server thread/INFO]: System chat: Running function packtest:at
[12:04:21] [Server thread/INFO]: [Not Secure] [Server] AT stone
[12:04:21] [Server thread/INFO]: System chat: Running function packtest:at
[12:04:21] [Server thread/INFO]: [Not Secure] [Server] AT air
[12:04:21] [Server thread/INFO]: [Not Secure] [Server] MID F2 -184
[12:04:21] [Server thread/INFO]: System chat: Running function packtest:at
[12:04:21] [Server thread/INFO]: [Not Secure] [Server] AT stone
[12:04:21] [Server thread/INFO]: System chat: Running function packtest:biome
[12:04:21] [Server thread/INFO]: [Not Secure] [Server] BIOME minecraft:pale_garden
[12:04:21] [Server thread/INFO]: [Not Secure] [Server] TOPBIOMEOK F2
[12:04:21] [Server thread/INFO]: System chat: Unmarked all force loaded chunks in minecraft:overworld
[12:04:23] [Server thread/INFO]: System chat: Marked 3 chunks in minecraft:overworld from [101, 230] to [103, 230] to be force loaded
[12:04:24] [Server thread/INFO]: System chat: Marked chunk [108, 230] in minecraft:overworld to be force loaded
[12:04:24] [Server thread/INFO]: System chat: Marked chunk [101, 235] in minecraft:overworld to be force loaded
[12:04:26] [Server thread/INFO]: [Not Secure] [Server] LOADED H2
[12:04:26] [Server thread/INFO]: [Not Secure] [Server] PROBE H2 centre 1617 3694
[12:04:26] [Server thread/INFO]: System chat: Running function packtest:col
[12:04:26] [Server thread/INFO]: [Not Secure] [Server] TOP podzol
[12:04:26] [Server thread/INFO]: [Not Secure] [Server] BIOME minecraft:bamboo_jungle
[12:04:26] [Server thread/INFO]: System chat: y has 334 [pt]
[12:04:26] [Server thread/INFO]: System chat: ws has 344 [pt]
[12:04:26] [Server thread/INFO]: [Not Secure] [Server] BIOMEOK H2 centre
[12:04:26] [Server thread/INFO]: [Not Secure] [Server] PROBE H2 half 1654 3694
[12:04:27] [Server thread/INFO]: System chat: Running function packtest:col
[12:04:27] [Server thread/INFO]: [Not Secure] [Server] TOP other
[12:04:27] [Server thread/INFO]: [Not Secure] [Server] BIOME minecraft:bamboo_jungle
[12:04:27] [Server thread/INFO]: System chat: y has 341 [pt]
[12:04:27] [Server thread/INFO]: System chat: ws has 341 [pt]
[12:04:27] [Server thread/INFO]: [Not Secure] [Server] BIOMEOK H2 half
[12:04:27] [Server thread/INFO]: [Not Secure] [Server] PROBE H2 outside 1732 3694
[12:04:27] [Server thread/INFO]: System chat: Running function packtest:col
[12:04:27] [Server thread/INFO]: [Not Secure] [Server] BIOME the_isles:void
[12:04:27] [Server thread/INFO]: System chat: y has -2032 [pt]
[12:04:27] [Server thread/INFO]: System chat: ws has -2032 [pt]
[12:04:27] [Server thread/INFO]: [Not Secure] [Server] PROBE H2 rim 1617 3773
[12:04:27] [Server thread/INFO]: System chat: Running function packtest:col
[12:04:27] [Server thread/INFO]: [Not Secure] [Server] BIOME the_isles:void
[12:04:27] [Server thread/INFO]: System chat: y has -2032 [pt]
[12:04:27] [Server thread/INFO]: System chat: ws has -2032 [pt]
[12:04:27] [Server thread/INFO]: [Not Secure] [Server] BODY H2
[12:04:27] [Server thread/INFO]: System chat: Running function packtest:at
[12:04:27] [Server thread/INFO]: [Not Secure] [Server] AT stone
[12:04:27] [Server thread/INFO]: System chat: Running function packtest:at
[12:04:27] [Server thread/INFO]: [Not Secure] [Server] AT air
[12:04:27] [Server thread/INFO]: [Not Secure] [Server] MID H2 324
[12:04:27] [Server thread/INFO]: System chat: Running function packtest:at
[12:04:27] [Server thread/INFO]: [Not Secure] [Server] AT stone
[12:04:27] [Server thread/INFO]: System chat: Running function packtest:biome
[12:04:27] [Server thread/INFO]: [Not Secure] [Server] BIOME minecraft:bamboo_jungle
[12:04:27] [Server thread/INFO]: [Not Secure] [Server] TOPBIOMEOK H2
[12:04:28] [Server thread/INFO]: System chat: Unmarked all force loaded chunks in minecraft:overworld
[12:04:31] [Server thread/INFO]: System chat: Marked 10 chunks in minecraft:overworld from [71, 124] to [80, 124] to be force loaded
[12:04:31] [Server thread/INFO]: System chat: Marked chunk [90, 124] in minecraft:overworld to be force loaded
[12:04:31] [Server thread/INFO]: System chat: Marked chunk [71, 141] in minecraft:overworld to be force loaded
[12:04:34] [Server thread/INFO]: [Not Secure] [Server] LOADED B1
[12:04:35] [Server thread/INFO]: [Not Secure] [Server] PROBE B1 centre 1150 1992
[12:04:35] [Server thread/INFO]: System chat: Running function packtest:col
[12:04:35] [Server thread/INFO]: [Not Secure] [Server] TOP grass_block
[12:04:35] [Server thread/INFO]: [Not Secure] [Server] BIOME minecraft:savanna
[12:04:35] [Server thread/INFO]: System chat: y has 236 [pt]
[12:04:35] [Server thread/INFO]: System chat: ws has 237 [pt]
[12:04:35] [Server thread/INFO]: [Not Secure] [Server] BIOMEOK B1 centre
[12:04:35] [Server thread/INFO]: [Not Secure] [Server] PROBE B1 half 1280 1992
[12:04:35] [Server thread/INFO]: System chat: Running function packtest:col
[12:04:35] [Server thread/INFO]: [Not Secure] [Server] TOP grass_block
[12:04:35] [Server thread/INFO]: [Not Secure] [Server] BIOME minecraft:savanna
[12:04:35] [Server thread/INFO]: System chat: y has 228 [pt]
[12:04:35] [Server thread/INFO]: System chat: ws has 228 [pt]
[12:04:35] [Server thread/INFO]: [Not Secure] [Server] BIOMEOK B1 half
[12:04:35] [Server thread/INFO]: [Not Secure] [Server] PROBE B1 outside 1450 1992
[12:04:35] [Server thread/INFO]: System chat: Running function packtest:col
[12:04:35] [Server thread/INFO]: [Not Secure] [Server] BIOME the_isles:void
[12:04:35] [Server thread/INFO]: System chat: y has -2032 [pt]
[12:04:35] [Server thread/INFO]: System chat: ws has -2032 [pt]
[12:04:35] [Server thread/INFO]: [Not Secure] [Server] PROBE B1 rim 1150 2256
[12:04:35] [Server thread/INFO]: System chat: Running function packtest:col
[12:04:35] [Server thread/INFO]: [Not Secure] [Server] BIOME the_isles:void
[12:04:35] [Server thread/INFO]: System chat: y has -2032 [pt]
[12:04:35] [Server thread/INFO]: System chat: ws has -2032 [pt]
[12:04:35] [Server thread/INFO]: [Not Secure] [Server] BODY B1
[12:04:36] [Server thread/INFO]: System chat: Running function packtest:at
[12:04:36] [Server thread/INFO]: [Not Secure] [Server] AT stone
[12:04:36] [Server thread/INFO]: System chat: Running function packtest:at
[12:04:36] [Server thread/INFO]: [Not Secure] [Server] AT air
[12:04:36] [Server thread/INFO]: [Not Secure] [Server] MID B1 177
[12:04:36] [Server thread/INFO]: System chat: Running function packtest:at
[12:04:36] [Server thread/INFO]: [Not Secure] [Server] AT stone
[12:04:36] [Server thread/INFO]: System chat: Running function packtest:biome
[12:04:36] [Server thread/INFO]: [Not Secure] [Server] BIOME minecraft:savanna
[12:04:36] [Server thread/INFO]: [Not Secure] [Server] TOPBIOMEOK B1
[12:04:36] [Server thread/INFO]: System chat: Unmarked all force loaded chunks in minecraft:overworld
[12:04:38] [Server thread/INFO]: System chat: Marked 7 chunks in minecraft:overworld from [-72, -167] to [-66, -167] to be force loaded
[12:04:39] [Server thread/INFO]: System chat: Marked chunk [-58, -167] in minecraft:overworld to be force loaded
[12:04:39] [Server thread/INFO]: System chat: Marked chunk [-72, -155] in minecraft:overworld to be force loaded
[12:04:39] [Server thread/WARN]: Can't keep up! Is the server overloaded? Running 3083ms or 61 ticks behind
[12:04:42] [Server thread/INFO]: [Not Secure] [Server] LOADED L5
[12:04:43] [Server thread/INFO]: [Not Secure] [Server] PROBE L5 centre -1148 -2663
[12:04:43] [Server thread/INFO]: System chat: Running function packtest:col
[12:04:43] [Server thread/INFO]: [Not Secure] [Server] TOP snow_block
[12:04:43] [Server thread/INFO]: [Not Secure] [Server] SNOWLAYER
[12:04:43] [Server thread/INFO]: [Not Secure] [Server] BIOME minecraft:snowy_slopes
[12:04:43] [Server thread/INFO]: System chat: y has 719 [pt]
[12:04:43] [Server thread/INFO]: System chat: ws has 720 [pt]
[12:04:43] [Server thread/INFO]: [Not Secure] [Server] BIOMEOK L5 centre
[12:04:43] [Server thread/INFO]: [Not Secure] [Server] PROBE L5 half -1055 -2663
[12:04:43] [Server thread/INFO]: System chat: Running function packtest:col
[12:04:43] [Server thread/INFO]: [Not Secure] [Server] TOP snow_block
[12:04:43] [Server thread/INFO]: [Not Secure] [Server] SNOWLAYER
[12:04:43] [Server thread/INFO]: [Not Secure] [Server] BIOME minecraft:snowy_slopes
[12:04:43] [Server thread/INFO]: System chat: y has 703 [pt]
[12:04:43] [Server thread/INFO]: System chat: ws has 704 [pt]
[12:04:43] [Server thread/INFO]: [Not Secure] [Server] BIOMEOK L5 half
[12:04:43] [Server thread/INFO]: [Not Secure] [Server] PROBE L5 outside -922 -2663
[12:04:43] [Server thread/INFO]: System chat: Running function packtest:col
[12:04:43] [Server thread/INFO]: [Not Secure] [Server] BIOME the_isles:void
[12:04:43] [Server thread/INFO]: System chat: y has -2032 [pt]
[12:04:44] [Server thread/INFO]: System chat: ws has -2032 [pt]
[12:04:44] [Server thread/INFO]: [Not Secure] [Server] PROBE L5 rim -1148 -2473
[12:04:44] [Server thread/INFO]: System chat: Running function packtest:col
[12:04:44] [Server thread/INFO]: [Not Secure] [Server] BIOME the_isles:void
[12:04:44] [Server thread/INFO]: System chat: y has -2032 [pt]
[12:04:44] [Server thread/INFO]: System chat: ws has -2032 [pt]
[12:04:44] [Server thread/INFO]: [Not Secure] [Server] BODY L5
[12:04:44] [Server thread/INFO]: System chat: Running function packtest:at
[12:04:44] [Server thread/INFO]: [Not Secure] [Server] AT stone
[12:04:44] [Server thread/INFO]: System chat: Running function packtest:at
[12:04:44] [Server thread/INFO]: [Not Secure] [Server] AT air
[12:04:44] [Server thread/INFO]: [Not Secure] [Server] MID L5 702
[12:04:44] [Server thread/INFO]: System chat: Running function packtest:at
[12:04:44] [Server thread/INFO]: [Not Secure] [Server] AT stone
[12:04:44] [Server thread/INFO]: System chat: Running function packtest:biome
[12:04:44] [Server thread/INFO]: [Not Secure] [Server] BIOME minecraft:snowy_slopes
[12:04:44] [Server thread/INFO]: [Not Secure] [Server] TOPBIOMEOK L5
[12:04:44] [Server thread/INFO]: System chat: Unmarked all force loaded chunks in minecraft:overworld
[12:04:46] [Server thread/INFO]: System chat: Marked 3 chunks in minecraft:overworld from [-133, 25] to [-131, 25] to be force loaded
[12:04:46] [Server thread/INFO]: System chat: Marked chunk [-126, 25] in minecraft:overworld to be force loaded
[12:04:46] [Server thread/INFO]: System chat: Marked chunk [-133, 30] in minecraft:overworld to be force loaded
[12:04:48] [Server thread/INFO]: [Not Secure] [Server] LOADED D2
[12:04:49] [Server thread/INFO]: [Not Secure] [Server] PROBE D2 centre -2123 400
[12:04:49] [Server thread/INFO]: System chat: Running function packtest:col
[12:04:49] [Server thread/INFO]: [Not Secure] [Server] TOP sand
[12:04:49] [Server thread/INFO]: [Not Secure] [Server] BIOME minecraft:beach
[12:04:49] [Server thread/INFO]: System chat: y has 269 [pt]
[12:04:49] [Server thread/INFO]: System chat: ws has 269 [pt]
[12:04:49] [Server thread/INFO]: [Not Secure] [Server] BIOMEOK D2 centre
[12:04:49] [Server thread/INFO]: [Not Secure] [Server] PROBE D2 half -2085 400
[12:04:49] [Server thread/INFO]: System chat: Running function packtest:col
[12:04:49] [Server thread/INFO]: [Not Secure] [Server] TOP sand
[12:04:49] [Server thread/INFO]: [Not Secure] [Server] BIOME minecraft:beach
[12:04:49] [Server thread/INFO]: System chat: y has 269 [pt]
[12:04:50] [Server thread/INFO]: System chat: ws has 269 [pt]
[12:04:50] [Server thread/INFO]: [Not Secure] [Server] BIOMEOK D2 half
[12:04:50] [Server thread/INFO]: [Not Secure] [Server] PROBE D2 outside -2006 400
[12:04:50] [Server thread/INFO]: System chat: Running function packtest:col
[12:04:50] [Server thread/INFO]: [Not Secure] [Server] BIOME the_isles:void
[12:04:50] [Server thread/INFO]: System chat: y has -2032 [pt]
[12:04:50] [Server thread/INFO]: System chat: ws has -2032 [pt]
[12:04:50] [Server thread/INFO]: [Not Secure] [Server] PROBE D2 rim -2123 481
[12:04:50] [Server thread/INFO]: System chat: Running function packtest:col
[12:04:50] [Server thread/INFO]: [Not Secure] [Server] BIOME the_isles:void
[12:04:50] [Server thread/INFO]: System chat: y has -2032 [pt]
[12:04:50] [Server thread/INFO]: System chat: ws has -2032 [pt]
[12:04:50] [Server thread/INFO]: [Not Secure] [Server] BODY D2
[12:04:50] [Server thread/INFO]: System chat: Running function packtest:at
[12:04:50] [Server thread/INFO]: [Not Secure] [Server] AT stone
[12:04:50] [Server thread/INFO]: System chat: Running function packtest:at
[12:04:50] [Server thread/INFO]: [Not Secure] [Server] AT air
[12:04:50] [Server thread/INFO]: [Not Secure] [Server] MID D2 253
[12:04:50] [Server thread/INFO]: System chat: Running function packtest:at
[12:04:50] [Server thread/INFO]: [Not Secure] [Server] AT other
[12:04:50] [Server thread/INFO]: System chat: Running function packtest:biome
[12:04:50] [Server thread/INFO]: [Not Secure] [Server] BIOME minecraft:beach
[12:04:50] [Server thread/INFO]: [Not Secure] [Server] TOPBIOMEOK D2
[12:04:50] [Server thread/INFO]: System chat: Unmarked all force loaded chunks in minecraft:overworld
[12:04:52] [Server thread/INFO]: System chat: Marked 3 chunks in minecraft:overworld from [-231, -69] to [-229, -69] to be force loaded
[12:04:52] [Server thread/INFO]: System chat: Marked chunk [-224, -69] in minecraft:overworld to be force loaded
[12:04:53] [Server thread/INFO]: System chat: Marked chunk [-231, -64] in minecraft:overworld to be force loaded
[12:04:55] [Server thread/INFO]: [Not Secure] [Server] LOADED K5
[12:04:55] [Server thread/INFO]: [Not Secure] [Server] PROBE K5 centre -3695 -1100
[12:04:55] [Server thread/INFO]: System chat: Running function packtest:col
[12:04:55] [Server thread/INFO]: [Not Secure] [Server] TOP stone
[12:04:55] [Server thread/INFO]: [Not Secure] [Server] BIOME minecraft:stony_shore
[12:04:56] [Server thread/INFO]: System chat: y has 1240 [pt]
[12:04:56] [Server thread/INFO]: System chat: ws has 1240 [pt]
[12:04:56] [Server thread/INFO]: [Not Secure] [Server] BIOMEOK K5 centre
[12:04:56] [Server thread/INFO]: [Not Secure] [Server] PROBE K5 half -3654 -1100
[12:04:56] [Server thread/INFO]: System chat: Running function packtest:col
[12:04:56] [Server thread/INFO]: [Not Secure] [Server] TOP stone
[12:04:56] [Server thread/INFO]: [Not Secure] [Server] BIOME minecraft:stony_shore
[12:04:56] [Server thread/INFO]: System chat: y has 1234 [pt]
[12:04:56] [Server thread/INFO]: System chat: ws has 1234 [pt]
[12:04:56] [Server thread/INFO]: [Not Secure] [Server] BIOMEOK K5 half
[12:04:56] [Server thread/INFO]: [Not Secure] [Server] PROBE K5 outside -3572 -1100
[12:04:56] [Server thread/INFO]: System chat: Running function packtest:col
[12:04:56] [Server thread/INFO]: [Not Secure] [Server] BIOME the_isles:void
[12:04:56] [Server thread/INFO]: System chat: y has -2032 [pt]
[12:04:56] [Server thread/INFO]: System chat: ws has -2032 [pt]
[12:04:56] [Server thread/INFO]: [Not Secure] [Server] PROBE K5 rim -3695 -1013
[12:04:56] [Server thread/INFO]: System chat: Running function packtest:col
[12:04:56] [Server thread/INFO]: [Not Secure] [Server] BIOME the_isles:void
[12:04:56] [Server thread/INFO]: System chat: y has -2032 [pt]
[12:04:56] [Server thread/INFO]: System chat: ws has -2032 [pt]
[12:04:56] [Server thread/INFO]: [Not Secure] [Server] BODY K5
[12:04:56] [Server thread/INFO]: System chat: Running function packtest:at
[12:04:56] [Server thread/INFO]: [Not Secure] [Server] AT andesite
[12:04:56] [Server thread/INFO]: System chat: Running function packtest:at
[12:04:56] [Server thread/INFO]: [Not Secure] [Server] AT air
[12:04:57] [Server thread/INFO]: [Not Secure] [Server] MID K5 1221
[12:04:57] [Server thread/INFO]: System chat: Running function packtest:at
[12:04:57] [Server thread/INFO]: [Not Secure] [Server] AT stone
[12:04:57] [Server thread/INFO]: System chat: Running function packtest:biome
[12:04:57] [Server thread/INFO]: [Not Secure] [Server] BIOME minecraft:stony_shore
[12:04:57] [Server thread/INFO]: [Not Secure] [Server] TOPBIOMEOK K5
[12:04:57] [Server thread/INFO]: System chat: Unmarked all force loaded chunks in minecraft:overworld
[12:04:59] [Server thread/INFO]: System chat: Marked 5 chunks in minecraft:overworld from [208, -164] to [212, -164] to be force loaded
[12:04:59] [Server thread/INFO]: System chat: Marked chunk [218, -164] in minecraft:overworld to be force loaded
[12:04:59] [Server thread/INFO]: System chat: Marked chunk [208, -157] in minecraft:overworld to be force loaded
[12:04:59] [Server thread/WARN]: Can't keep up! Is the server overloaded? Running 2493ms or 49 ticks behind
[12:05:01] [Server thread/INFO]: [Not Secure] [Server] LOADED P3
[12:05:02] [Server thread/INFO]: [Not Secure] [Server] PROBE P3 centre 3338 -2620
[12:05:02] [Server thread/INFO]: System chat: Running function packtest:col
[12:05:02] [Server thread/INFO]: [Not Secure] [Server] TOP packed_ice
[12:05:02] [Server thread/INFO]: [Not Secure] [Server] BIOME minecraft:frozen_peaks
[12:05:02] [Server thread/INFO]: System chat: y has 571 [pt]
[12:05:02] [Server thread/INFO]: System chat: ws has 571 [pt]
[12:05:02] [Server thread/INFO]: [Not Secure] [Server] BIOMEOK P3 centre
[12:05:02] [Server thread/INFO]: [Not Secure] [Server] PROBE P3 half 3395 -2620
[12:05:02] [Server thread/INFO]: System chat: Running function packtest:col
[12:05:02] [Server thread/INFO]: [Not Secure] [Server] TOP snow_block
[12:05:02] [Server thread/INFO]: [Not Secure] [Server] SNOWLAYER
[12:05:02] [Server thread/INFO]: [Not Secure] [Server] BIOME minecraft:frozen_peaks
[12:05:02] [Server thread/INFO]: System chat: y has 563 [pt]
[12:05:02] [Server thread/INFO]: System chat: ws has 564 [pt]
[12:05:02] [Server thread/INFO]: [Not Secure] [Server] BIOMEOK P3 half
[12:05:02] [Server thread/INFO]: [Not Secure] [Server] PROBE P3 outside 3493 -2620
[12:05:02] [Server thread/INFO]: System chat: Running function packtest:col
[12:05:02] [Server thread/INFO]: [Not Secure] [Server] BIOME the_isles:void
[12:05:02] [Server thread/INFO]: System chat: y has -2032 [pt]
[12:05:02] [Server thread/INFO]: System chat: ws has -2032 [pt]
[12:05:02] [Server thread/INFO]: [Not Secure] [Server] PROBE P3 rim 3338 -2501
[12:05:02] [Server thread/INFO]: System chat: Running function packtest:col
[12:05:02] [Server thread/INFO]: [Not Secure] [Server] BIOME the_isles:void
[12:05:03] [Server thread/INFO]: System chat: y has -2032 [pt]
[12:05:03] [Server thread/INFO]: System chat: ws has -2032 [pt]
[12:05:03] [Server thread/INFO]: [Not Secure] [Server] BODY P3
[12:05:03] [Server thread/INFO]: System chat: Running function packtest:at
[12:05:03] [Server thread/INFO]: [Not Secure] [Server] AT diorite
[12:05:03] [Server thread/INFO]: System chat: Running function packtest:at
[12:05:03] [Server thread/INFO]: [Not Secure] [Server] AT air
[12:05:03] [Server thread/INFO]: [Not Secure] [Server] MID P3 557
[12:05:03] [Server thread/INFO]: System chat: Running function packtest:at
[12:05:03] [Server thread/INFO]: [Not Secure] [Server] AT diorite
[12:05:03] [Server thread/INFO]: System chat: Running function packtest:biome
[12:05:03] [Server thread/INFO]: [Not Secure] [Server] BIOME minecraft:frozen_peaks
[12:05:03] [Server thread/INFO]: [Not Secure] [Server] TOPBIOMEOK P3
[12:05:03] [Server thread/INFO]: System chat: Unmarked all force loaded chunks in minecraft:overworld
[12:05:05] [Server thread/INFO]: System chat: Marked 3 chunks in minecraft:overworld from [-120, -124] to [-118, -124] to be force loaded
[12:05:05] [Server thread/INFO]: System chat: Marked chunk [-113, -124] in minecraft:overworld to be force loaded
[12:05:05] [Server thread/INFO]: System chat: Marked chunk [-120, -119] in minecraft:overworld to be force loaded
[12:05:07] [Server thread/INFO]: [Not Secure] [Server] LOADED E4
[12:05:08] [Server thread/INFO]: [Not Secure] [Server] PROBE E4 centre -1907 -1970
[12:05:08] [Server thread/INFO]: System chat: Running function packtest:col
[12:05:08] [Server thread/INFO]: [Not Secure] [Server] TOP stone
[12:05:08] [Server thread/INFO]: [Not Secure] [Server] BIOME minecraft:windswept_hills
[12:05:08] [Server thread/INFO]: System chat: y has 388 [pt]
[12:05:08] [Server thread/INFO]: System chat: ws has 388 [pt]
[12:05:08] [Server thread/INFO]: [Not Secure] [Server] BIOMEOK E4 centre
[12:05:08] [Server thread/INFO]: [Not Secure] [Server] PROBE E4 half -1873 -1970
[12:05:08] [Server thread/INFO]: System chat: Running function packtest:col
[12:05:08] [Server thread/INFO]: [Not Secure] [Server] BIOME the_isles:void
[12:05:08] [Server thread/INFO]: System chat: y has -2032 [pt]
[12:05:08] [Server thread/INFO]: System chat: ws has -2032 [pt]
[12:05:08] [Server thread/INFO]: [Not Secure] [Server] PROBE E4 outside -1799 -1970
[12:05:09] [Server thread/INFO]: System chat: Running function packtest:col
[12:05:09] [Server thread/INFO]: [Not Secure] [Server] BIOME the_isles:void
[12:05:09] [Server thread/INFO]: System chat: y has -2032 [pt]
[12:05:09] [Server thread/INFO]: System chat: ws has -2032 [pt]
[12:05:09] [Server thread/INFO]: [Not Secure] [Server] PROBE E4 rim -1907 -1898
[12:05:09] [Server thread/INFO]: System chat: Running function packtest:col
[12:05:09] [Server thread/INFO]: [Not Secure] [Server] BIOME the_isles:void
[12:05:09] [Server thread/INFO]: System chat: y has -2032 [pt]
[12:05:09] [Server thread/INFO]: System chat: ws has -2032 [pt]
[12:05:09] [Server thread/INFO]: [Not Secure] [Server] BODY E4
[12:05:09] [Server thread/INFO]: System chat: Running function packtest:at
[12:05:09] [Server thread/INFO]: [Not Secure] [Server] AT stone
[12:05:09] [Server thread/INFO]: System chat: Running function packtest:at
[12:05:09] [Server thread/INFO]: [Not Secure] [Server] AT air
[12:05:09] [Server thread/INFO]: [Not Secure] [Server] MID E4 385
[12:05:09] [Server thread/INFO]: System chat: Running function packtest:at
[12:05:09] [Server thread/INFO]: [Not Secure] [Server] AT stone
[12:05:09] [Server thread/INFO]: System chat: Running function packtest:biome
[12:05:09] [Server thread/INFO]: [Not Secure] [Server] BIOME minecraft:windswept_hills
[12:05:09] [Server thread/INFO]: [Not Secure] [Server] TOPBIOMEOK E4
[12:05:09] [Server thread/INFO]: System chat: Unmarked all force loaded chunks in minecraft:overworld
[12:05:09] [Server thread/INFO]: [Not Secure] [Server] SECTION biomes
[12:05:12] [Server thread/INFO]: System chat: Marked 36 chunks in minecraft:overworld from [-127, 124] to [-122, 129] to be force loaded
[12:05:14] [Server thread/INFO]: [Not Secure] [Server] LOADED bio-C5
[12:05:14] [Server thread/INFO]: [Not Secure] [Server] PROBE C5 bio -1976 2043
[12:05:14] [Server thread/INFO]: System chat: Running function packtest:col
[12:05:14] [Server thread/INFO]: [Not Secure] [Server] TOP sand
[12:05:14] [Server thread/INFO]: [Not Secure] [Server] BIOME minecraft:desert
[12:05:14] [Server thread/INFO]: System chat: y has 292 [pt]
[12:05:14] [Server thread/INFO]: System chat: ws has 292 [pt]
[12:05:14] [Server thread/INFO]: [Not Secure] [Server] BIOMEOK C5 bio
[12:05:15] [Server thread/INFO]: [Not Secure] [Server] SCANBOX on-C5 desert y 215..358, 96x96 columns
[12:05:15] [Server thread/INFO]: [Not Secure] [Server] SCAN on-C5 #minecraft:logs
[12:05:15] [Server thread/INFO]: System chat: No blocks were filled
[12:05:15] [Server thread/INFO]: [Not Secure] [Server] SCAN on-C5 #minecraft:leaves
[12:05:15] [Server thread/INFO]: System chat: No blocks were filled
[12:05:15] [Server thread/INFO]: [Not Secure] [Server] SCAN on-C5 #minecraft:flowers
[12:05:15] [Server thread/INFO]: System chat: Successfully filled 7 block(s)
[12:05:15] [Server thread/INFO]: [Not Secure] [Server] SCAN on-C5 minecraft:short_grass
[12:05:15] [Server thread/INFO]: System chat: No blocks were filled
[12:05:15] [Server thread/INFO]: [Not Secure] [Server] SCAN on-C5 minecraft:tall_grass
[12:05:15] [Server thread/INFO]: System chat: No blocks were filled
[12:05:15] [Server thread/INFO]: [Not Secure] [Server] SCAN on-C5 minecraft:fern
[12:05:15] [Server thread/INFO]: System chat: No blocks were filled
[12:05:15] [Server thread/INFO]: [Not Secure] [Server] SCAN on-C5 minecraft:bush
[12:05:15] [Server thread/INFO]: System chat: No blocks were filled
[12:05:15] [Server thread/INFO]: [Not Secure] [Server] SCAN on-C5 minecraft:cactus
[12:05:15] [Server thread/INFO]: System chat: Successfully filled 69 block(s)
[12:05:15] [Server thread/INFO]: [Not Secure] [Server] SCAN on-C5 minecraft:dead_bush
[12:05:16] [Server thread/INFO]: System chat: Successfully filled 68 block(s)
[12:05:16] [Server thread/INFO]: [Not Secure] [Server] SCAN on-C5 minecraft:leaf_litter
[12:05:16] [Server thread/INFO]: System chat: No blocks were filled
[12:05:16] [Server thread/INFO]: [Not Secure] [Server] SCAN on-C5 minecraft:moss_block
[12:05:16] [Server thread/INFO]: System chat: No blocks were filled
[12:05:16] [Server thread/INFO]: [Not Secure] [Server] SCAN on-C5 minecraft:moss_carpet
[12:05:16] [Server thread/INFO]: System chat: No blocks were filled
[12:05:16] [Server thread/INFO]: [Not Secure] [Server] SCAN on-C5 minecraft:cobblestone
[12:05:16] [Server thread/INFO]: System chat: No blocks were filled
[12:05:16] [Server thread/INFO]: [Not Secure] [Server] SCAN on-C5 minecraft:mossy_cobblestone
[12:05:16] [Server thread/INFO]: System chat: No blocks were filled
[12:05:16] [Server thread/INFO]: [Not Secure] [Server] SCAN on-C5 minecraft:coarse_dirt
[12:05:16] [Server thread/INFO]: System chat: No blocks were filled
[12:05:16] [Server thread/INFO]: [Not Secure] [Server] SCAN on-C5 minecraft:podzol
[12:05:16] [Server thread/INFO]: System chat: No blocks were filled
[12:05:16] [Server thread/INFO]: [Not Secure] [Server] SCAN on-C5 minecraft:snow
[12:05:16] [Server thread/INFO]: System chat: No blocks were filled
[12:05:16] [Server thread/INFO]: [Not Secure] [Server] SCAN on-C5 minecraft:water
[12:05:16] [Server thread/INFO]: System chat: No blocks were filled
[12:05:16] [Server thread/INFO]: [Not Secure] [Server] SCAN on-C5 minecraft:lava
[12:05:17] [Server thread/INFO]: System chat: No blocks were filled
[12:05:17] [Server thread/INFO]: [Not Secure] [Server] SCAN on-C5 #minecraft:coral_blocks
[12:05:17] [Server thread/INFO]: System chat: No blocks were filled
[12:05:17] [Server thread/INFO]: [Not Secure] [Server] SCAN on-C5 minecraft:sponge
[12:05:17] [Server thread/INFO]: System chat: No blocks were filled
[12:05:17] [Server thread/INFO]: [Not Secure] [Server] SCAN on-C5 minecraft:wet_sponge
[12:05:17] [Server thread/INFO]: System chat: No blocks were filled
[12:05:17] [Server thread/INFO]: [Not Secure] [Server] SCAN on-C5 minecraft:bone_block
[12:05:17] [Server thread/INFO]: System chat: Successfully filled 71 block(s)
[12:05:17] [Server thread/INFO]: [Not Secure] [Server] SCAN on-C5 minecraft:magma_block
[12:05:17] [Server thread/INFO]: System chat: No blocks were filled
[12:05:17] [Server thread/INFO]: [Not Secure] [Server] SCAN on-C5 minecraft:spawner
[12:05:17] [Server thread/INFO]: System chat: No blocks were filled
[12:05:17] [Server thread/INFO]: [Not Secure] [Server] SCAN on-C5 minecraft:chest
[12:05:17] [Server thread/INFO]: System chat: No blocks were filled
[12:05:17] [Server thread/INFO]: [Not Secure] [Server] SCAN on-C5 minecraft:packed_ice
[12:05:17] [Server thread/INFO]: System chat: No blocks were filled
[12:05:17] [Server thread/INFO]: [Not Secure] [Server] SCAN on-C5 minecraft:ice
[12:05:18] [Server thread/INFO]: System chat: No blocks were filled
[12:05:18] [Server thread/INFO]: [Not Secure] [Server] SCAN on-C5 minecraft:granite
[12:05:18] [Server thread/INFO]: System chat: Successfully filled 31003 block(s)
[12:05:18] [Server thread/INFO]: [Not Secure] [Server] SCAN on-C5 minecraft:calcite
[12:05:18] [Server thread/INFO]: System chat: No blocks were filled
[12:05:18] [Server thread/INFO]: [Not Secure] [Server] SCAN on-C5 minecraft:tuff
[12:05:18] [Server thread/INFO]: System chat: Successfully filled 2332 block(s)
[12:05:18] [Server thread/INFO]: [Not Secure] [Server] SCAN on-C5 #minecraft:terracotta
[12:05:18] [Server thread/INFO]: System chat: No blocks were filled
[12:05:18] [Server thread/INFO]: [Not Secure] [Server] SCAN on-C5 minecraft:sandstone
[12:05:18] [Server thread/INFO]: System chat: Successfully filled 162962 block(s)
[12:05:18] [Server thread/INFO]: [Not Secure] [Server] SCAN on-C5 minecraft:kelp_plant
[12:05:19] [Server thread/INFO]: System chat: No blocks were filled
[12:05:19] [Server thread/INFO]: [Not Secure] [Server] SCAN on-C5 minecraft:seagrass
[12:05:19] [Server thread/INFO]: System chat: No blocks were filled
[12:05:19] [Server thread/INFO]: [Not Secure] [Server] SCAN on-C5 minecraft:pumpkin
[12:05:19] [Server thread/INFO]: System chat: No blocks were filled
[12:05:19] [Server thread/INFO]: [Not Secure] [Server] SCAN on-C5 minecraft:sugar_cane
[12:05:19] [Server thread/INFO]: System chat: No blocks were filled
[12:05:19] [Server thread/INFO]: [Not Secure] [Server] SCANBOX under-C5 desert y -9..111 (in the open under the island)
[12:05:19] [Server thread/INFO]: [Not Secure] [Server] SCAN under-C5 #minecraft:logs
[12:05:19] [Server thread/INFO]: System chat: No blocks were filled
[12:05:19] [Server thread/INFO]: [Not Secure] [Server] SCAN under-C5 #minecraft:leaves
[12:05:19] [Server thread/INFO]: System chat: No blocks were filled
[12:05:19] [Server thread/INFO]: [Not Secure] [Server] SCAN under-C5 #minecraft:base_stone_overworld
[12:05:19] [Server thread/INFO]: System chat: No blocks were filled
[12:05:19] [Server thread/INFO]: [Not Secure] [Server] SCAN under-C5 #minecraft:dirt
[12:05:19] [Server thread/INFO]: System chat: No blocks were filled
[12:05:19] [Server thread/INFO]: [Not Secure] [Server] SCAN under-C5 #minecraft:sand
[12:05:19] [Server thread/INFO]: System chat: No blocks were filled
[12:05:19] [Server thread/INFO]: [Not Secure] [Server] SCAN under-C5 #minecraft:terracotta
[12:05:19] [Server thread/INFO]: System chat: No blocks were filled
[12:05:19] [Server thread/INFO]: [Not Secure] [Server] SCAN under-C5 #minecraft:ice
[12:05:19] [Server thread/INFO]: System chat: No blocks were filled
[12:05:19] [Server thread/INFO]: [Not Secure] [Server] SCAN under-C5 minecraft:water
[12:05:19] [Server thread/INFO]: System chat: No blocks were filled
[12:05:19] [Server thread/INFO]: [Not Secure] [Server] SCAN under-C5 minecraft:lava
[12:05:20] [Server thread/INFO]: System chat: No blocks were filled
[12:05:20] [Server thread/INFO]: [Not Secure] [Server] SCAN under-C5 minecraft:sandstone
[12:05:20] [Server thread/INFO]: System chat: No blocks were filled
[12:05:20] [Server thread/INFO]: [Not Secure] [Server] SCAN under-C5 #minecraft:coral_blocks
[12:05:20] [Server thread/INFO]: System chat: No blocks were filled
[12:05:20] [Server thread/INFO]: [Not Secure] [Server] SCAN under-C5 minecraft:cobblestone
[12:05:20] [Server thread/INFO]: System chat: No blocks were filled
[12:05:20] [Server thread/INFO]: [Not Secure] [Server] SCAN under-C5 minecraft:mossy_cobblestone
[12:05:20] [Server thread/INFO]: System chat: No blocks were filled
[12:05:20] [Server thread/INFO]: [Not Secure] [Server] SCAN under-C5 minecraft:bone_block
[12:05:20] [Server thread/INFO]: System chat: No blocks were filled
[12:05:20] [Server thread/INFO]: [Not Secure] [Server] SCAN under-C5 minecraft:packed_ice
[12:05:20] [Server thread/INFO]: System chat: No blocks were filled
[12:05:21] [Server thread/INFO]: [Not Secure] [Server] SCAN under-C5 minecraft:gravel
[12:05:21] [Server thread/INFO]: System chat: No blocks were filled
[12:05:21] [Server thread/INFO]: [Not Secure] [Server] SCAN under-C5 minecraft:deepslate
[12:05:21] [Server thread/INFO]: System chat: No blocks were filled
[12:05:21] [Server thread/INFO]: [Not Secure] [Server] SCAN under-C5 minecraft:tuff
[12:05:21] [Server thread/INFO]: System chat: No blocks were filled
[12:05:21] [Server thread/INFO]: [Not Secure] [Server] SCAN under-C5 minecraft:obsidian
[12:05:21] [Server thread/INFO]: System chat: No blocks were filled
[12:05:21] [Server thread/INFO]: [Not Secure] [Server] SCAN under-C5 minecraft:magma_block
[12:05:21] [Server thread/INFO]: System chat: No blocks were filled
[12:05:21] [Server thread/INFO]: [Not Secure] [Server] SCAN under-C5 minecraft:kelp_plant
[12:05:21] [Server thread/INFO]: System chat: No blocks were filled
[12:05:21] [Server thread/INFO]: System chat: Unmarked all force loaded chunks in minecraft:overworld
[12:05:23] [Server thread/INFO]: System chat: Marked 36 chunks in minecraft:overworld from [131, 28] to [136, 33] to be force loaded
[12:05:23] [Server thread/WARN]: Can't keep up! Is the server overloaded? Running 5118ms or 102 ticks behind
[12:05:26] [Server thread/INFO]: [Not Secure] [Server] LOADED bio-A6
[12:05:27] [Server thread/INFO]: [Not Secure] [Server] PROBE A6 bio 2145 511
[12:05:27] [Server thread/INFO]: System chat: Running function packtest:col
[12:05:27] [Server thread/INFO]: [Not Secure] [Server] TOP grass_block
[12:05:27] [Server thread/INFO]: [Not Secure] [Server] BIOME minecraft:forest
[12:05:27] [Server thread/INFO]: System chat: y has -189 [pt]
[12:05:27] [Server thread/INFO]: System chat: ws has -178 [pt]
[12:05:27] [Server thread/INFO]: [Not Secure] [Server] BIOMEOK A6 bio
[12:05:27] [Server thread/INFO]: [Not Secure] [Server] SCANBOX on-A6 forest y -252..-122, 96x96 columns
[12:05:27] [Server thread/INFO]: [Not Secure] [Server] SCAN on-A6 #minecraft:logs
[12:05:27] [Server thread/INFO]: System chat: Successfully filled 2586 block(s)
[12:05:27] [Server thread/INFO]: [Not Secure] [Server] SCAN on-A6 #minecraft:leaves
[12:05:27] [Server thread/INFO]: System chat: Successfully filled 25466 block(s)
[12:05:27] [Server thread/INFO]: [Not Secure] [Server] SCAN on-A6 #minecraft:flowers
[12:05:27] [Server thread/INFO]: System chat: Successfully filled 42 block(s)
[12:05:27] [Server thread/INFO]: [Not Secure] [Server] SCAN on-A6 minecraft:short_grass
[12:05:27] [Server thread/INFO]: System chat: Successfully filled 1175 block(s)
[12:05:27] [Server thread/INFO]: [Not Secure] [Server] SCAN on-A6 minecraft:tall_grass
[12:05:28] [Server thread/INFO]: System chat: Successfully filled 16 block(s)
[12:05:28] [Server thread/INFO]: [Not Secure] [Server] SCAN on-A6 minecraft:fern
[12:05:28] [Server thread/INFO]: System chat: Successfully filled 500 block(s)
[12:05:28] [Server thread/INFO]: [Not Secure] [Server] SCAN on-A6 minecraft:bush
[12:05:28] [Server thread/INFO]: System chat: Successfully filled 41 block(s)
[12:05:28] [Server thread/INFO]: [Not Secure] [Server] SCAN on-A6 minecraft:cactus
[12:05:28] [Server thread/INFO]: System chat: No blocks were filled
[12:05:28] [Server thread/INFO]: [Not Secure] [Server] SCAN on-A6 minecraft:dead_bush
[12:05:28] [Server thread/INFO]: System chat: No blocks were filled
[12:05:28] [Server thread/INFO]: [Not Secure] [Server] SCAN on-A6 minecraft:leaf_litter
[12:05:28] [Server thread/INFO]: System chat: Successfully filled 2134 block(s)
[12:05:28] [Server thread/INFO]: [Not Secure] [Server] SCAN on-A6 minecraft:moss_block
[12:05:28] [Server thread/INFO]: System chat: No blocks were filled
[12:05:28] [Server thread/INFO]: [Not Secure] [Server] SCAN on-A6 minecraft:moss_carpet
[12:05:28] [Server thread/INFO]: System chat: Successfully filled 32 block(s)
[12:05:28] [Server thread/INFO]: [Not Secure] [Server] SCAN on-A6 minecraft:cobblestone
[12:05:29] [Server thread/INFO]: System chat: Successfully filled 105 block(s)
[12:05:29] [Server thread/INFO]: [Not Secure] [Server] SCAN on-A6 minecraft:mossy_cobblestone
[12:05:29] [Server thread/INFO]: System chat: No blocks were filled
[12:05:29] [Server thread/INFO]: [Not Secure] [Server] SCAN on-A6 minecraft:coarse_dirt
[12:05:29] [Server thread/INFO]: System chat: Successfully filled 528 block(s)
[12:05:29] [Server thread/INFO]: [Not Secure] [Server] SCAN on-A6 minecraft:podzol
[12:05:29] [Server thread/INFO]: System chat: No blocks were filled
[12:05:29] [Server thread/INFO]: [Not Secure] [Server] SCAN on-A6 minecraft:snow
[12:05:29] [Server thread/INFO]: System chat: No blocks were filled
[12:05:29] [Server thread/INFO]: [Not Secure] [Server] SCAN on-A6 minecraft:water
[12:05:29] [Server thread/INFO]: System chat: No blocks were filled
[12:05:29] [Server thread/INFO]: [Not Secure] [Server] SCAN on-A6 minecraft:lava
[12:05:29] [Server thread/INFO]: System chat: No blocks were filled
[12:05:29] [Server thread/INFO]: [Not Secure] [Server] SCAN on-A6 #minecraft:coral_blocks
[12:05:29] [Server thread/INFO]: System chat: No blocks were filled
[12:05:29] [Server thread/INFO]: [Not Secure] [Server] SCAN on-A6 minecraft:sponge
[12:05:29] [Server thread/INFO]: System chat: No blocks were filled
[12:05:29] [Server thread/INFO]: [Not Secure] [Server] SCAN on-A6 minecraft:wet_sponge
[12:05:29] [Server thread/INFO]: System chat: No blocks were filled
[12:05:29] [Server thread/INFO]: [Not Secure] [Server] SCAN on-A6 minecraft:bone_block
[12:05:30] [Server thread/INFO]: System chat: No blocks were filled
[12:05:30] [Server thread/INFO]: [Not Secure] [Server] SCAN on-A6 minecraft:magma_block
[12:05:30] [Server thread/INFO]: System chat: No blocks were filled
[12:05:30] [Server thread/INFO]: [Not Secure] [Server] SCAN on-A6 minecraft:spawner
[12:05:30] [Server thread/INFO]: System chat: No blocks were filled
[12:05:30] [Server thread/INFO]: [Not Secure] [Server] SCAN on-A6 minecraft:chest
[12:05:30] [Server thread/INFO]: System chat: No blocks were filled
[12:05:30] [Server thread/INFO]: [Not Secure] [Server] SCAN on-A6 minecraft:packed_ice
[12:05:30] [Server thread/INFO]: System chat: No blocks were filled
[12:05:30] [Server thread/INFO]: [Not Secure] [Server] SCAN on-A6 minecraft:ice
[12:05:30] [Server thread/INFO]: System chat: No blocks were filled
[12:05:30] [Server thread/INFO]: [Not Secure] [Server] SCAN on-A6 minecraft:granite
[12:05:30] [Server thread/INFO]: System chat: Successfully filled 30708 block(s)
[12:05:30] [Server thread/INFO]: [Not Secure] [Server] SCAN on-A6 minecraft:calcite
[12:05:30] [Server thread/INFO]: System chat: No blocks were filled
[12:05:30] [Server thread/INFO]: [Not Secure] [Server] SCAN on-A6 minecraft:tuff
[12:05:30] [Server thread/INFO]: System chat: Successfully filled 38 block(s)
[12:05:30] [Server thread/INFO]: [Not Secure] [Server] SCAN on-A6 #minecraft:terracotta
[12:05:30] [Server thread/INFO]: System chat: No blocks were filled
[12:05:30] [Server thread/INFO]: [Not Secure] [Server] SCAN on-A6 minecraft:sandstone
[12:05:31] [Server thread/INFO]: System chat: No blocks were filled
[12:05:31] [Server thread/INFO]: [Not Secure] [Server] SCAN on-A6 minecraft:kelp_plant
[12:05:31] [Server thread/INFO]: System chat: No blocks were filled
[12:05:31] [Server thread/INFO]: [Not Secure] [Server] SCAN on-A6 minecraft:seagrass
[12:05:31] [Server thread/INFO]: System chat: No blocks were filled
[12:05:31] [Server thread/INFO]: [Not Secure] [Server] SCAN on-A6 minecraft:pumpkin
[12:05:31] [Server thread/INFO]: System chat: Successfully filled 6 block(s)
[12:05:31] [Server thread/INFO]: [Not Secure] [Server] SCAN on-A6 minecraft:sugar_cane
[12:05:31] [Server thread/INFO]: System chat: No blocks were filled
[12:05:31] [Server thread/INFO]: [Not Secure] [Server] SCANBOX under-A6 forest y -463..-343 (in the open under the island)
[12:05:31] [Server thread/INFO]: [Not Secure] [Server] SCAN under-A6 #minecraft:logs
[12:05:31] [Server thread/INFO]: System chat: No blocks were filled
[12:05:31] [Server thread/INFO]: [Not Secure] [Server] SCAN under-A6 #minecraft:leaves
[12:05:31] [Server thread/INFO]: System chat: No blocks were filled
[12:05:31] [Server thread/INFO]: [Not Secure] [Server] SCAN under-A6 #minecraft:base_stone_overworld
[12:05:31] [Server thread/INFO]: System chat: No blocks were filled
[12:05:31] [Server thread/INFO]: [Not Secure] [Server] SCAN under-A6 #minecraft:dirt
[12:05:31] [Server thread/INFO]: System chat: No blocks were filled
[12:05:32] [Server thread/INFO]: [Not Secure] [Server] SCAN under-A6 #minecraft:sand
[12:05:32] [Server thread/INFO]: System chat: No blocks were filled
[12:05:32] [Server thread/INFO]: [Not Secure] [Server] SCAN under-A6 #minecraft:terracotta
[12:05:32] [Server thread/INFO]: System chat: No blocks were filled
[12:05:32] [Server thread/INFO]: [Not Secure] [Server] SCAN under-A6 #minecraft:ice
[12:05:32] [Server thread/INFO]: System chat: No blocks were filled
[12:05:32] [Server thread/INFO]: [Not Secure] [Server] SCAN under-A6 minecraft:water
[12:05:32] [Server thread/INFO]: System chat: No blocks were filled
[12:05:32] [Server thread/INFO]: [Not Secure] [Server] SCAN under-A6 minecraft:lava
[12:05:32] [Server thread/INFO]: System chat: No blocks were filled
[12:05:32] [Server thread/INFO]: [Not Secure] [Server] SCAN under-A6 minecraft:sandstone
[12:05:32] [Server thread/INFO]: System chat: No blocks were filled
[12:05:32] [Server thread/INFO]: [Not Secure] [Server] SCAN under-A6 #minecraft:coral_blocks
[12:05:32] [Server thread/INFO]: System chat: No blocks were filled
[12:05:32] [Server thread/INFO]: [Not Secure] [Server] SCAN under-A6 minecraft:cobblestone
[12:05:32] [Server thread/INFO]: System chat: No blocks were filled
[12:05:32] [Server thread/INFO]: [Not Secure] [Server] SCAN under-A6 minecraft:mossy_cobblestone
[12:05:32] [Server thread/INFO]: System chat: No blocks were filled
[12:05:32] [Server thread/INFO]: [Not Secure] [Server] SCAN under-A6 minecraft:bone_block
[12:05:33] [Server thread/INFO]: System chat: No blocks were filled
[12:05:33] [Server thread/INFO]: [Not Secure] [Server] SCAN under-A6 minecraft:packed_ice
[12:05:33] [Server thread/INFO]: System chat: No blocks were filled
[12:05:33] [Server thread/INFO]: [Not Secure] [Server] SCAN under-A6 minecraft:gravel
[12:05:33] [Server thread/INFO]: System chat: No blocks were filled
[12:05:33] [Server thread/INFO]: [Not Secure] [Server] SCAN under-A6 minecraft:deepslate
[12:05:33] [Server thread/INFO]: System chat: No blocks were filled
[12:05:33] [Server thread/INFO]: [Not Secure] [Server] SCAN under-A6 minecraft:tuff
[12:05:33] [Server thread/INFO]: System chat: No blocks were filled
[12:05:33] [Server thread/INFO]: [Not Secure] [Server] SCAN under-A6 minecraft:obsidian
[12:05:33] [Server thread/INFO]: System chat: No blocks were filled
[12:05:33] [Server thread/INFO]: [Not Secure] [Server] SCAN under-A6 minecraft:magma_block
[12:05:33] [Server thread/INFO]: System chat: No blocks were filled
[12:05:33] [Server thread/INFO]: [Not Secure] [Server] SCAN under-A6 minecraft:kelp_plant
[12:05:33] [Server thread/INFO]: System chat: No blocks were filled
[12:05:33] [Server thread/INFO]: System chat: Unmarked all force loaded chunks in minecraft:overworld
[12:05:36] [Server thread/INFO]: System chat: Marked 36 chunks in minecraft:overworld from [-172, 232] to [-167, 237] to be force loaded
[12:05:37] [Server thread/INFO]: [Not Secure] [Server] LOADED bio-T4
[12:05:38] [Server thread/INFO]: [Not Secure] [Server] PROBE T4 bio -2695 3763
[12:05:38] [Server thread/INFO]: System chat: Running function packtest:col
[12:05:38] [Server thread/INFO]: [Not Secure] [Server] TOP #terracotta
[12:05:38] [Server thread/INFO]: [Not Secure] [Server] BIOME minecraft:badlands
[12:05:38] [Server thread/INFO]: System chat: y has -1032 [pt]
[12:05:38] [Server thread/INFO]: System chat: ws has -1032 [pt]
[12:05:38] [Server thread/INFO]: [Not Secure] [Server] BIOMEOK T4 bio
[12:05:38] [Server thread/INFO]: [Not Secure] [Server] SCANBOX on-T4 badlands y -1077..-940, 96x96 columns
[12:05:39] [Server thread/INFO]: [Not Secure] [Server] SCAN on-T4 #minecraft:logs
[12:05:39] [Server thread/INFO]: System chat: No blocks were filled
[12:05:39] [Server thread/INFO]: [Not Secure] [Server] SCAN on-T4 #minecraft:leaves
[12:05:39] [Server thread/INFO]: System chat: No blocks were filled
[12:05:39] [Server thread/INFO]: [Not Secure] [Server] SCAN on-T4 #minecraft:flowers
[12:05:39] [Server thread/INFO]: System chat: No blocks were filled
[12:05:39] [Server thread/INFO]: [Not Secure] [Server] SCAN on-T4 minecraft:short_grass
[12:05:39] [Server thread/INFO]: System chat: No blocks were filled
[12:05:39] [Server thread/INFO]: [Not Secure] [Server] SCAN on-T4 minecraft:tall_grass
[12:05:39] [Server thread/INFO]: System chat: No blocks were filled
[12:05:39] [Server thread/INFO]: [Not Secure] [Server] SCAN on-T4 minecraft:fern
[12:05:39] [Server thread/INFO]: System chat: No blocks were filled
[12:05:39] [Server thread/INFO]: [Not Secure] [Server] SCAN on-T4 minecraft:bush
[12:05:39] [Server thread/INFO]: System chat: No blocks were filled
[12:05:39] [Server thread/INFO]: [Not Secure] [Server] SCAN on-T4 minecraft:cactus
[12:05:39] [Server thread/INFO]: System chat: No blocks were filled
[12:05:39] [Server thread/INFO]: [Not Secure] [Server] SCAN on-T4 minecraft:dead_bush
[12:05:39] [Server thread/INFO]: System chat: Successfully filled 445 block(s)
[12:05:39] [Server thread/INFO]: [Not Secure] [Server] SCAN on-T4 minecraft:leaf_litter
[12:05:40] [Server thread/INFO]: System chat: No blocks were filled
[12:05:40] [Server thread/INFO]: [Not Secure] [Server] SCAN on-T4 minecraft:moss_block
[12:05:40] [Server thread/INFO]: System chat: No blocks were filled
[12:05:40] [Server thread/INFO]: [Not Secure] [Server] SCAN on-T4 minecraft:moss_carpet
[12:05:40] [Server thread/INFO]: System chat: No blocks were filled
[12:05:40] [Server thread/INFO]: [Not Secure] [Server] SCAN on-T4 minecraft:cobblestone
[12:05:40] [Server thread/INFO]: System chat: No blocks were filled
[12:05:40] [Server thread/INFO]: [Not Secure] [Server] SCAN on-T4 minecraft:mossy_cobblestone
[12:05:40] [Server thread/INFO]: System chat: No blocks were filled
[12:05:40] [Server thread/INFO]: [Not Secure] [Server] SCAN on-T4 minecraft:coarse_dirt
[12:05:40] [Server thread/INFO]: System chat: No blocks were filled
[12:05:40] [Server thread/INFO]: [Not Secure] [Server] SCAN on-T4 minecraft:podzol
[12:05:40] [Server thread/INFO]: System chat: No blocks were filled
[12:05:40] [Server thread/INFO]: [Not Secure] [Server] SCAN on-T4 minecraft:snow
[12:05:40] [Server thread/INFO]: System chat: No blocks were filled
[12:05:40] [Server thread/INFO]: [Not Secure] [Server] SCAN on-T4 minecraft:water
[12:05:40] [Server thread/INFO]: System chat: No blocks were filled
[12:05:40] [Server thread/INFO]: [Not Secure] [Server] SCAN on-T4 minecraft:lava
[12:05:41] [Server thread/INFO]: System chat: No blocks were filled
[12:05:41] [Server thread/INFO]: [Not Secure] [Server] SCAN on-T4 #minecraft:coral_blocks
[12:05:41] [Server thread/INFO]: System chat: No blocks were filled
[12:05:41] [Server thread/INFO]: [Not Secure] [Server] SCAN on-T4 minecraft:sponge
[12:05:41] [Server thread/INFO]: System chat: No blocks were filled
[12:05:41] [Server thread/INFO]: [Not Secure] [Server] SCAN on-T4 minecraft:wet_sponge
[12:05:41] [Server thread/INFO]: System chat: No blocks were filled
[12:05:41] [Server thread/INFO]: [Not Secure] [Server] SCAN on-T4 minecraft:bone_block
[12:05:41] [Server thread/INFO]: System chat: No blocks were filled
[12:05:41] [Server thread/INFO]: [Not Secure] [Server] SCAN on-T4 minecraft:magma_block
[12:05:41] [Server thread/INFO]: System chat: No blocks were filled
[12:05:41] [Server thread/INFO]: [Not Secure] [Server] SCAN on-T4 minecraft:spawner
[12:05:41] [Server thread/INFO]: System chat: No blocks were filled
[12:05:41] [Server thread/INFO]: [Not Secure] [Server] SCAN on-T4 minecraft:chest
[12:05:41] [Server thread/INFO]: System chat: No blocks were filled
[12:05:41] [Server thread/INFO]: [Not Secure] [Server] SCAN on-T4 minecraft:packed_ice
[12:05:41] [Server thread/INFO]: System chat: No blocks were filled
[12:05:41] [Server thread/INFO]: [Not Secure] [Server] SCAN on-T4 minecraft:ice
[12:05:41] [Server thread/INFO]: System chat: No blocks were filled
[12:05:41] [Server thread/INFO]: [Not Secure] [Server] SCAN on-T4 minecraft:granite
[12:05:42] [Server thread/INFO]: System chat: No blocks were filled
[12:05:42] [Server thread/INFO]: [Not Secure] [Server] SCAN on-T4 minecraft:calcite
[12:05:42] [Server thread/INFO]: System chat: No blocks were filled
[12:05:42] [Server thread/INFO]: [Not Secure] [Server] SCAN on-T4 minecraft:tuff
[12:05:42] [Server thread/INFO]: System chat: No blocks were filled
[12:05:42] [Server thread/INFO]: [Not Secure] [Server] SCAN on-T4 #minecraft:terracotta
[12:05:43] [Server thread/INFO]: System chat: Successfully filled 360490 block(s)
[12:05:43] [Server thread/INFO]: [Not Secure] [Server] SCAN on-T4 minecraft:sandstone
[12:05:43] [Server thread/INFO]: System chat: No blocks were filled
[12:05:43] [Server thread/INFO]: [Not Secure] [Server] SCAN on-T4 minecraft:kelp_plant
[12:05:43] [Server thread/INFO]: System chat: No blocks were filled
[12:05:43] [Server thread/INFO]: [Not Secure] [Server] SCAN on-T4 minecraft:seagrass
[12:05:43] [Server thread/INFO]: System chat: No blocks were filled
[12:05:43] [Server thread/INFO]: [Not Secure] [Server] SCAN on-T4 minecraft:pumpkin
[12:05:44] [Server thread/INFO]: System chat: No blocks were filled
[12:05:44] [Server thread/INFO]: [Not Secure] [Server] SCAN on-T4 minecraft:sugar_cane
[12:05:44] [Server thread/INFO]: System chat: No blocks were filled
[12:05:44] [Server thread/INFO]: [Not Secure] [Server] SCANBOX under-T4 badlands y -1295..-1175 (in the open under the island)
[12:05:44] [Server thread/INFO]: [Not Secure] [Server] SCAN under-T4 #minecraft:logs
[12:05:44] [Server thread/INFO]: System chat: No blocks were filled
[12:05:44] [Server thread/INFO]: [Not Secure] [Server] SCAN under-T4 #minecraft:leaves
[12:05:44] [Server thread/INFO]: System chat: No blocks were filled
[12:05:44] [Server thread/INFO]: [Not Secure] [Server] SCAN under-T4 #minecraft:base_stone_overworld
[12:05:44] [Server thread/INFO]: System chat: No blocks were filled
[12:05:44] [Server thread/INFO]: [Not Secure] [Server] SCAN under-T4 #minecraft:dirt
[12:05:44] [Server thread/INFO]: System chat: No blocks were filled
[12:05:44] [Server thread/INFO]: [Not Secure] [Server] SCAN under-T4 #minecraft:sand
[12:05:44] [Server thread/INFO]: System chat: No blocks were filled
[12:05:44] [Server thread/INFO]: [Not Secure] [Server] SCAN under-T4 #minecraft:terracotta
[12:05:44] [Server thread/INFO]: System chat: No blocks were filled
[12:05:44] [Server thread/INFO]: [Not Secure] [Server] SCAN under-T4 #minecraft:ice
[12:05:44] [Server thread/INFO]: System chat: No blocks were filled
[12:05:44] [Server thread/INFO]: [Not Secure] [Server] SCAN under-T4 minecraft:water
[12:05:44] [Server thread/INFO]: System chat: No blocks were filled
[12:05:44] [Server thread/INFO]: [Not Secure] [Server] SCAN under-T4 minecraft:lava
[12:05:44] [Server thread/INFO]: System chat: No blocks were filled
[12:05:44] [Server thread/INFO]: [Not Secure] [Server] SCAN under-T4 minecraft:sandstone
[12:05:44] [Server thread/INFO]: System chat: No blocks were filled
[12:05:44] [Server thread/INFO]: [Not Secure] [Server] SCAN under-T4 #minecraft:coral_blocks
[12:05:44] [Server thread/INFO]: System chat: No blocks were filled
[12:05:44] [Server thread/INFO]: [Not Secure] [Server] SCAN under-T4 minecraft:cobblestone
[12:05:44] [Server thread/INFO]: System chat: No blocks were filled
[12:05:44] [Server thread/INFO]: [Not Secure] [Server] SCAN under-T4 minecraft:mossy_cobblestone
[12:05:44] [Server thread/INFO]: System chat: No blocks were filled
[12:05:44] [Server thread/INFO]: [Not Secure] [Server] SCAN under-T4 minecraft:bone_block
[12:05:44] [Server thread/INFO]: System chat: No blocks were filled
[12:05:44] [Server thread/INFO]: [Not Secure] [Server] SCAN under-T4 minecraft:packed_ice
[12:05:44] [Server thread/INFO]: System chat: No blocks were filled
[12:05:44] [Server thread/INFO]: [Not Secure] [Server] SCAN under-T4 minecraft:gravel
[12:05:44] [Server thread/INFO]: System chat: No blocks were filled
[12:05:44] [Server thread/INFO]: [Not Secure] [Server] SCAN under-T4 minecraft:deepslate
[12:05:44] [Server thread/INFO]: System chat: No blocks were filled
[12:05:44] [Server thread/INFO]: [Not Secure] [Server] SCAN under-T4 minecraft:tuff
[12:05:44] [Server thread/INFO]: System chat: No blocks were filled
[12:05:44] [Server thread/WARN]: Can't keep up! Is the server overloaded? Running 2542ms or 50 ticks behind
[12:05:44] [Server thread/INFO]: [Not Secure] [Server] SCAN under-T4 minecraft:obsidian
[12:05:45] [Server thread/INFO]: System chat: No blocks were filled
[12:05:45] [Server thread/INFO]: [Not Secure] [Server] SCAN under-T4 minecraft:magma_block
[12:05:45] [Server thread/INFO]: System chat: No blocks were filled
[12:05:45] [Server thread/INFO]: [Not Secure] [Server] SCAN under-T4 minecraft:kelp_plant
[12:05:45] [Server thread/INFO]: System chat: No blocks were filled
[12:05:45] [Server thread/INFO]: System chat: Unmarked all force loaded chunks in minecraft:overworld
[12:05:48] [Server thread/INFO]: System chat: Marked 36 chunks in minecraft:overworld from [-15, 162] to [-10, 167] to be force loaded
[12:05:50] [Server thread/INFO]: [Not Secure] [Server] LOADED bio-d5
[12:05:51] [Server thread/INFO]: [Not Secure] [Server] PROBE d5 bio -192 2648
[12:05:51] [Server thread/INFO]: System chat: Running function packtest:col
[12:05:51] [Server thread/INFO]: [Not Secure] [Server] TOP water
[12:05:51] [Server thread/INFO]: [Not Secure] [Server] BIOME minecraft:warm_ocean
[12:05:51] [Server thread/INFO]: System chat: y has 989 [pt]
[12:05:51] [Server thread/INFO]: System chat: ws has 989 [pt]
[12:05:51] [Server thread/INFO]: [Not Secure] [Server] BIOMEOK d5 bio
[12:05:51] [Server thread/INFO]: [Not Secure] [Server] SCANBOX on-d5 warm_ocean y 931..1056, 96x96 columns
[12:05:51] [Server thread/INFO]: [Not Secure] [Server] SCAN on-d5 #minecraft:logs
[12:05:51] [Server thread/INFO]: System chat: No blocks were filled
[12:05:51] [Server thread/INFO]: [Not Secure] [Server] SCAN on-d5 #minecraft:leaves
[12:05:51] [Server thread/INFO]: System chat: No blocks were filled
[12:05:51] [Server thread/INFO]: [Not Secure] [Server] SCAN on-d5 #minecraft:flowers
[12:05:51] [Server thread/INFO]: System chat: No blocks were filled
[12:05:51] [Server thread/INFO]: [Not Secure] [Server] SCAN on-d5 minecraft:short_grass
[12:05:51] [Server thread/INFO]: System chat: No blocks were filled
[12:05:51] [Server thread/INFO]: [Not Secure] [Server] SCAN on-d5 minecraft:tall_grass
[12:05:52] [Server thread/INFO]: System chat: No blocks were filled
[12:05:52] [Server thread/INFO]: [Not Secure] [Server] SCAN on-d5 minecraft:fern
[12:05:52] [Server thread/INFO]: System chat: No blocks were filled
[12:05:52] [Server thread/INFO]: [Not Secure] [Server] SCAN on-d5 minecraft:bush
[12:05:52] [Server thread/INFO]: System chat: No blocks were filled
[12:05:52] [Server thread/INFO]: [Not Secure] [Server] SCAN on-d5 minecraft:cactus
[12:05:52] [Server thread/INFO]: System chat: No blocks were filled
[12:05:52] [Server thread/INFO]: [Not Secure] [Server] SCAN on-d5 minecraft:dead_bush
[12:05:52] [Server thread/INFO]: System chat: No blocks were filled
[12:05:52] [Server thread/INFO]: [Not Secure] [Server] SCAN on-d5 minecraft:leaf_litter
[12:05:52] [Server thread/INFO]: System chat: No blocks were filled
[12:05:52] [Server thread/INFO]: [Not Secure] [Server] SCAN on-d5 minecraft:moss_block
[12:05:52] [Server thread/INFO]: System chat: No blocks were filled
[12:05:52] [Server thread/INFO]: [Not Secure] [Server] SCAN on-d5 minecraft:moss_carpet
[12:05:52] [Server thread/INFO]: System chat: No blocks were filled
[12:05:52] [Server thread/INFO]: [Not Secure] [Server] SCAN on-d5 minecraft:cobblestone
[12:05:52] [Server thread/INFO]: System chat: No blocks were filled
[12:05:52] [Server thread/INFO]: [Not Secure] [Server] SCAN on-d5 minecraft:mossy_cobblestone
[12:05:53] [Server thread/INFO]: System chat: No blocks were filled
[12:05:53] [Server thread/INFO]: [Not Secure] [Server] SCAN on-d5 minecraft:coarse_dirt
[12:05:53] [Server thread/INFO]: System chat: No blocks were filled
[12:05:53] [Server thread/INFO]: [Not Secure] [Server] SCAN on-d5 minecraft:podzol
[12:05:53] [Server thread/INFO]: System chat: No blocks were filled
[12:05:53] [Server thread/INFO]: [Not Secure] [Server] SCAN on-d5 minecraft:snow
[12:05:53] [Server thread/INFO]: System chat: No blocks were filled
[12:05:53] [Server thread/INFO]: [Not Secure] [Server] SCAN on-d5 minecraft:water
[12:05:53] [Server thread/INFO]: System chat: Successfully filled 174247 block(s)
[12:05:53] [Server thread/INFO]: [Not Secure] [Server] SCAN on-d5 minecraft:lava
[12:05:54] [Server thread/INFO]: System chat: No blocks were filled
[12:05:54] [Server thread/INFO]: [Not Secure] [Server] SCAN on-d5 #minecraft:coral_blocks
[12:05:54] [Server thread/INFO]: System chat: Successfully filled 2523 block(s)
[12:05:54] [Server thread/INFO]: [Not Secure] [Server] SCAN on-d5 minecraft:sponge
[12:05:54] [Server thread/INFO]: System chat: No blocks were filled
[12:05:54] [Server thread/INFO]: [Not Secure] [Server] SCAN on-d5 minecraft:wet_sponge
[12:05:54] [Server thread/INFO]: System chat: No blocks were filled
[12:05:54] [Server thread/INFO]: [Not Secure] [Server] SCAN on-d5 minecraft:bone_block
[12:05:54] [Server thread/INFO]: System chat: No blocks were filled
[12:05:54] [Server thread/INFO]: [Not Secure] [Server] SCAN on-d5 minecraft:magma_block
[12:05:54] [Server thread/INFO]: System chat: No blocks were filled
[12:05:54] [Server thread/INFO]: [Not Secure] [Server] SCAN on-d5 minecraft:spawner
[12:05:54] [Server thread/INFO]: System chat: No blocks were filled
[12:05:54] [Server thread/INFO]: [Not Secure] [Server] SCAN on-d5 minecraft:chest
[12:05:54] [Server thread/INFO]: System chat: No blocks were filled
[12:05:54] [Server thread/INFO]: [Not Secure] [Server] SCAN on-d5 minecraft:packed_ice
[12:05:54] [Server thread/INFO]: System chat: No blocks were filled
[12:05:54] [Server thread/INFO]: [Not Secure] [Server] SCAN on-d5 minecraft:ice
[12:05:54] [Server thread/INFO]: System chat: No blocks were filled
[12:05:54] [Server thread/INFO]: [Not Secure] [Server] SCAN on-d5 minecraft:granite
[12:05:54] [Server thread/INFO]: System chat: Successfully filled 19769 block(s)
[12:05:54] [Server thread/INFO]: [Not Secure] [Server] SCAN on-d5 minecraft:calcite
[12:05:54] [Server thread/INFO]: System chat: No blocks were filled
[12:05:54] [Server thread/INFO]: [Not Secure] [Server] SCAN on-d5 minecraft:tuff
[12:05:54] [Server thread/INFO]: System chat: No blocks were filled
[12:05:54] [Server thread/INFO]: [Not Secure] [Server] SCAN on-d5 #minecraft:terracotta
[12:05:54] [Server thread/INFO]: System chat: No blocks were filled
[12:05:54] [Server thread/INFO]: [Not Secure] [Server] SCAN on-d5 minecraft:sandstone
[12:05:55] [Server thread/INFO]: System chat: Successfully filled 20077 block(s)
[12:05:55] [Server thread/INFO]: [Not Secure] [Server] SCAN on-d5 minecraft:kelp_plant
[12:05:55] [Server thread/INFO]: System chat: No blocks were filled
[12:05:55] [Server thread/INFO]: [Not Secure] [Server] SCAN on-d5 minecraft:seagrass
[12:05:55] [Server thread/INFO]: System chat: Successfully filled 1029 block(s)
[12:05:55] [Server thread/INFO]: [Not Secure] [Server] SCAN on-d5 minecraft:pumpkin
[12:05:55] [Server thread/INFO]: System chat: No blocks were filled
[12:05:55] [Server thread/INFO]: [Not Secure] [Server] SCAN on-d5 minecraft:sugar_cane
[12:05:55] [Server thread/INFO]: System chat: No blocks were filled
[12:05:55] [Server thread/INFO]: [Not Secure] [Server] SCANBOX under-d5 warm_ocean y 725..845 (in the open under the island)
[12:05:55] [Server thread/INFO]: [Not Secure] [Server] SCAN under-d5 #minecraft:logs
[12:05:55] [Server thread/INFO]: System chat: No blocks were filled
[12:05:55] [Server thread/INFO]: [Not Secure] [Server] SCAN under-d5 #minecraft:leaves
[12:05:55] [Server thread/INFO]: System chat: No blocks were filled
[12:05:55] [Server thread/INFO]: [Not Secure] [Server] SCAN under-d5 #minecraft:base_stone_overworld
[12:05:55] [Server thread/INFO]: System chat: No blocks were filled
[12:05:55] [Server thread/INFO]: [Not Secure] [Server] SCAN under-d5 #minecraft:dirt
[12:05:55] [Server thread/INFO]: System chat: No blocks were filled
[12:05:56] [Server thread/INFO]: [Not Secure] [Server] SCAN under-d5 #minecraft:sand
[12:05:56] [Server thread/INFO]: System chat: No blocks were filled
[12:05:56] [Server thread/INFO]: [Not Secure] [Server] SCAN under-d5 #minecraft:terracotta
[12:05:56] [Server thread/INFO]: System chat: No blocks were filled
[12:05:56] [Server thread/INFO]: [Not Secure] [Server] SCAN under-d5 #minecraft:ice
[12:05:56] [Server thread/INFO]: System chat: No blocks were filled
[12:05:56] [Server thread/INFO]: [Not Secure] [Server] SCAN under-d5 minecraft:water
[12:05:56] [Server thread/INFO]: System chat: No blocks were filled
[12:05:56] [Server thread/INFO]: [Not Secure] [Server] SCAN under-d5 minecraft:lava
[12:05:56] [Server thread/INFO]: System chat: No blocks were filled
[12:05:56] [Server thread/INFO]: [Not Secure] [Server] SCAN under-d5 minecraft:sandstone
[12:05:56] [Server thread/INFO]: System chat: No blocks were filled
[12:05:56] [Server thread/INFO]: [Not Secure] [Server] SCAN under-d5 #minecraft:coral_blocks
[12:05:56] [Server thread/INFO]: System chat: No blocks were filled
[12:05:56] [Server thread/INFO]: [Not Secure] [Server] SCAN under-d5 minecraft:cobblestone
[12:05:57] [Server thread/INFO]: System chat: No blocks were filled
[12:05:57] [Server thread/INFO]: [Not Secure] [Server] SCAN under-d5 minecraft:mossy_cobblestone
[12:05:57] [Server thread/INFO]: System chat: No blocks were filled
[12:05:57] [Server thread/INFO]: [Not Secure] [Server] SCAN under-d5 minecraft:bone_block
[12:05:57] [Server thread/INFO]: System chat: No blocks were filled
[12:05:57] [Server thread/INFO]: [Not Secure] [Server] SCAN under-d5 minecraft:packed_ice
[12:05:57] [Server thread/INFO]: System chat: No blocks were filled
[12:05:57] [Server thread/INFO]: [Not Secure] [Server] SCAN under-d5 minecraft:gravel
[12:05:57] [Server thread/INFO]: System chat: No blocks were filled
[12:05:57] [Server thread/INFO]: [Not Secure] [Server] SCAN under-d5 minecraft:deepslate
[12:05:57] [Server thread/INFO]: System chat: No blocks were filled
[12:05:57] [Server thread/INFO]: [Not Secure] [Server] SCAN under-d5 minecraft:tuff
[12:05:57] [Server thread/INFO]: System chat: No blocks were filled
[12:05:57] [Server thread/INFO]: [Not Secure] [Server] SCAN under-d5 minecraft:obsidian
[12:05:57] [Server thread/INFO]: System chat: No blocks were filled
[12:05:57] [Server thread/INFO]: [Not Secure] [Server] SCAN under-d5 minecraft:magma_block
[12:05:57] [Server thread/INFO]: System chat: No blocks were filled
[12:05:57] [Server thread/INFO]: [Not Secure] [Server] SCAN under-d5 minecraft:kelp_plant
[12:05:57] [Server thread/INFO]: System chat: No blocks were filled
[12:05:57] [Server thread/INFO]: System chat: Unmarked all force loaded chunks in minecraft:overworld
[12:06:00] [Server thread/INFO]: System chat: Marked 36 chunks in minecraft:overworld from [49, -200] to [54, -195] to be force loaded
[12:06:02] [Server thread/INFO]: [Not Secure] [Server] LOADED bio-M5
[12:06:03] [Server thread/INFO]: [Not Secure] [Server] PROBE M5 bio 835 -3151
[12:06:03] [Server thread/INFO]: System chat: Running function packtest:col
[12:06:03] [Server thread/INFO]: [Not Secure] [Server] TOP ice
[12:06:03] [Server thread/INFO]: [Not Secure] [Server] BIOME minecraft:frozen_ocean
[12:06:03] [Server thread/INFO]: System chat: y has -1281 [pt]
[12:06:03] [Server thread/INFO]: System chat: ws has -1281 [pt]
[12:06:03] [Server thread/INFO]: [Not Secure] [Server] BIOMEOK M5 bio
[12:06:03] [Server thread/INFO]: [Not Secure] [Server] SCANBOX on-M5 frozen_ocean y -1345..-1214, 96x96 columns
[12:06:04] [Server thread/INFO]: [Not Secure] [Server] SCAN on-M5 #minecraft:logs
[12:06:04] [Server thread/INFO]: System chat: No blocks were filled
[12:06:04] [Server thread/INFO]: [Not Secure] [Server] SCAN on-M5 #minecraft:leaves
[12:06:04] [Server thread/INFO]: System chat: No blocks were filled
[12:06:04] [Server thread/INFO]: [Not Secure] [Server] SCAN on-M5 #minecraft:flowers
[12:06:04] [Server thread/INFO]: System chat: No blocks were filled
[12:06:04] [Server thread/INFO]: [Not Secure] [Server] SCAN on-M5 minecraft:short_grass
[12:06:04] [Server thread/INFO]: System chat: Successfully filled 20 block(s)
[12:06:04] [Server thread/INFO]: [Not Secure] [Server] SCAN on-M5 minecraft:tall_grass
[12:06:04] [Server thread/INFO]: System chat: No blocks were filled
[12:06:04] [Server thread/INFO]: [Not Secure] [Server] SCAN on-M5 minecraft:fern
[12:06:04] [Server thread/INFO]: System chat: No blocks were filled
[12:06:04] [Server thread/INFO]: [Not Secure] [Server] SCAN on-M5 minecraft:bush
[12:06:04] [Server thread/INFO]: System chat: No blocks were filled
[12:06:04] [Server thread/INFO]: [Not Secure] [Server] SCAN on-M5 minecraft:cactus
[12:06:04] [Server thread/INFO]: System chat: No blocks were filled
[12:06:04] [Server thread/INFO]: [Not Secure] [Server] SCAN on-M5 minecraft:dead_bush
[12:06:04] [Server thread/INFO]: System chat: No blocks were filled
[12:06:04] [Server thread/INFO]: [Not Secure] [Server] SCAN on-M5 minecraft:leaf_litter
[12:06:05] [Server thread/INFO]: System chat: No blocks were filled
[12:06:05] [Server thread/INFO]: [Not Secure] [Server] SCAN on-M5 minecraft:moss_block
[12:06:05] [Server thread/INFO]: System chat: No blocks were filled
[12:06:05] [Server thread/INFO]: [Not Secure] [Server] SCAN on-M5 minecraft:moss_carpet
[12:06:05] [Server thread/INFO]: System chat: No blocks were filled
[12:06:05] [Server thread/INFO]: [Not Secure] [Server] SCAN on-M5 minecraft:cobblestone
[12:06:05] [Server thread/INFO]: System chat: No blocks were filled
[12:06:05] [Server thread/INFO]: [Not Secure] [Server] SCAN on-M5 minecraft:mossy_cobblestone
[12:06:05] [Server thread/INFO]: System chat: No blocks were filled
[12:06:05] [Server thread/INFO]: [Not Secure] [Server] SCAN on-M5 minecraft:coarse_dirt
[12:06:05] [Server thread/INFO]: System chat: No blocks were filled
[12:06:05] [Server thread/INFO]: [Not Secure] [Server] SCAN on-M5 minecraft:podzol
[12:06:05] [Server thread/INFO]: System chat: No blocks were filled
[12:06:05] [Server thread/INFO]: [Not Secure] [Server] SCAN on-M5 minecraft:snow
[12:06:05] [Server thread/INFO]: System chat: No blocks were filled
[12:06:05] [Server thread/INFO]: [Not Secure] [Server] SCAN on-M5 minecraft:water
[12:06:06] [Server thread/INFO]: System chat: Successfully filled 221206 block(s)
[12:06:06] [Server thread/INFO]: [Not Secure] [Server] SCAN on-M5 minecraft:lava
[12:06:06] [Server thread/INFO]: System chat: No blocks were filled
[12:06:06] [Server thread/INFO]: [Not Secure] [Server] SCAN on-M5 #minecraft:coral_blocks
[12:06:06] [Server thread/INFO]: System chat: No blocks were filled
[12:06:06] [Server thread/INFO]: [Not Secure] [Server] SCAN on-M5 minecraft:sponge
[12:06:06] [Server thread/INFO]: System chat: No blocks were filled
[12:06:06] [Server thread/INFO]: [Not Secure] [Server] SCAN on-M5 minecraft:wet_sponge
[12:06:06] [Server thread/INFO]: System chat: No blocks were filled
[12:06:06] [Server thread/INFO]: [Not Secure] [Server] SCAN on-M5 minecraft:bone_block
[12:06:06] [Server thread/INFO]: System chat: No blocks were filled
[12:06:06] [Server thread/INFO]: [Not Secure] [Server] SCAN on-M5 minecraft:magma_block
[12:06:06] [Server thread/INFO]: System chat: No blocks were filled
[12:06:06] [Server thread/INFO]: [Not Secure] [Server] SCAN on-M5 minecraft:spawner
[12:06:06] [Server thread/INFO]: System chat: No blocks were filled
[12:06:06] [Server thread/INFO]: [Not Secure] [Server] SCAN on-M5 minecraft:chest
[12:06:06] [Server thread/INFO]: System chat: No blocks were filled
[12:06:06] [Server thread/INFO]: [Not Secure] [Server] SCAN on-M5 minecraft:packed_ice
[12:06:06] [Server thread/INFO]: System chat: No blocks were filled
[12:06:06] [Server thread/INFO]: [Not Secure] [Server] SCAN on-M5 minecraft:ice
[12:06:07] [Server thread/INFO]: System chat: Successfully filled 9216 block(s)
[12:06:07] [Server thread/INFO]: [Not Secure] [Server] SCAN on-M5 minecraft:granite
[12:06:07] [Server thread/INFO]: System chat: Successfully filled 20659 block(s)
[12:06:07] [Server thread/INFO]: [Not Secure] [Server] SCAN on-M5 minecraft:calcite
[12:06:07] [Server thread/INFO]: System chat: No blocks were filled
[12:06:07] [Server thread/INFO]: [Not Secure] [Server] SCAN on-M5 minecraft:tuff
[12:06:07] [Server thread/INFO]: System chat: No blocks were filled
[12:06:07] [Server thread/INFO]: [Not Secure] [Server] SCAN on-M5 #minecraft:terracotta
[12:06:07] [Server thread/INFO]: System chat: No blocks were filled
[12:06:07] [Server thread/INFO]: [Not Secure] [Server] SCAN on-M5 minecraft:sandstone
[12:06:07] [Server thread/INFO]: System chat: No blocks were filled
[12:06:07] [Server thread/INFO]: [Not Secure] [Server] SCAN on-M5 minecraft:kelp_plant
[12:06:07] [Server thread/INFO]: System chat: No blocks were filled
[12:06:07] [Server thread/INFO]: [Not Secure] [Server] SCAN on-M5 minecraft:seagrass
[12:06:07] [Server thread/INFO]: System chat: No blocks were filled
[12:06:07] [Server thread/INFO]: [Not Secure] [Server] SCAN on-M5 minecraft:pumpkin
[12:06:07] [Server thread/INFO]: System chat: No blocks were filled
[12:06:07] [Server thread/INFO]: [Not Secure] [Server] SCAN on-M5 minecraft:sugar_cane
[12:06:07] [Server thread/INFO]: System chat: No blocks were filled
[12:06:07] [Server thread/INFO]: [Not Secure] [Server] SCANBOX under-M5 frozen_ocean y -1557..-1437 (in the open under the island)
[12:06:08] [Server thread/INFO]: [Not Secure] [Server] SCAN under-M5 #minecraft:logs
[12:06:08] [Server thread/INFO]: System chat: No blocks were filled
[12:06:08] [Server thread/INFO]: [Not Secure] [Server] SCAN under-M5 #minecraft:leaves
[12:06:08] [Server thread/INFO]: System chat: No blocks were filled
[12:06:08] [Server thread/INFO]: [Not Secure] [Server] SCAN under-M5 #minecraft:base_stone_overworld
[12:06:08] [Server thread/INFO]: System chat: No blocks were filled
[12:06:08] [Server thread/INFO]: [Not Secure] [Server] SCAN under-M5 #minecraft:dirt
[12:06:08] [Server thread/INFO]: System chat: No blocks were filled
[12:06:08] [Server thread/INFO]: [Not Secure] [Server] SCAN under-M5 #minecraft:sand
[12:06:08] [Server thread/INFO]: System chat: No blocks were filled
[12:06:08] [Server thread/INFO]: [Not Secure] [Server] SCAN under-M5 #minecraft:terracotta
[12:06:08] [Server thread/INFO]: System chat: No blocks were filled
[12:06:08] [Server thread/INFO]: [Not Secure] [Server] SCAN under-M5 #minecraft:ice
[12:06:08] [Server thread/INFO]: System chat: No blocks were filled
[12:06:08] [Server thread/INFO]: [Not Secure] [Server] SCAN under-M5 minecraft:water
[12:06:08] [Server thread/INFO]: System chat: No blocks were filled
[12:06:08] [Server thread/INFO]: [Not Secure] [Server] SCAN under-M5 minecraft:lava
[12:06:08] [Server thread/INFO]: System chat: No blocks were filled
[12:06:08] [Server thread/INFO]: [Not Secure] [Server] SCAN under-M5 minecraft:sandstone
[12:06:09] [Server thread/INFO]: System chat: No blocks were filled
[12:06:09] [Server thread/INFO]: [Not Secure] [Server] SCAN under-M5 #minecraft:coral_blocks
[12:06:09] [Server thread/INFO]: System chat: No blocks were filled
[12:06:09] [Server thread/INFO]: [Not Secure] [Server] SCAN under-M5 minecraft:cobblestone
[12:06:09] [Server thread/INFO]: System chat: No blocks were filled
[12:06:09] [Server thread/INFO]: [Not Secure] [Server] SCAN under-M5 minecraft:mossy_cobblestone
[12:06:09] [Server thread/INFO]: System chat: No blocks were filled
[12:06:09] [Server thread/INFO]: [Not Secure] [Server] SCAN under-M5 minecraft:bone_block
[12:06:09] [Server thread/INFO]: System chat: No blocks were filled
[12:06:09] [Server thread/INFO]: [Not Secure] [Server] SCAN under-M5 minecraft:packed_ice
[12:06:09] [Server thread/INFO]: System chat: No blocks were filled
[12:06:09] [Server thread/INFO]: [Not Secure] [Server] SCAN under-M5 minecraft:gravel
[12:06:09] [Server thread/INFO]: System chat: No blocks were filled
[12:06:09] [Server thread/INFO]: [Not Secure] [Server] SCAN under-M5 minecraft:deepslate
[12:06:09] [Server thread/INFO]: System chat: No blocks were filled
[12:06:09] [Server thread/INFO]: [Not Secure] [Server] SCAN under-M5 minecraft:tuff
[12:06:09] [Server thread/INFO]: System chat: No blocks were filled
[12:06:09] [Server thread/INFO]: [Not Secure] [Server] SCAN under-M5 minecraft:obsidian
[12:06:10] [Server thread/INFO]: System chat: No blocks were filled
[12:06:10] [Server thread/INFO]: [Not Secure] [Server] SCAN under-M5 minecraft:magma_block
[12:06:10] [Server thread/INFO]: System chat: No blocks were filled
[12:06:10] [Server thread/INFO]: [Not Secure] [Server] SCAN under-M5 minecraft:kelp_plant
[12:06:10] [Server thread/INFO]: System chat: No blocks were filled
[12:06:10] [Server thread/INFO]: System chat: Unmarked all force loaded chunks in minecraft:overworld
[12:06:13] [Server thread/INFO]: System chat: Marked 36 chunks in minecraft:overworld from [194, 18] to [199, 23] to be force loaded
[12:06:13] [Server thread/WARN]: Can't keep up! Is the server overloaded? Running 2740ms or 54 ticks behind
[12:06:14] [Server thread/INFO]: [Not Secure] [Server] LOADED bio-f2
[12:06:15] [Server thread/INFO]: [Not Secure] [Server] PROBE f2 bio 3163 341
[12:06:15] [Server thread/INFO]: System chat: Running function packtest:col
[12:06:15] [Server thread/INFO]: [Not Secure] [Server] TOP grass_block
[12:06:15] [Server thread/INFO]: [Not Secure] [Server] BIOME minecraft:birch_forest
[12:06:15] [Server thread/INFO]: System chat: y has -524 [pt]
[12:06:15] [Server thread/INFO]: System chat: ws has -516 [pt]
[12:06:15] [Server thread/INFO]: [Not Secure] [Server] BIOMEOK f2 bio
[12:06:15] [Server thread/INFO]: [Not Secure] [Server] SCANBOX on-f2 birch_forest y -589..-456, 96x96 columns
[12:06:15] [Server thread/INFO]: [Not Secure] [Server] SCAN on-f2 #minecraft:logs
[12:06:15] [Server thread/INFO]: System chat: Successfully filled 2598 block(s)
[12:06:15] [Server thread/INFO]: [Not Secure] [Server] SCAN on-f2 #minecraft:leaves
[12:06:15] [Server thread/INFO]: System chat: Successfully filled 15662 block(s)
[12:06:15] [Server thread/INFO]: [Not Secure] [Server] SCAN on-f2 #minecraft:flowers
[12:06:15] [Server thread/INFO]: System chat: Successfully filled 906 block(s)
[12:06:15] [Server thread/INFO]: [Not Secure] [Server] SCAN on-f2 minecraft:short_grass
[12:06:16] [Server thread/INFO]: System chat: Successfully filled 1316 block(s)
[12:06:16] [Server thread/INFO]: [Not Secure] [Server] SCAN on-f2 minecraft:tall_grass
[12:06:16] [Server thread/INFO]: System chat: Successfully filled 38 block(s)
[12:06:16] [Server thread/INFO]: [Not Secure] [Server] SCAN on-f2 minecraft:fern
[12:06:16] [Server thread/INFO]: System chat: Successfully filled 602 block(s)
[12:06:16] [Server thread/INFO]: [Not Secure] [Server] SCAN on-f2 minecraft:bush
[12:06:16] [Server thread/INFO]: System chat: Successfully filled 138 block(s)
[12:06:16] [Server thread/INFO]: [Not Secure] [Server] SCAN on-f2 minecraft:cactus
[12:06:16] [Server thread/INFO]: System chat: No blocks were filled
[12:06:16] [Server thread/INFO]: [Not Secure] [Server] SCAN on-f2 minecraft:dead_bush
[12:06:16] [Server thread/INFO]: System chat: No blocks were filled
[12:06:16] [Server thread/INFO]: [Not Secure] [Server] SCAN on-f2 minecraft:leaf_litter
[12:06:16] [Server thread/INFO]: System chat: No blocks were filled
[12:06:16] [Server thread/INFO]: [Not Secure] [Server] SCAN on-f2 minecraft:moss_block
[12:06:16] [Server thread/INFO]: System chat: No blocks were filled
[12:06:16] [Server thread/INFO]: [Not Secure] [Server] SCAN on-f2 minecraft:moss_carpet
[12:06:16] [Server thread/INFO]: System chat: Successfully filled 29 block(s)
[12:06:16] [Server thread/INFO]: [Not Secure] [Server] SCAN on-f2 minecraft:cobblestone
[12:06:16] [Server thread/INFO]: System chat: Successfully filled 91 block(s)
[12:06:16] [Server thread/INFO]: [Not Secure] [Server] SCAN on-f2 minecraft:mossy_cobblestone
[12:06:16] [Server thread/INFO]: System chat: No blocks were filled
[12:06:16] [Server thread/INFO]: [Not Secure] [Server] SCAN on-f2 minecraft:coarse_dirt
[12:06:17] [Server thread/INFO]: System chat: Successfully filled 31 block(s)
[12:06:17] [Server thread/INFO]: [Not Secure] [Server] SCAN on-f2 minecraft:podzol
[12:06:17] [Server thread/INFO]: System chat: No blocks were filled
[12:06:17] [Server thread/INFO]: [Not Secure] [Server] SCAN on-f2 minecraft:snow
[12:06:17] [Server thread/INFO]: System chat: No blocks were filled
[12:06:17] [Server thread/INFO]: [Not Secure] [Server] SCAN on-f2 minecraft:water
[12:06:17] [Server thread/INFO]: System chat: No blocks were filled
[12:06:17] [Server thread/INFO]: [Not Secure] [Server] SCAN on-f2 minecraft:lava
[12:06:17] [Server thread/INFO]: System chat: No blocks were filled
[12:06:17] [Server thread/INFO]: [Not Secure] [Server] SCAN on-f2 #minecraft:coral_blocks
[12:06:17] [Server thread/INFO]: System chat: No blocks were filled
[12:06:17] [Server thread/INFO]: [Not Secure] [Server] SCAN on-f2 minecraft:sponge
[12:06:17] [Server thread/INFO]: System chat: No blocks were filled
[12:06:17] [Server thread/INFO]: [Not Secure] [Server] SCAN on-f2 minecraft:wet_sponge
[12:06:17] [Server thread/INFO]: System chat: No blocks were filled
[12:06:17] [Server thread/INFO]: [Not Secure] [Server] SCAN on-f2 minecraft:bone_block
[12:06:17] [Server thread/INFO]: System chat: No blocks were filled
[12:06:17] [Server thread/INFO]: [Not Secure] [Server] SCAN on-f2 minecraft:magma_block
[12:06:18] [Server thread/INFO]: System chat: No blocks were filled
[12:06:18] [Server thread/INFO]: [Not Secure] [Server] SCAN on-f2 minecraft:spawner
[12:06:18] [Server thread/INFO]: System chat: No blocks were filled
[12:06:18] [Server thread/INFO]: [Not Secure] [Server] SCAN on-f2 minecraft:chest
[12:06:18] [Server thread/INFO]: System chat: No blocks were filled
[12:06:18] [Server thread/INFO]: [Not Secure] [Server] SCAN on-f2 minecraft:packed_ice
[12:06:18] [Server thread/INFO]: System chat: No blocks were filled
[12:06:18] [Server thread/INFO]: [Not Secure] [Server] SCAN on-f2 minecraft:ice
[12:06:18] [Server thread/INFO]: System chat: No blocks were filled
[12:06:18] [Server thread/INFO]: [Not Secure] [Server] SCAN on-f2 minecraft:granite
[12:06:18] [Server thread/INFO]: System chat: Successfully filled 36621 block(s)
[12:06:18] [Server thread/INFO]: [Not Secure] [Server] SCAN on-f2 minecraft:calcite
[12:06:18] [Server thread/INFO]: System chat: No blocks were filled
[12:06:18] [Server thread/INFO]: [Not Secure] [Server] SCAN on-f2 minecraft:tuff
[12:06:18] [Server thread/INFO]: System chat: No blocks were filled
[12:06:18] [Server thread/INFO]: [Not Secure] [Server] SCAN on-f2 #minecraft:terracotta
[12:06:18] [Server thread/INFO]: System chat: No blocks were filled
[12:06:18] [Server thread/INFO]: [Not Secure] [Server] SCAN on-f2 minecraft:sandstone
[12:06:18] [Server thread/INFO]: System chat: No blocks were filled
[12:06:19] [Server thread/INFO]: [Not Secure] [Server] SCAN on-f2 minecraft:kelp_plant
[12:06:19] [Server thread/INFO]: System chat: No blocks were filled
[12:06:19] [Server thread/INFO]: [Not Secure] [Server] SCAN on-f2 minecraft:seagrass
[12:06:19] [Server thread/INFO]: System chat: No blocks were filled
[12:06:19] [Server thread/INFO]: [Not Secure] [Server] SCAN on-f2 minecraft:pumpkin
[12:06:19] [Server thread/INFO]: System chat: Successfully filled 9 block(s)
[12:06:19] [Server thread/INFO]: [Not Secure] [Server] SCAN on-f2 minecraft:sugar_cane
[12:06:19] [Server thread/INFO]: System chat: No blocks were filled
[12:06:19] [Server thread/INFO]: [Not Secure] [Server] SCANBOX under-f2 birch_forest y -802..-682 (in the open under the island)
[12:06:19] [Server thread/INFO]: [Not Secure] [Server] SCAN under-f2 #minecraft:logs
[12:06:19] [Server thread/INFO]: System chat: No blocks were filled
[12:06:19] [Server thread/INFO]: [Not Secure] [Server] SCAN under-f2 #minecraft:leaves
[12:06:19] [Server thread/INFO]: System chat: No blocks were filled
[12:06:19] [Server thread/INFO]: [Not Secure] [Server] SCAN under-f2 #minecraft:base_stone_overworld
[12:06:19] [Server thread/INFO]: System chat: No blocks were filled
[12:06:19] [Server thread/INFO]: [Not Secure] [Server] SCAN under-f2 #minecraft:dirt
[12:06:19] [Server thread/INFO]: System chat: No blocks were filled
[12:06:19] [Server thread/INFO]: [Not Secure] [Server] SCAN under-f2 #minecraft:sand
[12:06:20] [Server thread/INFO]: System chat: No blocks were filled
[12:06:20] [Server thread/INFO]: [Not Secure] [Server] SCAN under-f2 #minecraft:terracotta
[12:06:20] [Server thread/INFO]: System chat: No blocks were filled
[12:06:20] [Server thread/INFO]: [Not Secure] [Server] SCAN under-f2 #minecraft:ice
[12:06:20] [Server thread/INFO]: System chat: No blocks were filled
[12:06:20] [Server thread/INFO]: [Not Secure] [Server] SCAN under-f2 minecraft:water
[12:06:20] [Server thread/INFO]: System chat: No blocks were filled
[12:06:20] [Server thread/INFO]: [Not Secure] [Server] SCAN under-f2 minecraft:lava
[12:06:20] [Server thread/INFO]: System chat: No blocks were filled
[12:06:20] [Server thread/INFO]: [Not Secure] [Server] SCAN under-f2 minecraft:sandstone
[12:06:20] [Server thread/INFO]: System chat: No blocks were filled
[12:06:20] [Server thread/INFO]: [Not Secure] [Server] SCAN under-f2 #minecraft:coral_blocks
[12:06:20] [Server thread/INFO]: System chat: No blocks were filled
[12:06:20] [Server thread/INFO]: [Not Secure] [Server] SCAN under-f2 minecraft:cobblestone
[12:06:20] [Server thread/INFO]: System chat: No blocks were filled
[12:06:20] [Server thread/INFO]: [Not Secure] [Server] SCAN under-f2 minecraft:mossy_cobblestone
[12:06:20] [Server thread/INFO]: System chat: No blocks were filled
[12:06:20] [Server thread/INFO]: [Not Secure] [Server] SCAN under-f2 minecraft:bone_block
[12:06:20] [Server thread/INFO]: System chat: No blocks were filled
[12:06:20] [Server thread/INFO]: [Not Secure] [Server] SCAN under-f2 minecraft:packed_ice
[12:06:21] [Server thread/INFO]: System chat: No blocks were filled
[12:06:21] [Server thread/INFO]: [Not Secure] [Server] SCAN under-f2 minecraft:gravel
[12:06:21] [Server thread/INFO]: System chat: No blocks were filled
[12:06:21] [Server thread/INFO]: [Not Secure] [Server] SCAN under-f2 minecraft:deepslate
[12:06:21] [Server thread/INFO]: System chat: No blocks were filled
[12:06:21] [Server thread/INFO]: [Not Secure] [Server] SCAN under-f2 minecraft:tuff
[12:06:21] [Server thread/INFO]: System chat: No blocks were filled
[12:06:21] [Server thread/INFO]: [Not Secure] [Server] SCAN under-f2 minecraft:obsidian
[12:06:21] [Server thread/INFO]: System chat: No blocks were filled
[12:06:21] [Server thread/INFO]: [Not Secure] [Server] SCAN under-f2 minecraft:magma_block
[12:06:21] [Server thread/INFO]: System chat: No blocks were filled
[12:06:21] [Server thread/INFO]: [Not Secure] [Server] SCAN under-f2 minecraft:kelp_plant
[12:06:21] [Server thread/INFO]: System chat: No blocks were filled
[12:06:21] [Server thread/INFO]: System chat: Unmarked all force loaded chunks in minecraft:overworld
[12:06:24] [Server thread/INFO]: System chat: Marked 36 chunks in minecraft:overworld from [-47, -122] to [-42, -117] to be force loaded
[12:06:25] [Server thread/INFO]: [Not Secure] [Server] LOADED bio-E5
[12:06:26] [Server thread/INFO]: [Not Secure] [Server] PROBE E5 bio -692 -1898
[12:06:26] [Server thread/INFO]: System chat: Running function packtest:col
[12:06:26] [Server thread/INFO]: [Not Secure] [Server] TOP grass_block
[12:06:26] [Server thread/INFO]: [Not Secure] [Server] BIOME minecraft:taiga
[12:06:26] [Server thread/INFO]: System chat: y has 372 [pt]
[12:06:26] [Server thread/INFO]: System chat: ws has 372 [pt]
[12:06:26] [Server thread/INFO]: [Not Secure] [Server] BIOMEOK E5 bio
[12:06:26] [Server thread/INFO]: [Not Secure] [Server] SCANBOX on-E5 taiga y 307..440, 96x96 columns
[12:06:26] [Server thread/INFO]: [Not Secure] [Server] SCAN on-E5 #minecraft:logs
[12:06:27] [Server thread/INFO]: System chat: Successfully filled 2384 block(s)
[12:06:27] [Server thread/INFO]: [Not Secure] [Server] SCAN on-E5 #minecraft:leaves
[12:06:27] [Server thread/INFO]: System chat: Successfully filled 22737 block(s)
[12:06:27] [Server thread/INFO]: [Not Secure] [Server] SCAN on-E5 #minecraft:flowers
[12:06:27] [Server thread/INFO]: System chat: Successfully filled 43 block(s)
[12:06:27] [Server thread/INFO]: [Not Secure] [Server] SCAN on-E5 minecraft:short_grass
[12:06:27] [Server thread/INFO]: System chat: Successfully filled 1680 block(s)
[12:06:27] [Server thread/INFO]: [Not Secure] [Server] SCAN on-E5 minecraft:tall_grass
[12:06:27] [Server thread/INFO]: System chat: Successfully filled 44 block(s)
[12:06:27] [Server thread/INFO]: [Not Secure] [Server] SCAN on-E5 minecraft:fern
[12:06:27] [Server thread/INFO]: System chat: Successfully filled 644 block(s)
[12:06:27] [Server thread/INFO]: [Not Secure] [Server] SCAN on-E5 minecraft:bush
[12:06:27] [Server thread/INFO]: System chat: No blocks were filled
[12:06:27] [Server thread/INFO]: [Not Secure] [Server] SCAN on-E5 minecraft:cactus
[12:06:27] [Server thread/INFO]: System chat: No blocks were filled
[12:06:27] [Server thread/INFO]: [Not Secure] [Server] SCAN on-E5 minecraft:dead_bush
[12:06:27] [Server thread/INFO]: System chat: No blocks were filled
[12:06:27] [Server thread/INFO]: [Not Secure] [Server] SCAN on-E5 minecraft:leaf_litter
[12:06:27] [Server thread/INFO]: System chat: No blocks were filled
[12:06:28] [Server thread/INFO]: [Not Secure] [Server] SCAN on-E5 minecraft:moss_block
[12:06:28] [Server thread/INFO]: System chat: No blocks were filled
[12:06:28] [Server thread/INFO]: [Not Secure] [Server] SCAN on-E5 minecraft:moss_carpet
[12:06:28] [Server thread/INFO]: System chat: Successfully filled 46 block(s)
[12:06:28] [Server thread/INFO]: [Not Secure] [Server] SCAN on-E5 minecraft:cobblestone
[12:06:28] [Server thread/INFO]: System chat: Successfully filled 185 block(s)
[12:06:28] [Server thread/INFO]: [Not Secure] [Server] SCAN on-E5 minecraft:mossy_cobblestone
[12:06:28] [Server thread/INFO]: System chat: No blocks were filled
[12:06:28] [Server thread/INFO]: [Not Secure] [Server] SCAN on-E5 minecraft:coarse_dirt
[12:06:28] [Server thread/INFO]: System chat: No blocks were filled
[12:06:28] [Server thread/INFO]: [Not Secure] [Server] SCAN on-E5 minecraft:podzol
[12:06:28] [Server thread/INFO]: System chat: Successfully filled 950 block(s)
[12:06:28] [Server thread/INFO]: [Not Secure] [Server] SCAN on-E5 minecraft:snow
[12:06:28] [Server thread/INFO]: System chat: No blocks were filled
[12:06:28] [Server thread/INFO]: [Not Secure] [Server] SCAN on-E5 minecraft:water
[12:06:28] [Server thread/INFO]: System chat: No blocks were filled
[12:06:28] [Server thread/INFO]: [Not Secure] [Server] SCAN on-E5 minecraft:lava
[12:06:28] [Server thread/INFO]: System chat: No blocks were filled
[12:06:28] [Server thread/INFO]: [Not Secure] [Server] SCAN on-E5 #minecraft:coral_blocks
[12:06:29] [Server thread/INFO]: System chat: No blocks were filled
[12:06:29] [Server thread/INFO]: [Not Secure] [Server] SCAN on-E5 minecraft:sponge
[12:06:29] [Server thread/INFO]: System chat: No blocks were filled
[12:06:29] [Server thread/INFO]: [Not Secure] [Server] SCAN on-E5 minecraft:wet_sponge
[12:06:29] [Server thread/INFO]: System chat: No blocks were filled
[12:06:29] [Server thread/INFO]: [Not Secure] [Server] SCAN on-E5 minecraft:bone_block
[12:06:29] [Server thread/INFO]: System chat: No blocks were filled
[12:06:29] [Server thread/INFO]: [Not Secure] [Server] SCAN on-E5 minecraft:magma_block
[12:06:29] [Server thread/INFO]: System chat: No blocks were filled
[12:06:29] [Server thread/INFO]: [Not Secure] [Server] SCAN on-E5 minecraft:spawner
[12:06:29] [Server thread/INFO]: System chat: No blocks were filled
[12:06:29] [Server thread/INFO]: [Not Secure] [Server] SCAN on-E5 minecraft:chest
[12:06:29] [Server thread/INFO]: System chat: No blocks were filled
[12:06:29] [Server thread/INFO]: [Not Secure] [Server] SCAN on-E5 minecraft:packed_ice
[12:06:29] [Server thread/INFO]: System chat: No blocks were filled
[12:06:29] [Server thread/INFO]: [Not Secure] [Server] SCAN on-E5 minecraft:ice
[12:06:29] [Server thread/INFO]: System chat: No blocks were filled
[12:06:29] [Server thread/INFO]: [Not Secure] [Server] SCAN on-E5 minecraft:granite
[12:06:30] [Server thread/INFO]: System chat: Successfully filled 33363 block(s)
[12:06:30] [Server thread/INFO]: [Not Secure] [Server] SCAN on-E5 minecraft:calcite
[12:06:30] [Server thread/INFO]: System chat: No blocks were filled
[12:06:30] [Server thread/INFO]: [Not Secure] [Server] SCAN on-E5 minecraft:tuff
[12:06:30] [Server thread/INFO]: System chat: Successfully filled 278 block(s)
[12:06:30] [Server thread/INFO]: [Not Secure] [Server] SCAN on-E5 #minecraft:terracotta
[12:06:30] [Server thread/INFO]: System chat: No blocks were filled
[12:06:30] [Server thread/INFO]: [Not Secure] [Server] SCAN on-E5 minecraft:sandstone
[12:06:30] [Server thread/INFO]: System chat: No blocks were filled
[12:06:30] [Server thread/INFO]: [Not Secure] [Server] SCAN on-E5 minecraft:kelp_plant
[12:06:30] [Server thread/INFO]: System chat: No blocks were filled
[12:06:30] [Server thread/INFO]: [Not Secure] [Server] SCAN on-E5 minecraft:seagrass
[12:06:30] [Server thread/INFO]: System chat: No blocks were filled
[12:06:30] [Server thread/INFO]: [Not Secure] [Server] SCAN on-E5 minecraft:pumpkin
[12:06:30] [Server thread/INFO]: System chat: Successfully filled 4 block(s)
[12:06:30] [Server thread/INFO]: [Not Secure] [Server] SCAN on-E5 minecraft:sugar_cane
[12:06:30] [Server thread/INFO]: System chat: No blocks were filled
[12:06:30] [Server thread/INFO]: [Not Secure] [Server] SCANBOX under-E5 taiga y 94..214 (in the open under the island)
[12:06:30] [Server thread/INFO]: [Not Secure] [Server] SCAN under-E5 #minecraft:logs
[12:06:31] [Server thread/INFO]: System chat: No blocks were filled
[12:06:31] [Server thread/INFO]: [Not Secure] [Server] SCAN under-E5 #minecraft:leaves
[12:06:31] [Server thread/INFO]: System chat: No blocks were filled
[12:06:31] [Server thread/INFO]: [Not Secure] [Server] SCAN under-E5 #minecraft:base_stone_overworld
[12:06:31] [Server thread/INFO]: System chat: No blocks were filled
[12:06:31] [Server thread/INFO]: [Not Secure] [Server] SCAN under-E5 #minecraft:dirt
[12:06:31] [Server thread/INFO]: System chat: No blocks were filled
[12:06:31] [Server thread/INFO]: [Not Secure] [Server] SCAN under-E5 #minecraft:sand
[12:06:31] [Server thread/INFO]: System chat: No blocks were filled
[12:06:31] [Server thread/INFO]: [Not Secure] [Server] SCAN under-E5 #minecraft:terracotta
[12:06:31] [Server thread/INFO]: System chat: No blocks were filled
[12:06:31] [Server thread/INFO]: [Not Secure] [Server] SCAN under-E5 #minecraft:ice
[12:06:31] [Server thread/INFO]: System chat: No blocks were filled
[12:06:31] [Server thread/INFO]: [Not Secure] [Server] SCAN under-E5 minecraft:water
[12:06:31] [Server thread/INFO]: System chat: No blocks were filled
[12:06:31] [Server thread/INFO]: [Not Secure] [Server] SCAN under-E5 minecraft:lava
[12:06:31] [Server thread/INFO]: System chat: No blocks were filled
[12:06:31] [Server thread/INFO]: [Not Secure] [Server] SCAN under-E5 minecraft:sandstone
[12:06:31] [Server thread/INFO]: System chat: No blocks were filled
[12:06:31] [Server thread/INFO]: [Not Secure] [Server] SCAN under-E5 #minecraft:coral_blocks
[12:06:32] [Server thread/INFO]: System chat: No blocks were filled
[12:06:32] [Server thread/INFO]: [Not Secure] [Server] SCAN under-E5 minecraft:cobblestone
[12:06:32] [Server thread/INFO]: System chat: No blocks were filled
[12:06:32] [Server thread/INFO]: [Not Secure] [Server] SCAN under-E5 minecraft:mossy_cobblestone
[12:06:32] [Server thread/INFO]: System chat: No blocks were filled
[12:06:32] [Server thread/INFO]: [Not Secure] [Server] SCAN under-E5 minecraft:bone_block
[12:06:32] [Server thread/INFO]: System chat: No blocks were filled
[12:06:32] [Server thread/INFO]: [Not Secure] [Server] SCAN under-E5 minecraft:packed_ice
[12:06:32] [Server thread/INFO]: System chat: No blocks were filled
[12:06:32] [Server thread/INFO]: [Not Secure] [Server] SCAN under-E5 minecraft:gravel
[12:06:32] [Server thread/INFO]: System chat: No blocks were filled
[12:06:32] [Server thread/INFO]: [Not Secure] [Server] SCAN under-E5 minecraft:deepslate
[12:06:32] [Server thread/INFO]: System chat: No blocks were filled
[12:06:32] [Server thread/INFO]: [Not Secure] [Server] SCAN under-E5 minecraft:tuff
[12:06:32] [Server thread/INFO]: System chat: No blocks were filled
[12:06:32] [Server thread/INFO]: [Not Secure] [Server] SCAN under-E5 minecraft:obsidian
[12:06:32] [Server thread/INFO]: System chat: No blocks were filled
[12:06:32] [Server thread/INFO]: [Not Secure] [Server] SCAN under-E5 minecraft:magma_block
[12:06:33] [Server thread/INFO]: System chat: No blocks were filled
[12:06:33] [Server thread/INFO]: [Not Secure] [Server] SCAN under-E5 minecraft:kelp_plant
[12:06:33] [Server thread/INFO]: System chat: No blocks were filled
[12:06:33] [Server thread/INFO]: System chat: Unmarked all force loaded chunks in minecraft:overworld
[12:06:36] [Server thread/INFO]: System chat: Marked 36 chunks in minecraft:overworld from [115, 212] to [120, 217] to be force loaded
[12:06:36] [Server thread/WARN]: Can't keep up! Is the server overloaded? Running 3384ms or 67 ticks behind
[12:06:38] [Server thread/INFO]: [Not Secure] [Server] LOADED bio-H7
[12:06:39] [Server thread/INFO]: [Not Secure] [Server] PROBE H7 bio 1892 3445
[12:06:39] [Server thread/INFO]: System chat: Running function packtest:col
[12:06:39] [Server thread/INFO]: [Not Secure] [Server] TOP grass_block
[12:06:39] [Server thread/INFO]: [Not Secure] [Server] BIOME minecraft:jungle
[12:06:39] [Server thread/INFO]: System chat: y has 422 [pt]
[12:06:39] [Server thread/INFO]: System chat: ws has 435 [pt]
[12:06:39] [Server thread/INFO]: [Not Secure] [Server] BIOMEOK H7 bio
[12:06:39] [Server thread/INFO]: [Not Secure] [Server] SCANBOX on-H7 jungle y 356..498, 96x96 columns
[12:06:39] [Server thread/INFO]: [Not Secure] [Server] SCAN on-H7 #minecraft:logs
[12:06:39] [Server thread/INFO]: System chat: Successfully filled 4982 block(s)
[12:06:39] [Server thread/INFO]: [Not Secure] [Server] SCAN on-H7 #minecraft:leaves
[12:06:39] [Server thread/INFO]: System chat: Successfully filled 22150 block(s)
[12:06:39] [Server thread/INFO]: [Not Secure] [Server] SCAN on-H7 #minecraft:flowers
[12:06:39] [Server thread/INFO]: System chat: Successfully filled 36 block(s)
[12:06:39] [Server thread/INFO]: [Not Secure] [Server] SCAN on-H7 minecraft:short_grass
[12:06:40] [Server thread/INFO]: System chat: Successfully filled 1283 block(s)
[12:06:40] [Server thread/INFO]: [Not Secure] [Server] SCAN on-H7 minecraft:tall_grass
[12:06:40] [Server thread/INFO]: System chat: Successfully filled 32 block(s)
[12:06:40] [Server thread/INFO]: [Not Secure] [Server] SCAN on-H7 minecraft:fern
[12:06:40] [Server thread/INFO]: System chat: Successfully filled 487 block(s)
[12:06:40] [Server thread/INFO]: [Not Secure] [Server] SCAN on-H7 minecraft:bush
[12:06:40] [Server thread/INFO]: System chat: No blocks were filled
[12:06:40] [Server thread/INFO]: [Not Secure] [Server] SCAN on-H7 minecraft:cactus
[12:06:40] [Server thread/INFO]: System chat: No blocks were filled
[12:06:40] [Server thread/INFO]: [Not Secure] [Server] SCAN on-H7 minecraft:dead_bush
[12:06:40] [Server thread/INFO]: System chat: No blocks were filled
[12:06:40] [Server thread/INFO]: [Not Secure] [Server] SCAN on-H7 minecraft:leaf_litter
[12:06:40] [Server thread/INFO]: System chat: No blocks were filled
[12:06:40] [Server thread/INFO]: [Not Secure] [Server] SCAN on-H7 minecraft:moss_block
[12:06:40] [Server thread/INFO]: System chat: No blocks were filled
[12:06:40] [Server thread/INFO]: [Not Secure] [Server] SCAN on-H7 minecraft:moss_carpet
[12:06:40] [Server thread/INFO]: System chat: Successfully filled 14 block(s)
[12:06:40] [Server thread/INFO]: [Not Secure] [Server] SCAN on-H7 minecraft:cobblestone
[12:06:40] [Server thread/INFO]: System chat: Successfully filled 145 block(s)
[12:06:40] [Server thread/INFO]: [Not Secure] [Server] SCAN on-H7 minecraft:mossy_cobblestone
[12:06:40] [Server thread/INFO]: System chat: No blocks were filled
[12:06:40] [Server thread/INFO]: [Not Secure] [Server] SCAN on-H7 minecraft:coarse_dirt
[12:06:41] [Server thread/INFO]: System chat: No blocks were filled
[12:06:41] [Server thread/INFO]: [Not Secure] [Server] SCAN on-H7 minecraft:podzol
[12:06:41] [Server thread/INFO]: System chat: No blocks were filled
[12:06:41] [Server thread/INFO]: [Not Secure] [Server] SCAN on-H7 minecraft:snow
[12:06:41] [Server thread/INFO]: System chat: No blocks were filled
[12:06:41] [Server thread/INFO]: [Not Secure] [Server] SCAN on-H7 minecraft:water
[12:06:41] [Server thread/INFO]: System chat: No blocks were filled
[12:06:41] [Server thread/INFO]: [Not Secure] [Server] SCAN on-H7 minecraft:lava
[12:06:41] [Server thread/INFO]: System chat: No blocks were filled
[12:06:41] [Server thread/INFO]: [Not Secure] [Server] SCAN on-H7 #minecraft:coral_blocks
[12:06:41] [Server thread/INFO]: System chat: No blocks were filled
[12:06:41] [Server thread/INFO]: [Not Secure] [Server] SCAN on-H7 minecraft:sponge
[12:06:41] [Server thread/INFO]: System chat: No blocks were filled
[12:06:41] [Server thread/INFO]: [Not Secure] [Server] SCAN on-H7 minecraft:wet_sponge
[12:06:41] [Server thread/INFO]: System chat: No blocks were filled
[12:06:41] [Server thread/INFO]: [Not Secure] [Server] SCAN on-H7 minecraft:bone_block
[12:06:41] [Server thread/INFO]: System chat: No blocks were filled
[12:06:41] [Server thread/INFO]: [Not Secure] [Server] SCAN on-H7 minecraft:magma_block
[12:06:41] [Server thread/INFO]: System chat: No blocks were filled
[12:06:41] [Server thread/INFO]: [Not Secure] [Server] SCAN on-H7 minecraft:spawner
[12:06:42] [Server thread/INFO]: System chat: No blocks were filled
[12:06:42] [Server thread/INFO]: [Not Secure] [Server] SCAN on-H7 minecraft:chest
[12:06:42] [Server thread/INFO]: System chat: No blocks were filled
[12:06:42] [Server thread/INFO]: [Not Secure] [Server] SCAN on-H7 minecraft:packed_ice
[12:06:42] [Server thread/INFO]: System chat: No blocks were filled
[12:06:42] [Server thread/INFO]: [Not Secure] [Server] SCAN on-H7 minecraft:ice
[12:06:42] [Server thread/INFO]: System chat: No blocks were filled
[12:06:42] [Server thread/INFO]: [Not Secure] [Server] SCAN on-H7 minecraft:granite
[12:06:42] [Server thread/INFO]: System chat: Successfully filled 33032 block(s)
[12:06:42] [Server thread/INFO]: [Not Secure] [Server] SCAN on-H7 minecraft:calcite
[12:06:42] [Server thread/INFO]: System chat: No blocks were filled
[12:06:42] [Server thread/INFO]: [Not Secure] [Server] SCAN on-H7 minecraft:tuff
[12:06:42] [Server thread/INFO]: System chat: Successfully filled 3 block(s)
[12:06:42] [Server thread/INFO]: [Not Secure] [Server] SCAN on-H7 #minecraft:terracotta
[12:06:42] [Server thread/INFO]: System chat: No blocks were filled
[12:06:42] [Server thread/INFO]: [Not Secure] [Server] SCAN on-H7 minecraft:sandstone
[12:06:42] [Server thread/INFO]: System chat: No blocks were filled
[12:06:42] [Server thread/INFO]: [Not Secure] [Server] SCAN on-H7 minecraft:kelp_plant
[12:06:43] [Server thread/INFO]: System chat: No blocks were filled
[12:06:43] [Server thread/INFO]: [Not Secure] [Server] SCAN on-H7 minecraft:seagrass
[12:06:43] [Server thread/INFO]: System chat: No blocks were filled
[12:06:43] [Server thread/INFO]: [Not Secure] [Server] SCAN on-H7 minecraft:pumpkin
[12:06:43] [Server thread/INFO]: System chat: Successfully filled 9 block(s)
[12:06:43] [Server thread/INFO]: [Not Secure] [Server] SCAN on-H7 minecraft:sugar_cane
[12:06:43] [Server thread/INFO]: System chat: No blocks were filled
[12:06:43] [Server thread/INFO]: [Not Secure] [Server] SCANBOX under-H7 jungle y 133..253 (in the open under the island)
[12:06:43] [Server thread/INFO]: [Not Secure] [Server] SCAN under-H7 #minecraft:logs
[12:06:43] [Server thread/INFO]: System chat: No blocks were filled
[12:06:43] [Server thread/INFO]: [Not Secure] [Server] SCAN under-H7 #minecraft:leaves
[12:06:43] [Server thread/INFO]: System chat: No blocks were filled
[12:06:43] [Server thread/INFO]: [Not Secure] [Server] SCAN under-H7 #minecraft:base_stone_overworld
[12:06:43] [Server thread/INFO]: System chat: No blocks were filled
[12:06:43] [Server thread/INFO]: [Not Secure] [Server] SCAN under-H7 #minecraft:dirt
[12:06:43] [Server thread/INFO]: System chat: No blocks were filled
[12:06:43] [Server thread/INFO]: [Not Secure] [Server] SCAN under-H7 #minecraft:sand
[12:06:43] [Server thread/INFO]: System chat: No blocks were filled
[12:06:43] [Server thread/INFO]: [Not Secure] [Server] SCAN under-H7 #minecraft:terracotta
[12:06:44] [Server thread/INFO]: System chat: No blocks were filled
[12:06:44] [Server thread/INFO]: [Not Secure] [Server] SCAN under-H7 #minecraft:ice
[12:06:44] [Server thread/INFO]: System chat: No blocks were filled
[12:06:44] [Server thread/INFO]: [Not Secure] [Server] SCAN under-H7 minecraft:water
[12:06:44] [Server thread/INFO]: System chat: No blocks were filled
[12:06:44] [Server thread/INFO]: [Not Secure] [Server] SCAN under-H7 minecraft:lava
[12:06:44] [Server thread/INFO]: System chat: No blocks were filled
[12:06:44] [Server thread/INFO]: [Not Secure] [Server] SCAN under-H7 minecraft:sandstone
[12:06:44] [Server thread/INFO]: System chat: No blocks were filled
[12:06:44] [Server thread/INFO]: [Not Secure] [Server] SCAN under-H7 #minecraft:coral_blocks
[12:06:44] [Server thread/INFO]: System chat: No blocks were filled
[12:06:44] [Server thread/INFO]: [Not Secure] [Server] SCAN under-H7 minecraft:cobblestone
[12:06:44] [Server thread/INFO]: System chat: No blocks were filled
[12:06:44] [Server thread/INFO]: [Not Secure] [Server] SCAN under-H7 minecraft:mossy_cobblestone
[12:06:44] [Server thread/INFO]: System chat: No blocks were filled
[12:06:44] [Server thread/INFO]: [Not Secure] [Server] SCAN under-H7 minecraft:bone_block
[12:06:44] [Server thread/INFO]: System chat: No blocks were filled
[12:06:44] [Server thread/INFO]: [Not Secure] [Server] SCAN under-H7 minecraft:packed_ice
[12:06:45] [Server thread/INFO]: System chat: No blocks were filled
[12:06:45] [Server thread/INFO]: [Not Secure] [Server] SCAN under-H7 minecraft:gravel
[12:06:45] [Server thread/INFO]: System chat: No blocks were filled
[12:06:45] [Server thread/INFO]: [Not Secure] [Server] SCAN under-H7 minecraft:deepslate
[12:06:45] [Server thread/INFO]: System chat: No blocks were filled
[12:06:45] [Server thread/INFO]: [Not Secure] [Server] SCAN under-H7 minecraft:tuff
[12:06:45] [Server thread/INFO]: System chat: No blocks were filled
[12:06:45] [Server thread/INFO]: [Not Secure] [Server] SCAN under-H7 minecraft:obsidian
[12:06:45] [Server thread/INFO]: System chat: No blocks were filled
[12:06:45] [Server thread/INFO]: [Not Secure] [Server] SCAN under-H7 minecraft:magma_block
[12:06:45] [Server thread/INFO]: System chat: No blocks were filled
[12:06:45] [Server thread/INFO]: [Not Secure] [Server] SCAN under-H7 minecraft:kelp_plant
[12:06:45] [Server thread/INFO]: System chat: No blocks were filled
[12:06:45] [Server thread/INFO]: System chat: Unmarked all force loaded chunks in minecraft:overworld
[12:06:48] [Server thread/INFO]: System chat: Marked 36 chunks in minecraft:overworld from [169, 181] to [174, 186] to be force loaded
[12:06:49] [Server thread/INFO]: [Not Secure] [Server] LOADED bio-c4
[12:06:50] [Server thread/INFO]: [Not Secure] [Server] PROBE c4 bio 2759 2959
[12:06:50] [Server thread/INFO]: System chat: Running function packtest:col
[12:06:50] [Server thread/INFO]: [Not Secure] [Server] TOP coarse_dirt
[12:06:50] [Server thread/INFO]: [Not Secure] [Server] BIOME minecraft:savanna
[12:06:50] [Server thread/INFO]: System chat: y has -723 [pt]
[12:06:50] [Server thread/INFO]: System chat: ws has -723 [pt]
[12:06:50] [Server thread/INFO]: [Not Secure] [Server] BIOMEOK c4 bio
[12:06:50] [Server thread/INFO]: [Not Secure] [Server] SCANBOX on-c4 savanna y -788..-656, 96x96 columns
[12:06:50] [Server thread/INFO]: [Not Secure] [Server] SCAN on-c4 #minecraft:logs
[12:06:50] [Server thread/INFO]: System chat: Successfully filled 555 block(s)
[12:06:50] [Server thread/INFO]: [Not Secure] [Server] SCAN on-c4 #minecraft:leaves
[12:06:51] [Server thread/INFO]: System chat: Successfully filled 2832 block(s)
[12:06:51] [Server thread/INFO]: [Not Secure] [Server] SCAN on-c4 #minecraft:flowers
[12:06:51] [Server thread/INFO]: System chat: Successfully filled 51 block(s)
[12:06:51] [Server thread/INFO]: [Not Secure] [Server] SCAN on-c4 minecraft:short_grass
[12:06:51] [Server thread/INFO]: System chat: Successfully filled 2523 block(s)
[12:06:51] [Server thread/INFO]: [Not Secure] [Server] SCAN on-c4 minecraft:tall_grass
[12:06:51] [Server thread/INFO]: System chat: Successfully filled 178 block(s)
[12:06:51] [Server thread/INFO]: [Not Secure] [Server] SCAN on-c4 minecraft:fern
[12:06:51] [Server thread/INFO]: System chat: No blocks were filled
[12:06:51] [Server thread/INFO]: [Not Secure] [Server] SCAN on-c4 minecraft:bush
[12:06:51] [Server thread/INFO]: System chat: No blocks were filled
[12:06:51] [Server thread/INFO]: [Not Secure] [Server] SCAN on-c4 minecraft:cactus
[12:06:51] [Server thread/INFO]: System chat: No blocks were filled
[12:06:51] [Server thread/INFO]: [Not Secure] [Server] SCAN on-c4 minecraft:dead_bush
[12:06:51] [Server thread/INFO]: System chat: No blocks were filled
[12:06:51] [Server thread/INFO]: [Not Secure] [Server] SCAN on-c4 minecraft:leaf_litter
[12:06:51] [Server thread/INFO]: System chat: No blocks were filled
[12:06:51] [Server thread/INFO]: [Not Secure] [Server] SCAN on-c4 minecraft:moss_block
[12:06:52] [Server thread/INFO]: System chat: No blocks were filled
[12:06:52] [Server thread/INFO]: [Not Secure] [Server] SCAN on-c4 minecraft:moss_carpet
[12:06:52] [Server thread/INFO]: System chat: No blocks were filled
[12:06:52] [Server thread/INFO]: [Not Secure] [Server] SCAN on-c4 minecraft:cobblestone
[12:06:52] [Server thread/INFO]: System chat: No blocks were filled
[12:06:52] [Server thread/INFO]: [Not Secure] [Server] SCAN on-c4 minecraft:mossy_cobblestone
[12:06:52] [Server thread/INFO]: System chat: No blocks were filled
[12:06:52] [Server thread/INFO]: [Not Secure] [Server] SCAN on-c4 minecraft:coarse_dirt
[12:06:52] [Server thread/INFO]: System chat: Successfully filled 2250 block(s)
[12:06:52] [Server thread/INFO]: [Not Secure] [Server] SCAN on-c4 minecraft:podzol
[12:06:52] [Server thread/INFO]: System chat: No blocks were filled
[12:06:52] [Server thread/INFO]: [Not Secure] [Server] SCAN on-c4 minecraft:snow
[12:06:52] [Server thread/INFO]: System chat: No blocks were filled
[12:06:52] [Server thread/INFO]: [Not Secure] [Server] SCAN on-c4 minecraft:water
[12:06:52] [Server thread/INFO]: System chat: No blocks were filled
[12:06:52] [Server thread/INFO]: [Not Secure] [Server] SCAN on-c4 minecraft:lava
[12:06:52] [Server thread/INFO]: System chat: No blocks were filled
[12:06:52] [Server thread/INFO]: [Not Secure] [Server] SCAN on-c4 #minecraft:coral_blocks
[12:06:52] [Server thread/INFO]: System chat: No blocks were filled
[12:06:52] [Server thread/INFO]: [Not Secure] [Server] SCAN on-c4 minecraft:sponge
[12:06:53] [Server thread/INFO]: System chat: No blocks were filled
[12:06:53] [Server thread/INFO]: [Not Secure] [Server] SCAN on-c4 minecraft:wet_sponge
[12:06:53] [Server thread/INFO]: System chat: No blocks were filled
[12:06:53] [Server thread/INFO]: [Not Secure] [Server] SCAN on-c4 minecraft:bone_block
[12:06:53] [Server thread/INFO]: System chat: No blocks were filled
[12:06:53] [Server thread/INFO]: [Not Secure] [Server] SCAN on-c4 minecraft:magma_block
[12:06:53] [Server thread/INFO]: System chat: No blocks were filled
[12:06:53] [Server thread/INFO]: [Not Secure] [Server] SCAN on-c4 minecraft:spawner
[12:06:53] [Server thread/INFO]: System chat: No blocks were filled
[12:06:53] [Server thread/INFO]: [Not Secure] [Server] SCAN on-c4 minecraft:chest
[12:06:53] [Server thread/INFO]: System chat: No blocks were filled
[12:06:53] [Server thread/INFO]: [Not Secure] [Server] SCAN on-c4 minecraft:packed_ice
[12:06:53] [Server thread/INFO]: System chat: No blocks were filled
[12:06:53] [Server thread/INFO]: [Not Secure] [Server] SCAN on-c4 minecraft:ice
[12:06:53] [Server thread/INFO]: System chat: No blocks were filled
[12:06:53] [Server thread/INFO]: [Not Secure] [Server] SCAN on-c4 minecraft:granite
[12:06:54] [Server thread/INFO]: System chat: Successfully filled 37520 block(s)
[12:06:54] [Server thread/INFO]: [Not Secure] [Server] SCAN on-c4 minecraft:calcite
[12:06:54] [Server thread/INFO]: System chat: No blocks were filled
[12:06:54] [Server thread/INFO]: [Not Secure] [Server] SCAN on-c4 minecraft:tuff
[12:06:54] [Server thread/INFO]: System chat: Successfully filled 130 block(s)
[12:06:54] [Server thread/INFO]: [Not Secure] [Server] SCAN on-c4 #minecraft:terracotta
[12:06:54] [Server thread/INFO]: System chat: No blocks were filled
[12:06:54] [Server thread/INFO]: [Not Secure] [Server] SCAN on-c4 minecraft:sandstone
[12:06:54] [Server thread/INFO]: System chat: No blocks were filled
[12:06:54] [Server thread/INFO]: [Not Secure] [Server] SCAN on-c4 minecraft:kelp_plant
[12:06:54] [Server thread/INFO]: System chat: No blocks were filled
[12:06:54] [Server thread/INFO]: [Not Secure] [Server] SCAN on-c4 minecraft:seagrass
[12:06:54] [Server thread/INFO]: System chat: No blocks were filled
[12:06:54] [Server thread/INFO]: [Not Secure] [Server] SCAN on-c4 minecraft:pumpkin
[12:06:54] [Server thread/INFO]: System chat: Successfully filled 1 block(s)
[12:06:54] [Server thread/INFO]: [Not Secure] [Server] SCAN on-c4 minecraft:sugar_cane
[12:06:54] [Server thread/INFO]: System chat: No blocks were filled
[12:06:54] [Server thread/INFO]: [Not Secure] [Server] SCANBOX under-c4 savanna y -1000..-880 (in the open under the island)
[12:06:54] [Server thread/INFO]: [Not Secure] [Server] SCAN under-c4 #minecraft:logs
[12:06:54] [Server thread/INFO]: System chat: No blocks were filled
[12:06:54] [Server thread/INFO]: [Not Secure] [Server] SCAN under-c4 #minecraft:leaves
[12:06:55] [Server thread/INFO]: System chat: No blocks were filled
[12:06:55] [Server thread/INFO]: [Not Secure] [Server] SCAN under-c4 #minecraft:base_stone_overworld
[12:06:55] [Server thread/INFO]: System chat: No blocks were filled
[12:06:55] [Server thread/INFO]: [Not Secure] [Server] SCAN under-c4 #minecraft:dirt
[12:06:55] [Server thread/INFO]: System chat: No blocks were filled
[12:06:55] [Server thread/INFO]: [Not Secure] [Server] SCAN under-c4 #minecraft:sand
[12:06:55] [Server thread/INFO]: System chat: No blocks were filled
[12:06:55] [Server thread/INFO]: [Not Secure] [Server] SCAN under-c4 #minecraft:terracotta
[12:06:55] [Server thread/INFO]: System chat: No blocks were filled
[12:06:55] [Server thread/INFO]: [Not Secure] [Server] SCAN under-c4 #minecraft:ice
[12:06:55] [Server thread/INFO]: System chat: No blocks were filled
[12:06:55] [Server thread/INFO]: [Not Secure] [Server] SCAN under-c4 minecraft:water
[12:06:55] [Server thread/INFO]: System chat: No blocks were filled
[12:06:55] [Server thread/INFO]: [Not Secure] [Server] SCAN under-c4 minecraft:lava
[12:06:55] [Server thread/INFO]: System chat: No blocks were filled
[12:06:55] [Server thread/INFO]: [Not Secure] [Server] SCAN under-c4 minecraft:sandstone
[12:06:55] [Server thread/INFO]: System chat: No blocks were filled
[12:06:55] [Server thread/INFO]: [Not Secure] [Server] SCAN under-c4 #minecraft:coral_blocks
[12:06:56] [Server thread/INFO]: System chat: No blocks were filled
[12:06:56] [Server thread/INFO]: [Not Secure] [Server] SCAN under-c4 minecraft:cobblestone
[12:06:56] [Server thread/INFO]: System chat: No blocks were filled
[12:06:56] [Server thread/INFO]: [Not Secure] [Server] SCAN under-c4 minecraft:mossy_cobblestone
[12:06:56] [Server thread/INFO]: System chat: No blocks were filled
[12:06:56] [Server thread/INFO]: [Not Secure] [Server] SCAN under-c4 minecraft:bone_block
[12:06:56] [Server thread/INFO]: System chat: No blocks were filled
[12:06:56] [Server thread/INFO]: [Not Secure] [Server] SCAN under-c4 minecraft:packed_ice
[12:06:56] [Server thread/INFO]: System chat: No blocks were filled
[12:06:56] [Server thread/INFO]: [Not Secure] [Server] SCAN under-c4 minecraft:gravel
[12:06:56] [Server thread/INFO]: System chat: No blocks were filled
[12:06:56] [Server thread/INFO]: [Not Secure] [Server] SCAN under-c4 minecraft:deepslate
[12:06:56] [Server thread/INFO]: System chat: No blocks were filled
[12:06:56] [Server thread/INFO]: [Not Secure] [Server] SCAN under-c4 minecraft:tuff
[12:06:56] [Server thread/INFO]: System chat: No blocks were filled
[12:06:56] [Server thread/INFO]: [Not Secure] [Server] SCAN under-c4 minecraft:obsidian
[12:06:56] [Server thread/INFO]: System chat: No blocks were filled
[12:06:56] [Server thread/INFO]: [Not Secure] [Server] SCAN under-c4 minecraft:magma_block
[12:06:56] [Server thread/INFO]: System chat: No blocks were filled
[12:06:56] [Server thread/INFO]: [Not Secure] [Server] SCAN under-c4 minecraft:kelp_plant
[12:06:57] [Server thread/INFO]: System chat: No blocks were filled
[12:06:57] [Server thread/INFO]: System chat: Unmarked all force loaded chunks in minecraft:overworld
[12:07:00] [Server thread/INFO]: System chat: Marked 36 chunks in minecraft:overworld from [-198, -201] to [-193, -196] to be force loaded
[12:07:00] [Server thread/WARN]: Can't keep up! Is the server overloaded? Running 3180ms or 63 ticks behind
[12:07:02] [Server thread/INFO]: [Not Secure] [Server] LOADED bio-Q2
[12:07:02] [Server thread/INFO]: [Not Secure] [Server] PROBE Q2 bio -3110 -3154
[12:07:03] [Server thread/INFO]: System chat: Running function packtest:col
[12:07:03] [Server thread/INFO]: [Not Secure] [Server] TOP podzol
[12:07:03] [Server thread/INFO]: [Not Secure] [Server] BIOME minecraft:cherry_grove
[12:07:03] [Server thread/INFO]: System chat: y has 256 [pt]
[12:07:03] [Server thread/INFO]: System chat: ws has 257 [pt]
[12:07:03] [Server thread/INFO]: [Not Secure] [Server] BIOMEOK Q2 bio
[12:07:03] [Server thread/INFO]: [Not Secure] [Server] SCANBOX on-Q2 cherry_grove y 183..330, 96x96 columns
[12:07:03] [Server thread/INFO]: [Not Secure] [Server] SCAN on-Q2 #minecraft:logs
[12:07:03] [Server thread/INFO]: System chat: Successfully filled 1623 block(s)
[12:07:03] [Server thread/INFO]: [Not Secure] [Server] SCAN on-Q2 #minecraft:leaves
[12:07:03] [Server thread/INFO]: System chat: Successfully filled 20987 block(s)
[12:07:03] [Server thread/INFO]: [Not Secure] [Server] SCAN on-Q2 #minecraft:flowers
[12:07:03] [Server thread/INFO]: System chat: Successfully filled 2381 block(s)
[12:07:03] [Server thread/INFO]: [Not Secure] [Server] SCAN on-Q2 minecraft:short_grass
[12:07:03] [Server thread/INFO]: System chat: Successfully filled 2200 block(s)
[12:07:03] [Server thread/INFO]: [Not Secure] [Server] SCAN on-Q2 minecraft:tall_grass
[12:07:03] [Server thread/INFO]: System chat: Successfully filled 45 block(s)
[12:07:03] [Server thread/INFO]: [Not Secure] [Server] SCAN on-Q2 minecraft:fern
[12:07:04] [Server thread/INFO]: System chat: No blocks were filled
[12:07:04] [Server thread/INFO]: [Not Secure] [Server] SCAN on-Q2 minecraft:bush
[12:07:04] [Server thread/INFO]: System chat: No blocks were filled
[12:07:04] [Server thread/INFO]: [Not Secure] [Server] SCAN on-Q2 minecraft:cactus
[12:07:04] [Server thread/INFO]: System chat: No blocks were filled
[12:07:04] [Server thread/INFO]: [Not Secure] [Server] SCAN on-Q2 minecraft:dead_bush
[12:07:04] [Server thread/INFO]: System chat: No blocks were filled
[12:07:04] [Server thread/INFO]: [Not Secure] [Server] SCAN on-Q2 minecraft:leaf_litter
[12:07:04] [Server thread/INFO]: System chat: No blocks were filled
[12:07:04] [Server thread/INFO]: [Not Secure] [Server] SCAN on-Q2 minecraft:moss_block
[12:07:04] [Server thread/INFO]: System chat: No blocks were filled
[12:07:04] [Server thread/INFO]: [Not Secure] [Server] SCAN on-Q2 minecraft:moss_carpet
[12:07:04] [Server thread/INFO]: System chat: Successfully filled 25 block(s)
[12:07:04] [Server thread/INFO]: [Not Secure] [Server] SCAN on-Q2 minecraft:cobblestone
[12:07:04] [Server thread/INFO]: System chat: Successfully filled 40 block(s)
[12:07:04] [Server thread/INFO]: [Not Secure] [Server] SCAN on-Q2 minecraft:mossy_cobblestone
[12:07:04] [Server thread/INFO]: System chat: No blocks were filled
[12:07:04] [Server thread/INFO]: [Not Secure] [Server] SCAN on-Q2 minecraft:coarse_dirt
[12:07:04] [Server thread/INFO]: System chat: No blocks were filled
[12:07:04] [Server thread/INFO]: [Not Secure] [Server] SCAN on-Q2 minecraft:podzol
[12:07:05] [Server thread/INFO]: System chat: Successfully filled 499 block(s)
[12:07:05] [Server thread/INFO]: [Not Secure] [Server] SCAN on-Q2 minecraft:snow
[12:07:05] [Server thread/INFO]: System chat: No blocks were filled
[12:07:05] [Server thread/INFO]: [Not Secure] [Server] SCAN on-Q2 minecraft:water
[12:07:05] [Server thread/INFO]: System chat: No blocks were filled
[12:07:05] [Server thread/INFO]: [Not Secure] [Server] SCAN on-Q2 minecraft:lava
[12:07:05] [Server thread/INFO]: System chat: No blocks were filled
[12:07:05] [Server thread/INFO]: [Not Secure] [Server] SCAN on-Q2 #minecraft:coral_blocks
[12:07:05] [Server thread/INFO]: System chat: No blocks were filled
[12:07:05] [Server thread/INFO]: [Not Secure] [Server] SCAN on-Q2 minecraft:sponge
[12:07:05] [Server thread/INFO]: System chat: No blocks were filled
[12:07:05] [Server thread/INFO]: [Not Secure] [Server] SCAN on-Q2 minecraft:wet_sponge
[12:07:05] [Server thread/INFO]: System chat: No blocks were filled
[12:07:05] [Server thread/INFO]: [Not Secure] [Server] SCAN on-Q2 minecraft:bone_block
[12:07:05] [Server thread/INFO]: System chat: No blocks were filled
[12:07:05] [Server thread/INFO]: [Not Secure] [Server] SCAN on-Q2 minecraft:magma_block
[12:07:05] [Server thread/INFO]: System chat: No blocks were filled
[12:07:05] [Server thread/INFO]: [Not Secure] [Server] SCAN on-Q2 minecraft:spawner
[12:07:05] [Server thread/INFO]: System chat: No blocks were filled
[12:07:05] [Server thread/INFO]: [Not Secure] [Server] SCAN on-Q2 minecraft:chest
[12:07:06] [Server thread/INFO]: System chat: No blocks were filled
[12:07:06] [Server thread/INFO]: [Not Secure] [Server] SCAN on-Q2 minecraft:packed_ice
[12:07:06] [Server thread/INFO]: System chat: No blocks were filled
[12:07:06] [Server thread/INFO]: [Not Secure] [Server] SCAN on-Q2 minecraft:ice
[12:07:06] [Server thread/INFO]: System chat: No blocks were filled
[12:07:06] [Server thread/INFO]: [Not Secure] [Server] SCAN on-Q2 minecraft:granite
[12:07:06] [Server thread/INFO]: System chat: Successfully filled 36140 block(s)
[12:07:06] [Server thread/INFO]: [Not Secure] [Server] SCAN on-Q2 minecraft:calcite
[12:07:06] [Server thread/INFO]: System chat: No blocks were filled
[12:07:06] [Server thread/INFO]: [Not Secure] [Server] SCAN on-Q2 minecraft:tuff
[12:07:06] [Server thread/INFO]: System chat: Successfully filled 1045 block(s)
[12:07:06] [Server thread/INFO]: [Not Secure] [Server] SCAN on-Q2 #minecraft:terracotta
[12:07:06] [Server thread/INFO]: System chat: No blocks were filled
[12:07:06] [Server thread/INFO]: [Not Secure] [Server] SCAN on-Q2 minecraft:sandstone
[12:07:06] [Server thread/INFO]: System chat: No blocks were filled
[12:07:06] [Server thread/INFO]: [Not Secure] [Server] SCAN on-Q2 minecraft:kelp_plant
[12:07:06] [Server thread/INFO]: System chat: No blocks were filled
[12:07:06] [Server thread/INFO]: [Not Secure] [Server] SCAN on-Q2 minecraft:seagrass
[12:07:07] [Server thread/INFO]: System chat: No blocks were filled
[12:07:07] [Server thread/INFO]: [Not Secure] [Server] SCAN on-Q2 minecraft:pumpkin
[12:07:07] [Server thread/INFO]: System chat: No blocks were filled
[12:07:07] [Server thread/INFO]: [Not Secure] [Server] SCAN on-Q2 minecraft:sugar_cane
[12:07:07] [Server thread/INFO]: System chat: No blocks were filled
[12:07:07] [Server thread/INFO]: [Not Secure] [Server] SCANBOX under-Q2 cherry_grove y -44..76 (in the open under the island)
[12:07:07] [Server thread/INFO]: [Not Secure] [Server] SCAN under-Q2 #minecraft:logs
[12:07:07] [Server thread/INFO]: System chat: No blocks were filled
[12:07:07] [Server thread/INFO]: [Not Secure] [Server] SCAN under-Q2 #minecraft:leaves
[12:07:07] [Server thread/INFO]: System chat: No blocks were filled
[12:07:07] [Server thread/INFO]: [Not Secure] [Server] SCAN under-Q2 #minecraft:base_stone_overworld
[12:07:07] [Server thread/INFO]: System chat: No blocks were filled
[12:07:07] [Server thread/INFO]: [Not Secure] [Server] SCAN under-Q2 #minecraft:dirt
[12:07:07] [Server thread/INFO]: System chat: No blocks were filled
[12:07:07] [Server thread/INFO]: [Not Secure] [Server] SCAN under-Q2 #minecraft:sand
[12:07:07] [Server thread/INFO]: System chat: No blocks were filled
[12:07:07] [Server thread/INFO]: [Not Secure] [Server] SCAN under-Q2 #minecraft:terracotta
[12:07:07] [Server thread/INFO]: System chat: No blocks were filled
[12:07:07] [Server thread/INFO]: [Not Secure] [Server] SCAN under-Q2 #minecraft:ice
[12:07:08] [Server thread/INFO]: System chat: No blocks were filled
[12:07:08] [Server thread/INFO]: [Not Secure] [Server] SCAN under-Q2 minecraft:water
[12:07:08] [Server thread/INFO]: System chat: No blocks were filled
[12:07:08] [Server thread/INFO]: [Not Secure] [Server] SCAN under-Q2 minecraft:lava
[12:07:08] [Server thread/INFO]: System chat: No blocks were filled
[12:07:08] [Server thread/INFO]: [Not Secure] [Server] SCAN under-Q2 minecraft:sandstone
[12:07:08] [Server thread/INFO]: System chat: No blocks were filled
[12:07:08] [Server thread/INFO]: [Not Secure] [Server] SCAN under-Q2 #minecraft:coral_blocks
[12:07:08] [Server thread/INFO]: System chat: No blocks were filled
[12:07:08] [Server thread/INFO]: [Not Secure] [Server] SCAN under-Q2 minecraft:cobblestone
[12:07:08] [Server thread/INFO]: System chat: No blocks were filled
[12:07:08] [Server thread/INFO]: [Not Secure] [Server] SCAN under-Q2 minecraft:mossy_cobblestone
[12:07:08] [Server thread/INFO]: System chat: No blocks were filled
[12:07:08] [Server thread/INFO]: [Not Secure] [Server] SCAN under-Q2 minecraft:bone_block
[12:07:08] [Server thread/INFO]: System chat: No blocks were filled
[12:07:08] [Server thread/INFO]: [Not Secure] [Server] SCAN under-Q2 minecraft:packed_ice
[12:07:08] [Server thread/INFO]: System chat: No blocks were filled
[12:07:08] [Server thread/INFO]: [Not Secure] [Server] SCAN under-Q2 minecraft:gravel
[12:07:09] [Server thread/INFO]: System chat: No blocks were filled
[12:07:09] [Server thread/INFO]: [Not Secure] [Server] SCAN under-Q2 minecraft:deepslate
[12:07:09] [Server thread/INFO]: System chat: No blocks were filled
[12:07:09] [Server thread/INFO]: [Not Secure] [Server] SCAN under-Q2 minecraft:tuff
[12:07:09] [Server thread/INFO]: System chat: No blocks were filled
[12:07:09] [Server thread/INFO]: [Not Secure] [Server] SCAN under-Q2 minecraft:obsidian
[12:07:09] [Server thread/INFO]: System chat: No blocks were filled
[12:07:09] [Server thread/INFO]: [Not Secure] [Server] SCAN under-Q2 minecraft:magma_block
[12:07:09] [Server thread/INFO]: System chat: No blocks were filled
[12:07:09] [Server thread/INFO]: [Not Secure] [Server] SCAN under-Q2 minecraft:kelp_plant
[12:07:09] [Server thread/INFO]: System chat: No blocks were filled
[12:07:09] [Server thread/INFO]: System chat: Unmarked all force loaded chunks in minecraft:overworld
[12:07:12] [Server thread/INFO]: System chat: Marked 36 chunks in minecraft:overworld from [199, 142] to [204, 147] to be force loaded
[12:07:13] [Server thread/INFO]: [Not Secure] [Server] LOADED bio-n3
[12:07:14] [Server thread/INFO]: [Not Secure] [Server] PROBE n3 bio 3232 2331
[12:07:14] [Server thread/INFO]: System chat: Running function packtest:col
[12:07:14] [Server thread/INFO]: [Not Secure] [Server] TOP grass_block
[12:07:14] [Server thread/INFO]: [Not Secure] [Server] BIOME minecraft:swamp
[12:07:14] [Server thread/INFO]: System chat: y has -114 [pt]
[12:07:14] [Server thread/INFO]: System chat: ws has -113 [pt]
[12:07:14] [Server thread/INFO]: [Not Secure] [Server] BIOMEOK n3 bio
[12:07:14] [Server thread/INFO]: [Not Secure] [Server] SCANBOX on-n3 swamp y -173..-52, 96x96 columns
[12:07:14] [Server thread/INFO]: [Not Secure] [Server] SCAN on-n3 #minecraft:logs
[12:07:14] [Server thread/INFO]: System chat: Successfully filled 1277 block(s)
[12:07:14] [Server thread/INFO]: [Not Secure] [Server] SCAN on-n3 #minecraft:leaves
[12:07:15] [Server thread/INFO]: System chat: Successfully filled 9126 block(s)
[12:07:15] [Server thread/INFO]: [Not Secure] [Server] SCAN on-n3 #minecraft:flowers
[12:07:15] [Server thread/INFO]: System chat: Successfully filled 94 block(s)
[12:07:15] [Server thread/INFO]: [Not Secure] [Server] SCAN on-n3 minecraft:short_grass
[12:07:15] [Server thread/INFO]: System chat: Successfully filled 2129 block(s)
[12:07:15] [Server thread/INFO]: [Not Secure] [Server] SCAN on-n3 minecraft:tall_grass
[12:07:15] [Server thread/INFO]: System chat: Successfully filled 103 block(s)
[12:07:15] [Server thread/INFO]: [Not Secure] [Server] SCAN on-n3 minecraft:fern
[12:07:15] [Server thread/INFO]: System chat: No blocks were filled
[12:07:15] [Server thread/INFO]: [Not Secure] [Server] SCAN on-n3 minecraft:bush
[12:07:15] [Server thread/INFO]: System chat: No blocks were filled
[12:07:15] [Server thread/INFO]: [Not Secure] [Server] SCAN on-n3 minecraft:cactus
[12:07:15] [Server thread/INFO]: System chat: No blocks were filled
[12:07:15] [Server thread/INFO]: [Not Secure] [Server] SCAN on-n3 minecraft:dead_bush
[12:07:15] [Server thread/INFO]: System chat: Successfully filled 33 block(s)
[12:07:15] [Server thread/INFO]: [Not Secure] [Server] SCAN on-n3 minecraft:leaf_litter
[12:07:15] [Server thread/INFO]: System chat: No blocks were filled
[12:07:15] [Server thread/INFO]: [Not Secure] [Server] SCAN on-n3 minecraft:moss_block
[12:07:15] [Server thread/INFO]: System chat: No blocks were filled
[12:07:15] [Server thread/INFO]: [Not Secure] [Server] SCAN on-n3 minecraft:moss_carpet
[12:07:16] [Server thread/INFO]: System chat: Successfully filled 241 block(s)
[12:07:16] [Server thread/INFO]: [Not Secure] [Server] SCAN on-n3 minecraft:cobblestone
[12:07:16] [Server thread/INFO]: System chat: No blocks were filled
[12:07:16] [Server thread/INFO]: [Not Secure] [Server] SCAN on-n3 minecraft:mossy_cobblestone
[12:07:16] [Server thread/INFO]: System chat: No blocks were filled
[12:07:16] [Server thread/INFO]: [Not Secure] [Server] SCAN on-n3 minecraft:coarse_dirt
[12:07:16] [Server thread/INFO]: System chat: No blocks were filled
[12:07:16] [Server thread/INFO]: [Not Secure] [Server] SCAN on-n3 minecraft:podzol
[12:07:16] [Server thread/INFO]: System chat: No blocks were filled
[12:07:16] [Server thread/INFO]: [Not Secure] [Server] SCAN on-n3 minecraft:snow
[12:07:16] [Server thread/INFO]: System chat: No blocks were filled
[12:07:16] [Server thread/INFO]: [Not Secure] [Server] SCAN on-n3 minecraft:water
[12:07:16] [Server thread/INFO]: System chat: No blocks were filled
[12:07:16] [Server thread/INFO]: [Not Secure] [Server] SCAN on-n3 minecraft:lava
[12:07:16] [Server thread/INFO]: System chat: No blocks were filled
[12:07:16] [Server thread/INFO]: [Not Secure] [Server] SCAN on-n3 #minecraft:coral_blocks
[12:07:16] [Server thread/INFO]: System chat: No blocks were filled
[12:07:16] [Server thread/INFO]: [Not Secure] [Server] SCAN on-n3 minecraft:sponge
[12:07:16] [Server thread/INFO]: System chat: No blocks were filled
[12:07:16] [Server thread/INFO]: [Not Secure] [Server] SCAN on-n3 minecraft:wet_sponge
[12:07:17] [Server thread/INFO]: System chat: No blocks were filled
[12:07:17] [Server thread/INFO]: [Not Secure] [Server] SCAN on-n3 minecraft:bone_block
[12:07:17] [Server thread/INFO]: System chat: No blocks were filled
[12:07:17] [Server thread/INFO]: [Not Secure] [Server] SCAN on-n3 minecraft:magma_block
[12:07:17] [Server thread/INFO]: System chat: No blocks were filled
[12:07:17] [Server thread/INFO]: [Not Secure] [Server] SCAN on-n3 minecraft:spawner
[12:07:17] [Server thread/INFO]: System chat: No blocks were filled
[12:07:17] [Server thread/INFO]: [Not Secure] [Server] SCAN on-n3 minecraft:chest
[12:07:17] [Server thread/INFO]: System chat: No blocks were filled
[12:07:17] [Server thread/INFO]: [Not Secure] [Server] SCAN on-n3 minecraft:packed_ice
[12:07:17] [Server thread/INFO]: System chat: No blocks were filled
[12:07:17] [Server thread/INFO]: [Not Secure] [Server] SCAN on-n3 minecraft:ice
[12:07:17] [Server thread/INFO]: System chat: No blocks were filled
[12:07:17] [Server thread/INFO]: [Not Secure] [Server] SCAN on-n3 minecraft:granite
[12:07:17] [Server thread/INFO]: System chat: Successfully filled 24084 block(s)
[12:07:17] [Server thread/INFO]: [Not Secure] [Server] SCAN on-n3 minecraft:calcite
[12:07:18] [Server thread/INFO]: System chat: No blocks were filled
[12:07:18] [Server thread/INFO]: [Not Secure] [Server] SCAN on-n3 minecraft:tuff
[12:07:18] [Server thread/INFO]: System chat: No blocks were filled
[12:07:18] [Server thread/INFO]: [Not Secure] [Server] SCAN on-n3 #minecraft:terracotta
[12:07:18] [Server thread/INFO]: System chat: No blocks were filled
[12:07:18] [Server thread/INFO]: [Not Secure] [Server] SCAN on-n3 minecraft:sandstone
[12:07:18] [Server thread/INFO]: System chat: No blocks were filled
[12:07:18] [Server thread/INFO]: [Not Secure] [Server] SCAN on-n3 minecraft:kelp_plant
[12:07:18] [Server thread/INFO]: System chat: No blocks were filled
[12:07:18] [Server thread/INFO]: [Not Secure] [Server] SCAN on-n3 minecraft:seagrass
[12:07:18] [Server thread/INFO]: System chat: No blocks were filled
[12:07:18] [Server thread/INFO]: [Not Secure] [Server] SCAN on-n3 minecraft:pumpkin
[12:07:18] [Server thread/INFO]: System chat: No blocks were filled
[12:07:18] [Server thread/INFO]: [Not Secure] [Server] SCAN on-n3 minecraft:sugar_cane
[12:07:18] [Server thread/INFO]: System chat: No blocks were filled
[12:07:18] [Server thread/INFO]: [Not Secure] [Server] SCANBOX under-n3 swamp y -375..-255 (in the open under the island)
[12:07:18] [Server thread/INFO]: [Not Secure] [Server] SCAN under-n3 #minecraft:logs
[12:07:18] [Server thread/INFO]: System chat: No blocks were filled
[12:07:18] [Server thread/INFO]: [Not Secure] [Server] SCAN under-n3 #minecraft:leaves
[12:07:18] [Server thread/INFO]: System chat: No blocks were filled
[12:07:18] [Server thread/INFO]: [Not Secure] [Server] SCAN under-n3 #minecraft:base_stone_overworld
[12:07:19] [Server thread/INFO]: System chat: No blocks were filled
[12:07:19] [Server thread/INFO]: [Not Secure] [Server] SCAN under-n3 #minecraft:dirt
[12:07:19] [Server thread/INFO]: System chat: No blocks were filled
[12:07:19] [Server thread/INFO]: [Not Secure] [Server] SCAN under-n3 #minecraft:sand
[12:07:19] [Server thread/INFO]: System chat: No blocks were filled
[12:07:19] [Server thread/INFO]: [Not Secure] [Server] SCAN under-n3 #minecraft:terracotta
[12:07:19] [Server thread/INFO]: System chat: No blocks were filled
[12:07:19] [Server thread/INFO]: [Not Secure] [Server] SCAN under-n3 #minecraft:ice
[12:07:19] [Server thread/INFO]: System chat: No blocks were filled
[12:07:19] [Server thread/INFO]: [Not Secure] [Server] SCAN under-n3 minecraft:water
[12:07:19] [Server thread/INFO]: System chat: No blocks were filled
[12:07:19] [Server thread/INFO]: [Not Secure] [Server] SCAN under-n3 minecraft:lava
[12:07:19] [Server thread/INFO]: System chat: No blocks were filled
[12:07:19] [Server thread/INFO]: [Not Secure] [Server] SCAN under-n3 minecraft:sandstone
[12:07:19] [Server thread/INFO]: System chat: No blocks were filled
[12:07:19] [Server thread/INFO]: [Not Secure] [Server] SCAN under-n3 #minecraft:coral_blocks
[12:07:19] [Server thread/INFO]: System chat: No blocks were filled
[12:07:19] [Server thread/INFO]: [Not Secure] [Server] SCAN under-n3 minecraft:cobblestone
[12:07:20] [Server thread/INFO]: System chat: No blocks were filled
[12:07:20] [Server thread/INFO]: [Not Secure] [Server] SCAN under-n3 minecraft:mossy_cobblestone
[12:07:20] [Server thread/INFO]: System chat: No blocks were filled
[12:07:20] [Server thread/INFO]: [Not Secure] [Server] SCAN under-n3 minecraft:bone_block
[12:07:20] [Server thread/INFO]: System chat: No blocks were filled
[12:07:20] [Server thread/INFO]: [Not Secure] [Server] SCAN under-n3 minecraft:packed_ice
[12:07:20] [Server thread/INFO]: System chat: No blocks were filled
[12:07:20] [Server thread/INFO]: [Not Secure] [Server] SCAN under-n3 minecraft:gravel
[12:07:20] [Server thread/INFO]: System chat: No blocks were filled
[12:07:20] [Server thread/INFO]: [Not Secure] [Server] SCAN under-n3 minecraft:deepslate
[12:07:20] [Server thread/INFO]: System chat: No blocks were filled
[12:07:20] [Server thread/INFO]: [Not Secure] [Server] SCAN under-n3 minecraft:tuff
[12:07:20] [Server thread/INFO]: System chat: No blocks were filled
[12:07:20] [Server thread/INFO]: [Not Secure] [Server] SCAN under-n3 minecraft:obsidian
[12:07:20] [Server thread/INFO]: System chat: No blocks were filled
[12:07:20] [Server thread/INFO]: [Not Secure] [Server] SCAN under-n3 minecraft:magma_block
[12:07:20] [Server thread/INFO]: System chat: No blocks were filled
[12:07:20] [Server thread/INFO]: [Not Secure] [Server] SCAN under-n3 minecraft:kelp_plant
[12:07:21] [Server thread/INFO]: System chat: No blocks were filled
[12:07:21] [Server thread/INFO]: System chat: Unmarked all force loaded chunks in minecraft:overworld
[12:07:24] [Server thread/INFO]: System chat: Marked 36 chunks in minecraft:overworld from [214, 182] to [219, 187] to be force loaded
[12:07:24] [Server thread/WARN]: Can't keep up! Is the server overloaded? Running 3099ms or 61 ticks behind
[12:07:27] [Server thread/INFO]: [Not Secure] [Server] LOADED bio-R6
[12:07:27] [Server thread/INFO]: [Not Secure] [Server] PROBE R6 bio 3473 2967
[12:07:27] [Server thread/INFO]: System chat: Running function packtest:col
[12:07:27] [Server thread/INFO]: [Not Secure] [Server] TOP grass_block
[12:07:27] [Server thread/INFO]: [Not Secure] [Server] BIOME minecraft:mangrove_swamp
[12:07:28] [Server thread/INFO]: System chat: y has 544 [pt]
[12:07:28] [Server thread/INFO]: System chat: ws has 558 [pt]
[12:07:28] [Server thread/INFO]: [Not Secure] [Server] BIOMEOK R6 bio
[12:07:28] [Server thread/INFO]: [Not Secure] [Server] SCANBOX on-R6 mangrove_swamp y 446..604, 96x96 columns
[12:07:28] [Server thread/INFO]: [Not Secure] [Server] SCAN on-R6 #minecraft:logs
[12:07:28] [Server thread/INFO]: System chat: Successfully filled 2690 block(s)
[12:07:28] [Server thread/INFO]: [Not Secure] [Server] SCAN on-R6 #minecraft:leaves
[12:07:28] [Server thread/INFO]: System chat: Successfully filled 42894 block(s)
[12:07:28] [Server thread/INFO]: [Not Secure] [Server] SCAN on-R6 #minecraft:flowers
[12:07:28] [Server thread/INFO]: System chat: No blocks were filled
[12:07:28] [Server thread/INFO]: [Not Secure] [Server] SCAN on-R6 minecraft:short_grass
[12:07:28] [Server thread/INFO]: System chat: Successfully filled 1027 block(s)
[12:07:28] [Server thread/INFO]: [Not Secure] [Server] SCAN on-R6 minecraft:tall_grass
[12:07:28] [Server thread/INFO]: System chat: No blocks were filled
[12:07:28] [Server thread/INFO]: [Not Secure] [Server] SCAN on-R6 minecraft:fern
[12:07:29] [Server thread/INFO]: System chat: No blocks were filled
[12:07:29] [Server thread/INFO]: [Not Secure] [Server] SCAN on-R6 minecraft:bush
[12:07:29] [Server thread/INFO]: System chat: No blocks were filled
[12:07:29] [Server thread/INFO]: [Not Secure] [Server] SCAN on-R6 minecraft:cactus
[12:07:29] [Server thread/INFO]: System chat: No blocks were filled
[12:07:29] [Server thread/INFO]: [Not Secure] [Server] SCAN on-R6 minecraft:dead_bush
[12:07:29] [Server thread/INFO]: System chat: Successfully filled 20 block(s)
[12:07:29] [Server thread/INFO]: [Not Secure] [Server] SCAN on-R6 minecraft:leaf_litter
[12:07:29] [Server thread/INFO]: System chat: No blocks were filled
[12:07:29] [Server thread/INFO]: [Not Secure] [Server] SCAN on-R6 minecraft:moss_block
[12:07:29] [Server thread/INFO]: System chat: No blocks were filled
[12:07:29] [Server thread/INFO]: [Not Secure] [Server] SCAN on-R6 minecraft:moss_carpet
[12:07:29] [Server thread/INFO]: System chat: Successfully filled 932 block(s)
[12:07:29] [Server thread/INFO]: [Not Secure] [Server] SCAN on-R6 minecraft:cobblestone
[12:07:29] [Server thread/INFO]: System chat: No blocks were filled
[12:07:29] [Server thread/INFO]: [Not Secure] [Server] SCAN on-R6 minecraft:mossy_cobblestone
[12:07:29] [Server thread/INFO]: System chat: No blocks were filled
[12:07:29] [Server thread/INFO]: [Not Secure] [Server] SCAN on-R6 minecraft:coarse_dirt
[12:07:29] [Server thread/INFO]: System chat: No blocks were filled
[12:07:29] [Server thread/INFO]: [Not Secure] [Server] SCAN on-R6 minecraft:podzol
[12:07:29] [Server thread/INFO]: System chat: No blocks were filled
[12:07:29] [Server thread/INFO]: [Not Secure] [Server] SCAN on-R6 minecraft:snow
[12:07:30] [Server thread/INFO]: System chat: No blocks were filled
[12:07:30] [Server thread/INFO]: [Not Secure] [Server] SCAN on-R6 minecraft:water
[12:07:30] [Server thread/INFO]: System chat: No blocks were filled
[12:07:30] [Server thread/INFO]: [Not Secure] [Server] SCAN on-R6 minecraft:lava
[12:07:30] [Server thread/INFO]: System chat: No blocks were filled
[12:07:30] [Server thread/INFO]: [Not Secure] [Server] SCAN on-R6 #minecraft:coral_blocks
[12:07:30] [Server thread/INFO]: System chat: No blocks were filled
[12:07:30] [Server thread/INFO]: [Not Secure] [Server] SCAN on-R6 minecraft:sponge
[12:07:30] [Server thread/INFO]: System chat: No blocks were filled
[12:07:30] [Server thread/INFO]: [Not Secure] [Server] SCAN on-R6 minecraft:wet_sponge
[12:07:30] [Server thread/INFO]: System chat: No blocks were filled
[12:07:30] [Server thread/INFO]: [Not Secure] [Server] SCAN on-R6 minecraft:bone_block
[12:07:30] [Server thread/INFO]: System chat: Successfully filled 87 block(s)
[12:07:30] [Server thread/INFO]: [Not Secure] [Server] SCAN on-R6 minecraft:magma_block
[12:07:30] [Server thread/INFO]: System chat: No blocks were filled
[12:07:30] [Server thread/INFO]: [Not Secure] [Server] SCAN on-R6 minecraft:spawner
[12:07:30] [Server thread/INFO]: System chat: No blocks were filled
[12:07:30] [Server thread/INFO]: [Not Secure] [Server] SCAN on-R6 minecraft:chest
[12:07:31] [Server thread/INFO]: System chat: No blocks were filled
[12:07:31] [Server thread/INFO]: [Not Secure] [Server] SCAN on-R6 minecraft:packed_ice
[12:07:31] [Server thread/INFO]: System chat: No blocks were filled
[12:07:31] [Server thread/INFO]: [Not Secure] [Server] SCAN on-R6 minecraft:ice
[12:07:31] [Server thread/INFO]: System chat: No blocks were filled
[12:07:31] [Server thread/INFO]: [Not Secure] [Server] SCAN on-R6 minecraft:granite
[12:07:31] [Server thread/INFO]: System chat: Successfully filled 38252 block(s)
[12:07:31] [Server thread/INFO]: [Not Secure] [Server] SCAN on-R6 minecraft:calcite
[12:07:31] [Server thread/INFO]: System chat: No blocks were filled
[12:07:31] [Server thread/INFO]: [Not Secure] [Server] SCAN on-R6 minecraft:tuff
[12:07:31] [Server thread/INFO]: System chat: Successfully filled 20056 block(s)
[12:07:31] [Server thread/INFO]: [Not Secure] [Server] SCAN on-R6 #minecraft:terracotta
[12:07:31] [Server thread/INFO]: System chat: No blocks were filled
[12:07:31] [Server thread/INFO]: [Not Secure] [Server] SCAN on-R6 minecraft:sandstone
[12:07:31] [Server thread/INFO]: System chat: No blocks were filled
[12:07:31] [Server thread/INFO]: [Not Secure] [Server] SCAN on-R6 minecraft:kelp_plant
[12:07:31] [Server thread/INFO]: System chat: No blocks were filled
[12:07:31] [Server thread/INFO]: [Not Secure] [Server] SCAN on-R6 minecraft:seagrass
[12:07:31] [Server thread/INFO]: System chat: No blocks were filled
[12:07:31] [Server thread/INFO]: [Not Secure] [Server] SCAN on-R6 minecraft:pumpkin
[12:07:32] [Server thread/INFO]: System chat: No blocks were filled
[12:07:32] [Server thread/INFO]: [Not Secure] [Server] SCAN on-R6 minecraft:sugar_cane
[12:07:32] [Server thread/INFO]: System chat: No blocks were filled
[12:07:32] [Server thread/INFO]: [Not Secure] [Server] SCANBOX under-R6 mangrove_swamp y 207..327 (in the open under the island)
[12:07:32] [Server thread/INFO]: [Not Secure] [Server] SCAN under-R6 #minecraft:logs
[12:07:32] [Server thread/INFO]: System chat: No blocks were filled
[12:07:32] [Server thread/INFO]: [Not Secure] [Server] SCAN under-R6 #minecraft:leaves
[12:07:32] [Server thread/INFO]: System chat: No blocks were filled
[12:07:32] [Server thread/INFO]: [Not Secure] [Server] SCAN under-R6 #minecraft:base_stone_overworld
[12:07:32] [Server thread/INFO]: System chat: No blocks were filled
[12:07:32] [Server thread/INFO]: [Not Secure] [Server] SCAN under-R6 #minecraft:dirt
[12:07:32] [Server thread/INFO]: System chat: No blocks were filled
[12:07:32] [Server thread/INFO]: [Not Secure] [Server] SCAN under-R6 #minecraft:sand
[12:07:32] [Server thread/INFO]: System chat: No blocks were filled
[12:07:32] [Server thread/INFO]: [Not Secure] [Server] SCAN under-R6 #minecraft:terracotta
[12:07:32] [Server thread/INFO]: System chat: No blocks were filled
[12:07:32] [Server thread/INFO]: [Not Secure] [Server] SCAN under-R6 #minecraft:ice
[12:07:33] [Server thread/INFO]: System chat: No blocks were filled
[12:07:33] [Server thread/INFO]: [Not Secure] [Server] SCAN under-R6 minecraft:water
[12:07:33] [Server thread/INFO]: System chat: No blocks were filled
[12:07:33] [Server thread/INFO]: [Not Secure] [Server] SCAN under-R6 minecraft:lava
[12:07:33] [Server thread/INFO]: System chat: No blocks were filled
[12:07:33] [Server thread/INFO]: [Not Secure] [Server] SCAN under-R6 minecraft:sandstone
[12:07:33] [Server thread/INFO]: System chat: No blocks were filled
[12:07:33] [Server thread/INFO]: [Not Secure] [Server] SCAN under-R6 #minecraft:coral_blocks
[12:07:33] [Server thread/INFO]: System chat: No blocks were filled
[12:07:33] [Server thread/INFO]: [Not Secure] [Server] SCAN under-R6 minecraft:cobblestone
[12:07:33] [Server thread/INFO]: System chat: No blocks were filled
[12:07:33] [Server thread/INFO]: [Not Secure] [Server] SCAN under-R6 minecraft:mossy_cobblestone
[12:07:33] [Server thread/INFO]: System chat: No blocks were filled
[12:07:33] [Server thread/INFO]: [Not Secure] [Server] SCAN under-R6 minecraft:bone_block
[12:07:33] [Server thread/INFO]: System chat: No blocks were filled
[12:07:33] [Server thread/INFO]: [Not Secure] [Server] SCAN under-R6 minecraft:packed_ice
[12:07:33] [Server thread/INFO]: System chat: No blocks were filled
[12:07:33] [Server thread/INFO]: [Not Secure] [Server] SCAN under-R6 minecraft:gravel
[12:07:33] [Server thread/INFO]: System chat: No blocks were filled
[12:07:33] [Server thread/INFO]: [Not Secure] [Server] SCAN under-R6 minecraft:deepslate
[12:07:34] [Server thread/INFO]: System chat: No blocks were filled
[12:07:34] [Server thread/INFO]: [Not Secure] [Server] SCAN under-R6 minecraft:tuff
[12:07:34] [Server thread/INFO]: System chat: No blocks were filled
[12:07:34] [Server thread/INFO]: [Not Secure] [Server] SCAN under-R6 minecraft:obsidian
[12:07:34] [Server thread/INFO]: System chat: No blocks were filled
[12:07:34] [Server thread/INFO]: [Not Secure] [Server] SCAN under-R6 minecraft:magma_block
[12:07:34] [Server thread/INFO]: System chat: No blocks were filled
[12:07:34] [Server thread/INFO]: [Not Secure] [Server] SCAN under-R6 minecraft:kelp_plant
[12:07:34] [Server thread/INFO]: System chat: No blocks were filled
[12:07:34] [Server thread/INFO]: System chat: Unmarked all force loaded chunks in minecraft:overworld
[12:07:38] [Server thread/INFO]: System chat: Marked 152 chunks in minecraft:overworld from [-133, 118] to [-126, 136] to be force loaded
[12:07:39] [Server thread/INFO]: System chat: Marked 152 chunks in minecraft:overworld from [-125, 118] to [-118, 136] to be force loaded
[12:07:40] [Server thread/INFO]: System chat: Marked 57 chunks in minecraft:overworld from [-117, 118] to [-115, 136] to be force loaded
[12:07:44] [Server thread/INFO]: [Not Secure] [Server] LOADED wide-C5
[12:07:59] [Server thread/WARN]: Can't keep up! Is the server overloaded? Running 20146ms or 402 ticks behind
[12:08:04] [Server thread/INFO]: [Not Secure] [Server] SCANBOX below-C5 desert y -49..111, whole footprint, volume 14011025
[12:08:04] [Server thread/INFO]: [Not Secure] [Server] SCAN below-C5 minecraft:water
[12:08:05] [Server thread/INFO]: System chat: No blocks were filled
[12:08:05] [Server thread/INFO]: [Not Secure] [Server] SCAN below-C5 minecraft:lava
[12:08:05] [Server thread/INFO]: System chat: No blocks were filled
[12:08:05] [Server thread/INFO]: [Not Secure] [Server] SCAN below-C5 minecraft:vine
[12:08:06] [Server thread/INFO]: System chat: No blocks were filled
[12:08:06] [Server thread/INFO]: [Not Secure] [Server] SCAN below-C5 minecraft:cave_vines
[12:08:06] [Server thread/INFO]: System chat: No blocks were filled
[12:08:06] [Server thread/INFO]: [Not Secure] [Server] SCAN below-C5 minecraft:cave_vines_plant
[12:08:07] [Server thread/INFO]: System chat: No blocks were filled
[12:08:07] [Server thread/INFO]: [Not Secure] [Server] SCAN below-C5 minecraft:pointed_dripstone
[12:08:07] [Server thread/INFO]: System chat: No blocks were filled
[12:08:07] [Server thread/INFO]: [Not Secure] [Server] SCAN below-C5 #minecraft:logs
[12:08:08] [Server thread/INFO]: System chat: No blocks were filled
[12:08:08] [Server thread/INFO]: [Not Secure] [Server] SCAN below-C5 #minecraft:leaves
[12:08:08] [Server thread/INFO]: System chat: No blocks were filled
[12:08:08] [Server thread/INFO]: [Not Secure] [Server] SCAN below-C5 minecraft:mangrove_roots
[12:08:09] [Server thread/INFO]: System chat: No blocks were filled
[12:08:09] [Server thread/INFO]: [Not Secure] [Server] SCAN below-C5 minecraft:hanging_roots
[12:08:09] [Server thread/INFO]: System chat: No blocks were filled
[12:08:09] [Server thread/INFO]: [Not Secure] [Server] SCAN below-C5 minecraft:glow_lichen
[12:08:10] [Server thread/INFO]: System chat: No blocks were filled
[12:08:10] [Server thread/INFO]: [Not Secure] [Server] SCAN below-C5 #minecraft:fences
[12:08:10] [Server thread/INFO]: System chat: No blocks were filled
[12:08:10] [Server thread/INFO]: [Not Secure] [Server] SCAN below-C5 minecraft:cobweb
[12:08:11] [Server thread/INFO]: System chat: No blocks were filled
[12:08:11] [Server thread/INFO]: [Not Secure] [Server] SCAN below-C5 minecraft:snow
[12:08:11] [Server thread/INFO]: System chat: No blocks were filled
[12:08:11] [Server thread/INFO]: [Not Secure] [Server] SCAN below-C5 minecraft:powder_snow
[12:08:12] [Server thread/INFO]: System chat: No blocks were filled
[12:08:12] [Server thread/INFO]: [Not Secure] [Server] SCAN below-C5 minecraft:kelp_plant
[12:08:12] [Server thread/INFO]: System chat: No blocks were filled
[12:08:12] [Server thread/INFO]: [Not Secure] [Server] SCAN below-C5 minecraft:kelp
[12:08:12] [Server thread/INFO]: System chat: No blocks were filled
[12:08:12] [Server thread/INFO]: [Not Secure] [Server] SCAN below-C5 #minecraft:base_stone_overworld
[12:08:13] [Server thread/INFO]: System chat: No blocks were filled
[12:08:13] [Server thread/INFO]: [Not Secure] [Server] SCAN below-C5 #minecraft:dirt
[12:08:14] [Server thread/INFO]: System chat: No blocks were filled
[12:08:14] [Server thread/INFO]: [Not Secure] [Server] SCAN below-C5 #minecraft:sand
[12:08:14] [Server thread/INFO]: System chat: No blocks were filled
[12:08:14] [Server thread/INFO]: [Not Secure] [Server] SCAN below-C5 minecraft:sandstone
[12:08:15] [Server thread/INFO]: System chat: No blocks were filled
[12:08:15] [Server thread/INFO]: [Not Secure] [Server] SCAN below-C5 #minecraft:terracotta
[12:08:15] [Server thread/INFO]: System chat: No blocks were filled
[12:08:15] [Server thread/INFO]: [Not Secure] [Server] SCAN below-C5 minecraft:gravel
[12:08:16] [Server thread/INFO]: System chat: No blocks were filled
[12:08:16] [Server thread/INFO]: [Not Secure] [Server] SCAN below-C5 #minecraft:ice
[12:08:16] [Server thread/INFO]: System chat: No blocks were filled
[12:08:16] [Server thread/INFO]: [Not Secure] [Server] SCAN below-C5 minecraft:air
[12:08:32] [Server thread/INFO]: System chat: Successfully filled 14011025 block(s)
[12:08:32] [Server thread/INFO]: System chat: Unmarked all force loaded chunks in minecraft:overworld
[12:08:36] [Server thread/INFO]: System chat: Marked 176 chunks in minecraft:overworld from [123, 21] to [130, 42] to be force loaded
[12:08:37] [Server thread/INFO]: System chat: Marked 176 chunks in minecraft:overworld from [131, 21] to [138, 42] to be force loaded
[12:08:39] [Server thread/INFO]: System chat: Marked 132 chunks in minecraft:overworld from [139, 21] to [144, 42] to be force loaded
[12:08:40] [Server thread/INFO]: [Not Secure] [Server] LOADED wide-A6
[12:08:40] [Server thread/WARN]: Can't keep up! Is the server overloaded? Running 26778ms or 535 ticks behind
[12:09:01] [Server thread/INFO]: [Not Secure] [Server] SCANBOX below-A6 forest y -503..-343, whole footprint, volume 18068225
[12:09:01] [Server thread/INFO]: [Not Secure] [Server] SCAN below-A6 minecraft:water
[12:09:02] [Server thread/INFO]: System chat: No blocks were filled
[12:09:02] [Server thread/INFO]: [Not Secure] [Server] SCAN below-A6 minecraft:lava
[12:09:02] [Server thread/INFO]: System chat: No blocks were filled
[12:09:02] [Server thread/INFO]: [Not Secure] [Server] SCAN below-A6 minecraft:vine
[12:09:03] [Server thread/INFO]: System chat: No blocks were filled
[12:09:03] [Server thread/INFO]: [Not Secure] [Server] SCAN below-A6 minecraft:cave_vines
[12:09:03] [Server thread/INFO]: System chat: No blocks were filled
[12:09:03] [Server thread/INFO]: [Not Secure] [Server] SCAN below-A6 minecraft:cave_vines_plant
[12:09:04] [Server thread/INFO]: System chat: No blocks were filled
[12:09:04] [Server thread/INFO]: [Not Secure] [Server] SCAN below-A6 minecraft:pointed_dripstone
[12:09:05] [Server thread/INFO]: System chat: No blocks were filled
[12:09:05] [Server thread/INFO]: [Not Secure] [Server] SCAN below-A6 #minecraft:logs
[12:09:05] [Server thread/INFO]: System chat: No blocks were filled
[12:09:05] [Server thread/INFO]: [Not Secure] [Server] SCAN below-A6 #minecraft:leaves
[12:09:06] [Server thread/INFO]: System chat: No blocks were filled
[12:09:06] [Server thread/INFO]: [Not Secure] [Server] SCAN below-A6 minecraft:mangrove_roots
[12:09:07] [Server thread/INFO]: System chat: No blocks were filled
[12:09:07] [Server thread/INFO]: [Not Secure] [Server] SCAN below-A6 minecraft:hanging_roots
[12:09:07] [Server thread/INFO]: System chat: No blocks were filled
[12:09:07] [Server thread/INFO]: [Not Secure] [Server] SCAN below-A6 minecraft:glow_lichen
[12:09:08] [Server thread/INFO]: System chat: No blocks were filled
[12:09:08] [Server thread/INFO]: [Not Secure] [Server] SCAN below-A6 #minecraft:fences
[12:09:09] [Server thread/INFO]: System chat: No blocks were filled
[12:09:09] [Server thread/INFO]: [Not Secure] [Server] SCAN below-A6 minecraft:cobweb
[12:09:09] [Server thread/INFO]: System chat: No blocks were filled
[12:09:09] [Server thread/INFO]: [Not Secure] [Server] SCAN below-A6 minecraft:snow
[12:09:10] [Server thread/INFO]: System chat: No blocks were filled
[12:09:10] [Server thread/INFO]: [Not Secure] [Server] SCAN below-A6 minecraft:powder_snow
[12:09:11] [Server thread/INFO]: System chat: No blocks were filled
[12:09:11] [Server thread/INFO]: [Not Secure] [Server] SCAN below-A6 minecraft:kelp_plant
[12:09:12] [Server thread/INFO]: System chat: No blocks were filled
[12:09:12] [Server thread/INFO]: [Not Secure] [Server] SCAN below-A6 minecraft:kelp
[12:09:12] [Server thread/INFO]: System chat: No blocks were filled
[12:09:12] [Server thread/INFO]: [Not Secure] [Server] SCAN below-A6 #minecraft:base_stone_overworld
[12:09:13] [Server thread/INFO]: System chat: No blocks were filled
[12:09:13] [Server thread/INFO]: [Not Secure] [Server] SCAN below-A6 #minecraft:dirt
[12:09:14] [Server thread/INFO]: System chat: No blocks were filled
[12:09:14] [Server thread/INFO]: [Not Secure] [Server] SCAN below-A6 #minecraft:sand
[12:09:15] [Server thread/INFO]: System chat: No blocks were filled
[12:09:15] [Server thread/INFO]: [Not Secure] [Server] SCAN below-A6 minecraft:sandstone
[12:09:15] [Server thread/INFO]: System chat: No blocks were filled
[12:09:15] [Server thread/INFO]: [Not Secure] [Server] SCAN below-A6 #minecraft:terracotta
[12:09:16] [Server thread/INFO]: System chat: No blocks were filled
[12:09:16] [Server thread/INFO]: [Not Secure] [Server] SCAN below-A6 minecraft:gravel
[12:09:17] [Server thread/INFO]: System chat: No blocks were filled
[12:09:17] [Server thread/INFO]: [Not Secure] [Server] SCAN below-A6 #minecraft:ice
[12:09:17] [Server thread/INFO]: System chat: No blocks were filled
[12:09:17] [Server thread/INFO]: [Not Secure] [Server] SCAN below-A6 minecraft:air
[12:09:38] [Server thread/INFO]: System chat: Successfully filled 18068225 block(s)
[12:09:38] [Server thread/INFO]: System chat: Unmarked all force loaded chunks in minecraft:overworld
[12:09:41] [Server thread/INFO]: System chat: Marked 176 chunks in minecraft:overworld from [-179, 224] to [-172, 245] to be force loaded
[12:09:43] [Server thread/INFO]: System chat: Marked 176 chunks in minecraft:overworld from [-171, 224] to [-164, 245] to be force loaded
[12:09:44] [Server thread/INFO]: System chat: Marked 110 chunks in minecraft:overworld from [-163, 224] to [-159, 245] to be force loaded
[12:09:44] [Server thread/WARN]: Can't keep up! Is the server overloaded? Running 42739ms or 854 ticks behind
[12:09:47] [Server thread/INFO]: [Not Secure] [Server] LOADED wide-T4
[12:10:08] [Server thread/INFO]: [Not Secure] [Server] SCANBOX below-T4 badlands y -1335..-1175, whole footprint, volume 17426801
[12:10:08] [Server thread/INFO]: [Not Secure] [Server] SCAN below-T4 minecraft:water
[12:10:09] [Server thread/INFO]: System chat: No blocks were filled
[12:10:09] [Server thread/INFO]: [Not Secure] [Server] SCAN below-T4 minecraft:lava
[12:10:09] [Server thread/INFO]: System chat: No blocks were filled
[12:10:09] [Server thread/INFO]: [Not Secure] [Server] SCAN below-T4 minecraft:vine
[12:10:10] [Server thread/INFO]: System chat: No blocks were filled
[12:10:10] [Server thread/INFO]: [Not Secure] [Server] SCAN below-T4 minecraft:cave_vines
[12:10:10] [Server thread/INFO]: System chat: No blocks were filled
[12:10:10] [Server thread/INFO]: [Not Secure] [Server] SCAN below-T4 minecraft:cave_vines_plant
[12:10:11] [Server thread/INFO]: System chat: No blocks were filled
[12:10:11] [Server thread/INFO]: [Not Secure] [Server] SCAN below-T4 minecraft:pointed_dripstone
[12:10:12] [Server thread/INFO]: System chat: No blocks were filled
[12:10:12] [Server thread/INFO]: [Not Secure] [Server] SCAN below-T4 #minecraft:logs
[12:10:12] [Server thread/INFO]: System chat: No blocks were filled
[12:10:12] [Server thread/INFO]: [Not Secure] [Server] SCAN below-T4 #minecraft:leaves
[12:10:13] [Server thread/INFO]: System chat: No blocks were filled
[12:10:13] [Server thread/INFO]: [Not Secure] [Server] SCAN below-T4 minecraft:mangrove_roots
[12:10:14] [Server thread/INFO]: System chat: No blocks were filled
[12:10:14] [Server thread/INFO]: [Not Secure] [Server] SCAN below-T4 minecraft:hanging_roots
[12:10:14] [Server thread/INFO]: System chat: No blocks were filled
[12:10:14] [Server thread/INFO]: [Not Secure] [Server] SCAN below-T4 minecraft:glow_lichen
[12:10:15] [Server thread/INFO]: System chat: No blocks were filled
[12:10:15] [Server thread/INFO]: [Not Secure] [Server] SCAN below-T4 #minecraft:fences
[12:10:16] [Server thread/INFO]: System chat: No blocks were filled
[12:10:16] [Server thread/INFO]: [Not Secure] [Server] SCAN below-T4 minecraft:cobweb
[12:10:16] [Server thread/INFO]: System chat: No blocks were filled
[12:10:16] [Server thread/INFO]: [Not Secure] [Server] SCAN below-T4 minecraft:snow
[12:10:17] [Server thread/INFO]: System chat: No blocks were filled
[12:10:17] [Server thread/INFO]: [Not Secure] [Server] SCAN below-T4 minecraft:powder_snow
[12:10:17] [Server thread/INFO]: System chat: No blocks were filled
[12:10:17] [Server thread/INFO]: [Not Secure] [Server] SCAN below-T4 minecraft:kelp_plant
[12:10:18] [Server thread/INFO]: System chat: No blocks were filled
[12:10:18] [Server thread/INFO]: [Not Secure] [Server] SCAN below-T4 minecraft:kelp
[12:10:18] [Server thread/INFO]: System chat: No blocks were filled
[12:10:18] [Server thread/INFO]: [Not Secure] [Server] SCAN below-T4 #minecraft:base_stone_overworld
[12:10:19] [Server thread/INFO]: System chat: No blocks were filled
[12:10:19] [Server thread/INFO]: [Not Secure] [Server] SCAN below-T4 #minecraft:dirt
[12:10:20] [Server thread/INFO]: System chat: No blocks were filled
[12:10:20] [Server thread/INFO]: [Not Secure] [Server] SCAN below-T4 #minecraft:sand
[12:10:21] [Server thread/INFO]: System chat: No blocks were filled
[12:10:21] [Server thread/INFO]: [Not Secure] [Server] SCAN below-T4 minecraft:sandstone
[12:10:21] [Server thread/INFO]: System chat: No blocks were filled
[12:10:21] [Server thread/INFO]: [Not Secure] [Server] SCAN below-T4 #minecraft:terracotta
[12:10:22] [Server thread/INFO]: System chat: No blocks were filled
[12:10:22] [Server thread/INFO]: [Not Secure] [Server] SCAN below-T4 minecraft:gravel
[12:10:22] [Server thread/INFO]: System chat: No blocks were filled
[12:10:22] [Server thread/INFO]: [Not Secure] [Server] SCAN below-T4 #minecraft:ice
[12:10:23] [Server thread/INFO]: System chat: No blocks were filled
[12:10:23] [Server thread/INFO]: [Not Secure] [Server] SCAN below-T4 minecraft:air
[12:10:43] [Server thread/INFO]: System chat: Successfully filled 17426801 block(s)
[12:10:43] [Server thread/INFO]: System chat: Unmarked all force loaded chunks in minecraft:overworld
[12:10:46] [Server thread/INFO]: System chat: Marked 168 chunks in minecraft:overworld from [-22, 155] to [-15, 175] to be force loaded
[12:10:48] [Server thread/INFO]: System chat: Marked 168 chunks in minecraft:overworld from [-14, 155] to [-7, 175] to be force loaded
[12:10:49] [Server thread/INFO]: System chat: Marked 84 chunks in minecraft:overworld from [-6, 155] to [-3, 175] to be force loaded
[12:10:49] [Server thread/WARN]: Can't keep up! Is the server overloaded? Running 40826ms or 816 ticks behind
[12:10:52] [Server thread/INFO]: [Not Secure] [Server] LOADED wide-d5
[12:11:12] [Server thread/INFO]: [Not Secure] [Server] SCANBOX below-d5 warm_ocean y 685..845, whole footprint, volume 15174089
[12:11:12] [Server thread/INFO]: [Not Secure] [Server] SCAN below-d5 minecraft:water
[12:11:13] [Server thread/INFO]: System chat: No blocks were filled
[12:11:13] [Server thread/INFO]: [Not Secure] [Server] SCAN below-d5 minecraft:lava
[12:11:13] [Server thread/INFO]: System chat: No blocks were filled
[12:11:13] [Server thread/INFO]: [Not Secure] [Server] SCAN below-d5 minecraft:vine
[12:11:14] [Server thread/INFO]: System chat: No blocks were filled
[12:11:14] [Server thread/INFO]: [Not Secure] [Server] SCAN below-d5 minecraft:cave_vines
[12:11:14] [Server thread/INFO]: System chat: No blocks were filled
[12:11:14] [Server thread/INFO]: [Not Secure] [Server] SCAN below-d5 minecraft:cave_vines_plant
[12:11:15] [Server thread/INFO]: System chat: No blocks were filled
[12:11:15] [Server thread/INFO]: [Not Secure] [Server] SCAN below-d5 minecraft:pointed_dripstone
[12:11:15] [Server thread/INFO]: System chat: No blocks were filled
[12:11:15] [Server thread/INFO]: [Not Secure] [Server] SCAN below-d5 #minecraft:logs
[12:11:16] [Server thread/INFO]: System chat: No blocks were filled
[12:11:16] [Server thread/INFO]: [Not Secure] [Server] SCAN below-d5 #minecraft:leaves
[12:11:16] [Server thread/INFO]: System chat: No blocks were filled
[12:11:16] [Server thread/INFO]: [Not Secure] [Server] SCAN below-d5 minecraft:mangrove_roots
[12:11:17] [Server thread/INFO]: System chat: No blocks were filled
[12:11:17] [Server thread/INFO]: [Not Secure] [Server] SCAN below-d5 minecraft:hanging_roots
[12:11:17] [Server thread/INFO]: System chat: No blocks were filled
[12:11:17] [Server thread/INFO]: [Not Secure] [Server] SCAN below-d5 minecraft:glow_lichen
[12:11:18] [Server thread/INFO]: System chat: No blocks were filled
[12:11:18] [Server thread/INFO]: [Not Secure] [Server] SCAN below-d5 #minecraft:fences
[12:11:19] [Server thread/INFO]: System chat: No blocks were filled
[12:11:19] [Server thread/INFO]: [Not Secure] [Server] SCAN below-d5 minecraft:cobweb
[12:11:19] [Server thread/INFO]: System chat: No blocks were filled
[12:11:19] [Server thread/INFO]: [Not Secure] [Server] SCAN below-d5 minecraft:snow
[12:11:20] [Server thread/INFO]: System chat: No blocks were filled
[12:11:20] [Server thread/INFO]: [Not Secure] [Server] SCAN below-d5 minecraft:powder_snow
[12:11:20] [Server thread/INFO]: System chat: No blocks were filled
[12:11:20] [Server thread/INFO]: [Not Secure] [Server] SCAN below-d5 minecraft:kelp_plant
[12:11:21] [Server thread/INFO]: System chat: No blocks were filled
[12:11:21] [Server thread/INFO]: [Not Secure] [Server] SCAN below-d5 minecraft:kelp
[12:11:21] [Server thread/INFO]: System chat: No blocks were filled
[12:11:21] [Server thread/INFO]: [Not Secure] [Server] SCAN below-d5 #minecraft:base_stone_overworld
[12:11:22] [Server thread/INFO]: System chat: No blocks were filled
[12:11:22] [Server thread/INFO]: [Not Secure] [Server] SCAN below-d5 #minecraft:dirt
[12:11:22] [Server thread/INFO]: System chat: No blocks were filled
[12:11:22] [Server thread/INFO]: [Not Secure] [Server] SCAN below-d5 #minecraft:sand
[12:11:23] [Server thread/INFO]: System chat: No blocks were filled
[12:11:23] [Server thread/INFO]: [Not Secure] [Server] SCAN below-d5 minecraft:sandstone
[12:11:24] [Server thread/INFO]: System chat: No blocks were filled
[12:11:24] [Server thread/INFO]: [Not Secure] [Server] SCAN below-d5 #minecraft:terracotta
[12:11:24] [Server thread/INFO]: System chat: No blocks were filled
[12:11:24] [Server thread/INFO]: [Not Secure] [Server] SCAN below-d5 minecraft:gravel
[12:11:25] [Server thread/INFO]: System chat: No blocks were filled
[12:11:25] [Server thread/INFO]: [Not Secure] [Server] SCAN below-d5 #minecraft:ice
[12:11:26] [Server thread/INFO]: System chat: No blocks were filled
[12:11:26] [Server thread/INFO]: [Not Secure] [Server] SCAN below-d5 minecraft:air
[12:11:43] [Server thread/INFO]: System chat: Successfully filled 15174089 block(s)
[12:11:43] [Server thread/INFO]: System chat: Unmarked all force loaded chunks in minecraft:overworld
[12:11:47] [Server thread/INFO]: System chat: Marked 176 chunks in minecraft:overworld from [41, -208] to [48, -187] to be force loaded
[12:11:48] [Server thread/INFO]: System chat: Marked 176 chunks in minecraft:overworld from [49, -208] to [56, -187] to be force loaded
[12:11:50] [Server thread/INFO]: System chat: Marked 132 chunks in minecraft:overworld from [57, -208] to [62, -187] to be force loaded
[12:11:50] [Server thread/WARN]: Can't keep up! Is the server overloaded? Running 37895ms or 757 ticks behind
[12:11:53] [Server thread/INFO]: [Not Secure] [Server] LOADED wide-M5
[12:12:14] [Server thread/INFO]: [Not Secure] [Server] SCANBOX below-M5 frozen_ocean y -1597..-1437, whole footprint, volume 18941489
[12:12:14] [Server thread/INFO]: [Not Secure] [Server] SCAN below-M5 minecraft:water
[12:12:15] [Server thread/INFO]: System chat: No blocks were filled
[12:12:15] [Server thread/INFO]: [Not Secure] [Server] SCAN below-M5 minecraft:lava
[12:12:15] [Server thread/INFO]: System chat: No blocks were filled
[12:12:15] [Server thread/INFO]: [Not Secure] [Server] SCAN below-M5 minecraft:vine
[12:12:16] [Server thread/INFO]: System chat: No blocks were filled
[12:12:16] [Server thread/INFO]: [Not Secure] [Server] SCAN below-M5 minecraft:cave_vines
[12:12:17] [Server thread/INFO]: System chat: No blocks were filled
[12:12:17] [Server thread/INFO]: [Not Secure] [Server] SCAN below-M5 minecraft:cave_vines_plant
[12:12:17] [Server thread/INFO]: System chat: No blocks were filled
[12:12:17] [Server thread/INFO]: [Not Secure] [Server] SCAN below-M5 minecraft:pointed_dripstone
[12:12:18] [Server thread/INFO]: System chat: No blocks were filled
[12:12:18] [Server thread/INFO]: [Not Secure] [Server] SCAN below-M5 #minecraft:logs
[12:12:19] [Server thread/INFO]: System chat: No blocks were filled
[12:12:19] [Server thread/INFO]: [Not Secure] [Server] SCAN below-M5 #minecraft:leaves
[12:12:19] [Server thread/INFO]: System chat: No blocks were filled
[12:12:19] [Server thread/INFO]: [Not Secure] [Server] SCAN below-M5 minecraft:mangrove_roots
[12:12:20] [Server thread/INFO]: System chat: No blocks were filled
[12:12:20] [Server thread/INFO]: [Not Secure] [Server] SCAN below-M5 minecraft:hanging_roots
[12:12:21] [Server thread/INFO]: System chat: No blocks were filled
[12:12:21] [Server thread/INFO]: [Not Secure] [Server] SCAN below-M5 minecraft:glow_lichen
[12:12:21] [Server thread/INFO]: System chat: No blocks were filled
[12:12:21] [Server thread/INFO]: [Not Secure] [Server] SCAN below-M5 #minecraft:fences
[12:12:22] [Server thread/INFO]: System chat: No blocks were filled
[12:12:22] [Server thread/INFO]: [Not Secure] [Server] SCAN below-M5 minecraft:cobweb
[12:12:23] [Server thread/INFO]: System chat: No blocks were filled
[12:12:23] [Server thread/INFO]: [Not Secure] [Server] SCAN below-M5 minecraft:snow
[12:12:23] [Server thread/INFO]: System chat: No blocks were filled
[12:12:23] [Server thread/INFO]: [Not Secure] [Server] SCAN below-M5 minecraft:powder_snow
[12:12:24] [Server thread/INFO]: System chat: No blocks were filled
[12:12:24] [Server thread/INFO]: [Not Secure] [Server] SCAN below-M5 minecraft:kelp_plant
[12:12:25] [Server thread/INFO]: System chat: No blocks were filled
[12:12:25] [Server thread/INFO]: [Not Secure] [Server] SCAN below-M5 minecraft:kelp
[12:12:25] [Server thread/INFO]: System chat: No blocks were filled
[12:12:25] [Server thread/INFO]: [Not Secure] [Server] SCAN below-M5 #minecraft:base_stone_overworld
[12:12:26] [Server thread/INFO]: System chat: No blocks were filled
[12:12:26] [Server thread/INFO]: [Not Secure] [Server] SCAN below-M5 #minecraft:dirt
[12:12:27] [Server thread/INFO]: System chat: No blocks were filled
[12:12:27] [Server thread/INFO]: [Not Secure] [Server] SCAN below-M5 #minecraft:sand
[12:12:28] [Server thread/INFO]: System chat: No blocks were filled
[12:12:28] [Server thread/INFO]: [Not Secure] [Server] SCAN below-M5 minecraft:sandstone
[12:12:28] [Server thread/INFO]: System chat: No blocks were filled
[12:12:28] [Server thread/INFO]: [Not Secure] [Server] SCAN below-M5 #minecraft:terracotta
[12:12:29] [Server thread/INFO]: System chat: No blocks were filled
[12:12:29] [Server thread/INFO]: [Not Secure] [Server] SCAN below-M5 minecraft:gravel
[12:12:30] [Server thread/INFO]: System chat: No blocks were filled
[12:12:30] [Server thread/INFO]: [Not Secure] [Server] SCAN below-M5 #minecraft:ice
[12:12:30] [Server thread/INFO]: System chat: No blocks were filled
[12:12:30] [Server thread/INFO]: [Not Secure] [Server] SCAN below-M5 minecraft:air
[12:12:52] [Server thread/INFO]: System chat: Successfully filled 18941489 block(s)
[12:12:52] [Server thread/INFO]: System chat: Unmarked all force loaded chunks in minecraft:overworld
[12:12:55] [Server thread/INFO]: System chat: Marked 152 chunks in minecraft:overworld from [188, 12] to [195, 30] to be force loaded
[12:12:56] [Server thread/INFO]: System chat: Marked 152 chunks in minecraft:overworld from [196, 12] to [203, 30] to be force loaded
[12:12:57] [Server thread/INFO]: System chat: Marked 57 chunks in minecraft:overworld from [204, 12] to [206, 30] to be force loaded
[12:12:57] [Server thread/WARN]: Can't keep up! Is the server overloaded? Running 42826ms or 856 ticks behind
[12:13:00] [Server thread/INFO]: [Not Secure] [Server] LOADED wide-f2
[12:13:21] [Server thread/INFO]: [Not Secure] [Server] SCANBOX below-f2 birch_forest y -842..-682, whole footprint, volume 13261409
[12:13:21] [Server thread/INFO]: [Not Secure] [Server] SCAN below-f2 minecraft:water
[12:13:22] [Server thread/INFO]: System chat: No blocks were filled
[12:13:22] [Server thread/INFO]: [Not Secure] [Server] SCAN below-f2 minecraft:lava
[12:13:22] [Server thread/INFO]: System chat: No blocks were filled
[12:13:22] [Server thread/INFO]: [Not Secure] [Server] SCAN below-f2 minecraft:vine
[12:13:22] [Server thread/INFO]: System chat: No blocks were filled
[12:13:22] [Server thread/INFO]: [Not Secure] [Server] SCAN below-f2 minecraft:cave_vines
[12:13:23] [Server thread/INFO]: System chat: No blocks were filled
[12:13:23] [Server thread/INFO]: [Not Secure] [Server] SCAN below-f2 minecraft:cave_vines_plant
[12:13:23] [Server thread/INFO]: System chat: No blocks were filled
[12:13:23] [Server thread/INFO]: [Not Secure] [Server] SCAN below-f2 minecraft:pointed_dripstone
[12:13:24] [Server thread/INFO]: System chat: No blocks were filled
[12:13:24] [Server thread/INFO]: [Not Secure] [Server] SCAN below-f2 #minecraft:logs
[12:13:24] [Server thread/INFO]: System chat: No blocks were filled
[12:13:24] [Server thread/INFO]: [Not Secure] [Server] SCAN below-f2 #minecraft:leaves
[12:13:25] [Server thread/INFO]: System chat: No blocks were filled
[12:13:25] [Server thread/INFO]: [Not Secure] [Server] SCAN below-f2 minecraft:mangrove_roots
[12:13:25] [Server thread/INFO]: System chat: No blocks were filled
[12:13:25] [Server thread/INFO]: [Not Secure] [Server] SCAN below-f2 minecraft:hanging_roots
[12:13:26] [Server thread/INFO]: System chat: No blocks were filled
[12:13:26] [Server thread/INFO]: [Not Secure] [Server] SCAN below-f2 minecraft:glow_lichen
[12:13:26] [Server thread/INFO]: System chat: No blocks were filled
[12:13:26] [Server thread/INFO]: [Not Secure] [Server] SCAN below-f2 #minecraft:fences
[12:13:27] [Server thread/INFO]: System chat: No blocks were filled
[12:13:27] [Server thread/INFO]: [Not Secure] [Server] SCAN below-f2 minecraft:cobweb
[12:13:27] [Server thread/INFO]: System chat: No blocks were filled
[12:13:27] [Server thread/INFO]: [Not Secure] [Server] SCAN below-f2 minecraft:snow
[12:13:28] [Server thread/INFO]: System chat: No blocks were filled
[12:13:28] [Server thread/INFO]: [Not Secure] [Server] SCAN below-f2 minecraft:powder_snow
[12:13:28] [Server thread/INFO]: System chat: No blocks were filled
[12:13:28] [Server thread/INFO]: [Not Secure] [Server] SCAN below-f2 minecraft:kelp_plant
[12:13:28] [Server thread/INFO]: System chat: No blocks were filled
[12:13:28] [Server thread/INFO]: [Not Secure] [Server] SCAN below-f2 minecraft:kelp
[12:13:29] [Server thread/INFO]: System chat: No blocks were filled
[12:13:29] [Server thread/INFO]: [Not Secure] [Server] SCAN below-f2 #minecraft:base_stone_overworld
[12:13:30] [Server thread/INFO]: System chat: No blocks were filled
[12:13:30] [Server thread/INFO]: [Not Secure] [Server] SCAN below-f2 #minecraft:dirt
[12:13:30] [Server thread/INFO]: System chat: No blocks were filled
[12:13:30] [Server thread/INFO]: [Not Secure] [Server] SCAN below-f2 #minecraft:sand
[12:13:31] [Server thread/INFO]: System chat: No blocks were filled
[12:13:31] [Server thread/INFO]: [Not Secure] [Server] SCAN below-f2 minecraft:sandstone
[12:13:31] [Server thread/INFO]: System chat: No blocks were filled
[12:13:31] [Server thread/INFO]: [Not Secure] [Server] SCAN below-f2 #minecraft:terracotta
[12:13:32] [Server thread/INFO]: System chat: No blocks were filled
[12:13:32] [Server thread/INFO]: [Not Secure] [Server] SCAN below-f2 minecraft:gravel
[12:13:32] [Server thread/INFO]: System chat: No blocks were filled
[12:13:32] [Server thread/INFO]: [Not Secure] [Server] SCAN below-f2 #minecraft:ice
[12:13:32] [Server thread/INFO]: System chat: No blocks were filled
[12:13:32] [Server thread/INFO]: [Not Secure] [Server] SCAN below-f2 minecraft:air
[12:13:48] [Server thread/INFO]: System chat: Successfully filled 13261409 block(s)
[12:13:48] [Server thread/INFO]: System chat: Unmarked all force loaded chunks in minecraft:overworld
[12:13:50] [Server thread/INFO]: System chat: Marked 136 chunks in minecraft:overworld from [-52, -127] to [-45, -111] to be force loaded
[12:13:51] [Server thread/INFO]: System chat: Marked 136 chunks in minecraft:overworld from [-44, -127] to [-37, -111] to be force loaded
[12:13:51] [Server thread/INFO]: System chat: Marked 17 chunks in minecraft:overworld from [-36, -127] to [-36, -111] to be force loaded
[12:13:51] [Server thread/WARN]: Can't keep up! Is the server overloaded? Running 30206ms or 604 ticks behind
[12:13:54] [Server thread/INFO]: [Not Secure] [Server] LOADED wide-E5
[12:14:15] [Server thread/INFO]: [Not Secure] [Server] SCANBOX below-E5 taiga y 54..214, whole footprint, volume 10469025
[12:14:15] [Server thread/INFO]: [Not Secure] [Server] SCAN below-E5 minecraft:water
[12:14:15] [Server thread/INFO]: System chat: No blocks were filled
[12:14:15] [Server thread/INFO]: [Not Secure] [Server] SCAN below-E5 minecraft:lava
[12:14:16] [Server thread/INFO]: System chat: No blocks were filled
[12:14:16] [Server thread/INFO]: [Not Secure] [Server] SCAN below-E5 minecraft:vine
[12:14:16] [Server thread/INFO]: System chat: No blocks were filled
[12:14:16] [Server thread/INFO]: [Not Secure] [Server] SCAN below-E5 minecraft:cave_vines
[12:14:16] [Server thread/INFO]: System chat: No blocks were filled
[12:14:16] [Server thread/INFO]: [Not Secure] [Server] SCAN below-E5 minecraft:cave_vines_plant
[12:14:17] [Server thread/INFO]: System chat: No blocks were filled
[12:14:17] [Server thread/INFO]: [Not Secure] [Server] SCAN below-E5 minecraft:pointed_dripstone
[12:14:17] [Server thread/INFO]: System chat: No blocks were filled
[12:14:17] [Server thread/INFO]: [Not Secure] [Server] SCAN below-E5 #minecraft:logs
[12:14:18] [Server thread/INFO]: System chat: No blocks were filled
[12:14:18] [Server thread/INFO]: [Not Secure] [Server] SCAN below-E5 #minecraft:leaves
[12:14:18] [Server thread/INFO]: System chat: No blocks were filled
[12:14:18] [Server thread/INFO]: [Not Secure] [Server] SCAN below-E5 minecraft:mangrove_roots
[12:14:18] [Server thread/INFO]: System chat: No blocks were filled
[12:14:18] [Server thread/INFO]: [Not Secure] [Server] SCAN below-E5 minecraft:hanging_roots
[12:14:19] [Server thread/INFO]: System chat: No blocks were filled
[12:14:19] [Server thread/INFO]: [Not Secure] [Server] SCAN below-E5 minecraft:glow_lichen
[12:14:19] [Server thread/INFO]: System chat: No blocks were filled
[12:14:19] [Server thread/INFO]: [Not Secure] [Server] SCAN below-E5 #minecraft:fences
[12:14:20] [Server thread/INFO]: System chat: No blocks were filled
[12:14:20] [Server thread/INFO]: [Not Secure] [Server] SCAN below-E5 minecraft:cobweb
[12:14:20] [Server thread/INFO]: System chat: No blocks were filled
[12:14:20] [Server thread/INFO]: [Not Secure] [Server] SCAN below-E5 minecraft:snow
[12:14:20] [Server thread/INFO]: System chat: No blocks were filled
[12:14:20] [Server thread/INFO]: [Not Secure] [Server] SCAN below-E5 minecraft:powder_snow
[12:14:21] [Server thread/INFO]: System chat: No blocks were filled
[12:14:21] [Server thread/INFO]: [Not Secure] [Server] SCAN below-E5 minecraft:kelp_plant
[12:14:21] [Server thread/INFO]: System chat: No blocks were filled
[12:14:21] [Server thread/INFO]: [Not Secure] [Server] SCAN below-E5 minecraft:kelp
[12:14:21] [Server thread/INFO]: System chat: No blocks were filled
[12:14:21] [Server thread/INFO]: [Not Secure] [Server] SCAN below-E5 #minecraft:base_stone_overworld
[12:14:22] [Server thread/INFO]: System chat: No blocks were filled
[12:14:22] [Server thread/INFO]: [Not Secure] [Server] SCAN below-E5 #minecraft:dirt
[12:14:22] [Server thread/INFO]: System chat: No blocks were filled
[12:14:22] [Server thread/INFO]: [Not Secure] [Server] SCAN below-E5 #minecraft:sand
[12:14:23] [Server thread/INFO]: System chat: No blocks were filled
[12:14:23] [Server thread/INFO]: [Not Secure] [Server] SCAN below-E5 minecraft:sandstone
[12:14:23] [Server thread/INFO]: System chat: No blocks were filled
[12:14:23] [Server thread/INFO]: [Not Secure] [Server] SCAN below-E5 #minecraft:terracotta
[12:14:23] [Server thread/INFO]: System chat: No blocks were filled
[12:14:23] [Server thread/INFO]: [Not Secure] [Server] SCAN below-E5 minecraft:gravel
[12:14:24] [Server thread/INFO]: System chat: No blocks were filled
[12:14:24] [Server thread/INFO]: [Not Secure] [Server] SCAN below-E5 #minecraft:ice
[12:14:24] [Server thread/INFO]: System chat: No blocks were filled
[12:14:24] [Server thread/INFO]: [Not Secure] [Server] SCAN below-E5 minecraft:air
[12:14:36] [Server thread/INFO]: System chat: Successfully filled 10469025 block(s)
[12:14:36] [Server thread/INFO]: System chat: Unmarked all force loaded chunks in minecraft:overworld
[12:14:40] [Server thread/INFO]: System chat: Marked 184 chunks in minecraft:overworld from [161, 173] to [168, 195] to be force loaded
[12:14:41] [Server thread/INFO]: System chat: Marked 184 chunks in minecraft:overworld from [169, 173] to [176, 195] to be force loaded
[12:14:43] [Server thread/INFO]: System chat: Marked 161 chunks in minecraft:overworld from [177, 173] to [183, 195] to be force loaded
[12:14:43] [Server thread/WARN]: Can't keep up! Is the server overloaded? Running 28351ms or 567 ticks behind
[12:14:46] [Server thread/INFO]: [Not Secure] [Server] LOADED wide-c4
[12:15:07] [Server thread/INFO]: [Not Secure] [Server] SCANBOX below-c4 savanna y -1040..-880, whole footprint, volume 20062049
[12:15:07] [Server thread/INFO]: [Not Secure] [Server] SCAN below-c4 minecraft:water
[12:15:08] [Server thread/INFO]: System chat: No blocks were filled
[12:15:08] [Server thread/INFO]: [Not Secure] [Server] SCAN below-c4 minecraft:lava
[12:15:09] [Server thread/INFO]: System chat: No blocks were filled
[12:15:09] [Server thread/INFO]: [Not Secure] [Server] SCAN below-c4 minecraft:vine
[12:15:09] [Server thread/INFO]: System chat: No blocks were filled
[12:15:09] [Server thread/INFO]: [Not Secure] [Server] SCAN below-c4 minecraft:cave_vines
[12:15:10] [Server thread/INFO]: System chat: No blocks were filled
[12:15:10] [Server thread/INFO]: [Not Secure] [Server] SCAN below-c4 minecraft:cave_vines_plant
[12:15:10] [Server thread/INFO]: System chat: No blocks were filled
[12:15:10] [Server thread/INFO]: [Not Secure] [Server] SCAN below-c4 minecraft:pointed_dripstone
[12:15:11] [Server thread/INFO]: System chat: No blocks were filled
[12:15:11] [Server thread/INFO]: [Not Secure] [Server] SCAN below-c4 #minecraft:logs
[12:15:12] [Server thread/INFO]: System chat: No blocks were filled
[12:15:12] [Server thread/INFO]: [Not Secure] [Server] SCAN below-c4 #minecraft:leaves
[12:15:13] [Server thread/INFO]: System chat: No blocks were filled
[12:15:13] [Server thread/INFO]: [Not Secure] [Server] SCAN below-c4 minecraft:mangrove_roots
[12:15:13] [Server thread/INFO]: System chat: No blocks were filled
[12:15:13] [Server thread/INFO]: [Not Secure] [Server] SCAN below-c4 minecraft:hanging_roots
[12:15:14] [Server thread/INFO]: System chat: No blocks were filled
[12:15:14] [Server thread/INFO]: [Not Secure] [Server] SCAN below-c4 minecraft:glow_lichen
[12:15:15] [Server thread/INFO]: System chat: No blocks were filled
[12:15:15] [Server thread/INFO]: [Not Secure] [Server] SCAN below-c4 #minecraft:fences
[12:15:16] [Server thread/INFO]: System chat: No blocks were filled
[12:15:16] [Server thread/INFO]: [Not Secure] [Server] SCAN below-c4 minecraft:cobweb
[12:15:17] [Server thread/INFO]: System chat: No blocks were filled
[12:15:17] [Server thread/INFO]: [Not Secure] [Server] SCAN below-c4 minecraft:snow
[12:15:17] [Server thread/INFO]: System chat: No blocks were filled
[12:15:17] [Server thread/INFO]: [Not Secure] [Server] SCAN below-c4 minecraft:powder_snow
[12:15:18] [Server thread/INFO]: System chat: No blocks were filled
[12:15:18] [Server thread/INFO]: [Not Secure] [Server] SCAN below-c4 minecraft:kelp_plant
[12:15:19] [Server thread/INFO]: System chat: No blocks were filled
[12:15:19] [Server thread/INFO]: [Not Secure] [Server] SCAN below-c4 minecraft:kelp
[12:15:20] [Server thread/INFO]: System chat: No blocks were filled
[12:15:20] [Server thread/INFO]: [Not Secure] [Server] SCAN below-c4 #minecraft:base_stone_overworld
[12:15:20] [Server thread/INFO]: System chat: No blocks were filled
[12:15:20] [Server thread/INFO]: [Not Secure] [Server] SCAN below-c4 #minecraft:dirt
[12:15:21] [Server thread/INFO]: System chat: No blocks were filled
[12:15:21] [Server thread/INFO]: [Not Secure] [Server] SCAN below-c4 #minecraft:sand
[12:15:22] [Server thread/INFO]: System chat: No blocks were filled
[12:15:22] [Server thread/INFO]: [Not Secure] [Server] SCAN below-c4 minecraft:sandstone
[12:15:23] [Server thread/INFO]: System chat: No blocks were filled
[12:15:23] [Server thread/INFO]: [Not Secure] [Server] SCAN below-c4 #minecraft:terracotta
[12:15:24] [Server thread/INFO]: System chat: No blocks were filled
[12:15:24] [Server thread/INFO]: [Not Secure] [Server] SCAN below-c4 minecraft:gravel
[12:15:25] [Server thread/INFO]: System chat: No blocks were filled
[12:15:25] [Server thread/INFO]: [Not Secure] [Server] SCAN below-c4 #minecraft:ice
[12:15:25] [Server thread/INFO]: System chat: No blocks were filled
[12:15:26] [Server thread/INFO]: [Not Secure] [Server] SCAN below-c4 minecraft:air
[12:15:48] [Server thread/INFO]: System chat: Successfully filled 20062049 block(s)
[12:15:48] [Server thread/INFO]: System chat: Unmarked all force loaded chunks in minecraft:overworld
[12:15:52] [Server thread/INFO]: System chat: Marked 168 chunks in minecraft:overworld from [-205, -208] to [-198, -188] to be force loaded
[12:15:53] [Server thread/INFO]: System chat: Marked 168 chunks in minecraft:overworld from [-197, -208] to [-190, -188] to be force loaded
[12:15:55] [Server thread/INFO]: System chat: Marked 105 chunks in minecraft:overworld from [-189, -208] to [-185, -188] to be force loaded
[12:15:55] [Server thread/WARN]: Can't keep up! Is the server overloaded? Running 47775ms or 955 ticks behind
[12:15:58] [Server thread/INFO]: [Not Secure] [Server] LOADED wide-Q2
[12:16:19] [Server thread/INFO]: [Not Secure] [Server] SCANBOX below-Q2 cherry_grove y -84..76, whole footprint, volume 16383521
[12:16:19] [Server thread/INFO]: [Not Secure] [Server] SCAN below-Q2 minecraft:water
[12:16:20] [Server thread/INFO]: System chat: No blocks were filled
[12:16:20] [Server thread/INFO]: [Not Secure] [Server] SCAN below-Q2 minecraft:lava
[12:16:20] [Server thread/INFO]: System chat: No blocks were filled
[12:16:20] [Server thread/INFO]: [Not Secure] [Server] SCAN below-Q2 minecraft:vine
[12:16:21] [Server thread/INFO]: System chat: No blocks were filled
[12:16:21] [Server thread/INFO]: [Not Secure] [Server] SCAN below-Q2 minecraft:cave_vines
[12:16:21] [Server thread/INFO]: System chat: No blocks were filled
[12:16:21] [Server thread/INFO]: [Not Secure] [Server] SCAN below-Q2 minecraft:cave_vines_plant
[12:16:22] [Server thread/INFO]: System chat: No blocks were filled
[12:16:22] [Server thread/INFO]: [Not Secure] [Server] SCAN below-Q2 minecraft:pointed_dripstone
[12:16:22] [Server thread/INFO]: System chat: No blocks were filled
[12:16:22] [Server thread/INFO]: [Not Secure] [Server] SCAN below-Q2 #minecraft:logs
[12:16:23] [Server thread/INFO]: System chat: No blocks were filled
[12:16:23] [Server thread/INFO]: [Not Secure] [Server] SCAN below-Q2 #minecraft:leaves
[12:16:24] [Server thread/INFO]: System chat: No blocks were filled
[12:16:24] [Server thread/INFO]: [Not Secure] [Server] SCAN below-Q2 minecraft:mangrove_roots
[12:16:24] [Server thread/INFO]: System chat: No blocks were filled
[12:16:24] [Server thread/INFO]: [Not Secure] [Server] SCAN below-Q2 minecraft:hanging_roots
[12:16:25] [Server thread/INFO]: System chat: No blocks were filled
[12:16:25] [Server thread/INFO]: [Not Secure] [Server] SCAN below-Q2 minecraft:glow_lichen
[12:16:25] [Server thread/INFO]: System chat: No blocks were filled
[12:16:25] [Server thread/INFO]: [Not Secure] [Server] SCAN below-Q2 #minecraft:fences
[12:16:26] [Server thread/INFO]: System chat: No blocks were filled
[12:16:26] [Server thread/INFO]: [Not Secure] [Server] SCAN below-Q2 minecraft:cobweb
[12:16:27] [Server thread/INFO]: System chat: No blocks were filled
[12:16:27] [Server thread/INFO]: [Not Secure] [Server] SCAN below-Q2 minecraft:snow
[12:16:27] [Server thread/INFO]: System chat: No blocks were filled
[12:16:27] [Server thread/INFO]: [Not Secure] [Server] SCAN below-Q2 minecraft:powder_snow
[12:16:28] [Server thread/INFO]: System chat: No blocks were filled
[12:16:28] [Server thread/INFO]: [Not Secure] [Server] SCAN below-Q2 minecraft:kelp_plant
[12:16:28] [Server thread/INFO]: System chat: No blocks were filled
[12:16:28] [Server thread/INFO]: [Not Secure] [Server] SCAN below-Q2 minecraft:kelp
[12:16:29] [Server thread/INFO]: System chat: No blocks were filled
[12:16:29] [Server thread/INFO]: [Not Secure] [Server] SCAN below-Q2 #minecraft:base_stone_overworld
[12:16:29] [Server thread/INFO]: System chat: No blocks were filled
[12:16:29] [Server thread/INFO]: [Not Secure] [Server] SCAN below-Q2 #minecraft:dirt
[12:16:30] [Server thread/INFO]: System chat: No blocks were filled
[12:16:30] [Server thread/INFO]: [Not Secure] [Server] SCAN below-Q2 #minecraft:sand
[12:16:31] [Server thread/INFO]: System chat: No blocks were filled
[12:16:31] [Server thread/INFO]: [Not Secure] [Server] SCAN below-Q2 minecraft:sandstone
[12:16:31] [Server thread/INFO]: System chat: No blocks were filled
[12:16:31] [Server thread/INFO]: [Not Secure] [Server] SCAN below-Q2 #minecraft:terracotta
[12:16:32] [Server thread/INFO]: System chat: No blocks were filled
[12:16:32] [Server thread/INFO]: [Not Secure] [Server] SCAN below-Q2 minecraft:gravel
[12:16:33] [Server thread/INFO]: System chat: No blocks were filled
[12:16:33] [Server thread/INFO]: [Not Secure] [Server] SCAN below-Q2 #minecraft:ice
[12:16:33] [Server thread/INFO]: System chat: No blocks were filled
[12:16:33] [Server thread/INFO]: [Not Secure] [Server] SCAN below-Q2 minecraft:air
[12:16:52] [Server thread/INFO]: System chat: Successfully filled 16383521 block(s)
[12:16:52] [Server thread/INFO]: System chat: Unmarked all force loaded chunks in minecraft:overworld
[12:16:54] [Server thread/INFO]: System chat: Marked 120 chunks in minecraft:overworld from [194, 138] to [201, 152] to be force loaded
[12:16:56] [Server thread/INFO]: System chat: Marked 120 chunks in minecraft:overworld from [202, 138] to [209, 152] to be force loaded
[12:16:56] [Server thread/WARN]: Can't keep up! Is the server overloaded? Running 36953ms or 739 ticks behind
[12:16:59] [Server thread/INFO]: [Not Secure] [Server] LOADED wide-n3
[12:17:20] [Server thread/INFO]: [Not Secure] [Server] SCANBOX below-n3 swamp y -415..-255, whole footprint, volume 8296169
[12:17:20] [Server thread/INFO]: [Not Secure] [Server] SCAN below-n3 minecraft:water
[12:17:20] [Server thread/INFO]: System chat: No blocks were filled
[12:17:20] [Server thread/INFO]: [Not Secure] [Server] SCAN below-n3 minecraft:lava
[12:17:20] [Server thread/INFO]: System chat: No blocks were filled
[12:17:20] [Server thread/INFO]: [Not Secure] [Server] SCAN below-n3 minecraft:vine
[12:17:21] [Server thread/INFO]: System chat: Successfully filled 75 block(s)
[12:17:21] [Server thread/INFO]: [Not Secure] [Server] SCAN below-n3 minecraft:cave_vines
[12:17:21] [Server thread/INFO]: System chat: No blocks were filled
[12:17:21] [Server thread/INFO]: [Not Secure] [Server] SCAN below-n3 minecraft:cave_vines_plant
[12:17:21] [Server thread/INFO]: System chat: No blocks were filled
[12:17:21] [Server thread/INFO]: [Not Secure] [Server] SCAN below-n3 minecraft:pointed_dripstone
[12:17:22] [Server thread/INFO]: System chat: No blocks were filled
[12:17:22] [Server thread/INFO]: [Not Secure] [Server] SCAN below-n3 #minecraft:logs
[12:17:22] [Server thread/INFO]: System chat: Successfully filled 1 block(s)
[12:17:22] [Server thread/INFO]: [Not Secure] [Server] SCAN below-n3 #minecraft:leaves
[12:17:22] [Server thread/INFO]: System chat: Successfully filled 69 block(s)
[12:17:22] [Server thread/INFO]: [Not Secure] [Server] SCAN below-n3 minecraft:mangrove_roots
[12:17:22] [Server thread/INFO]: System chat: Successfully filled 6 block(s)
[12:17:22] [Server thread/INFO]: [Not Secure] [Server] SCAN below-n3 minecraft:hanging_roots
[12:17:23] [Server thread/INFO]: System chat: No blocks were filled
[12:17:23] [Server thread/INFO]: [Not Secure] [Server] SCAN below-n3 minecraft:glow_lichen
[12:17:23] [Server thread/INFO]: System chat: No blocks were filled
[12:17:23] [Server thread/INFO]: [Not Secure] [Server] SCAN below-n3 #minecraft:fences
[12:17:24] [Server thread/INFO]: System chat: No blocks were filled
[12:17:24] [Server thread/INFO]: [Not Secure] [Server] SCAN below-n3 minecraft:cobweb
[12:17:24] [Server thread/INFO]: System chat: No blocks were filled
[12:17:24] [Server thread/INFO]: [Not Secure] [Server] SCAN below-n3 minecraft:snow
[12:17:24] [Server thread/INFO]: System chat: No blocks were filled
[12:17:24] [Server thread/INFO]: [Not Secure] [Server] SCAN below-n3 minecraft:powder_snow
[12:17:24] [Server thread/INFO]: System chat: No blocks were filled
[12:17:24] [Server thread/INFO]: [Not Secure] [Server] SCAN below-n3 minecraft:kelp_plant
[12:17:25] [Server thread/INFO]: System chat: No blocks were filled
[12:17:25] [Server thread/INFO]: [Not Secure] [Server] SCAN below-n3 minecraft:kelp
[12:17:25] [Server thread/INFO]: System chat: No blocks were filled
[12:17:25] [Server thread/INFO]: [Not Secure] [Server] SCAN below-n3 #minecraft:base_stone_overworld
[12:17:25] [Server thread/INFO]: System chat: Successfully filled 44 block(s)
[12:17:25] [Server thread/INFO]: [Not Secure] [Server] SCAN below-n3 #minecraft:dirt
[12:17:25] [Server thread/INFO]: System chat: No blocks were filled
[12:17:25] [Server thread/INFO]: [Not Secure] [Server] SCAN below-n3 #minecraft:sand
[12:17:26] [Server thread/INFO]: System chat: No blocks were filled
[12:17:26] [Server thread/INFO]: [Not Secure] [Server] SCAN below-n3 minecraft:sandstone
[12:17:26] [Server thread/INFO]: System chat: No blocks were filled
[12:17:26] [Server thread/INFO]: [Not Secure] [Server] SCAN below-n3 #minecraft:terracotta
[12:17:26] [Server thread/INFO]: System chat: No blocks were filled
[12:17:26] [Server thread/INFO]: [Not Secure] [Server] SCAN below-n3 minecraft:gravel
[12:17:27] [Server thread/INFO]: System chat: No blocks were filled
[12:17:27] [Server thread/INFO]: [Not Secure] [Server] SCAN below-n3 #minecraft:ice
[12:17:27] [Server thread/INFO]: System chat: No blocks were filled
[12:17:27] [Server thread/INFO]: [Not Secure] [Server] SCAN below-n3 minecraft:air
[12:17:37] [Server thread/INFO]: System chat: Successfully filled 8295901 block(s)
[12:17:37] [Server thread/INFO]: System chat: Unmarked all force loaded chunks in minecraft:overworld
[12:17:37] [Server thread/INFO]: [Not Secure] [Server] SECTION void
[12:17:37] [Server thread/INFO]: System chat: Marked chunk [-225, -150] in minecraft:overworld to be force loaded
[12:17:37] [Server thread/WARN]: Can't keep up! Is the server overloaded? Running 16875ms or 337 ticks behind
[12:17:40] [Server thread/INFO]: [Not Secure] [Server] LOADED void0
[12:17:41] [Server thread/INFO]: [Not Secure] [Server] PROBE void0 void -3600 -2400
[12:17:41] [Server thread/INFO]: System chat: Running function packtest:col
[12:17:41] [Server thread/INFO]: [Not Secure] [Server] BIOME the_isles:void
[12:17:41] [Server thread/INFO]: System chat: y has -2032 [pt]
[12:17:41] [Server thread/INFO]: System chat: ws has -2032 [pt]
[12:17:41] [Server thread/INFO]: System chat: Unmarked all force loaded chunks in minecraft:overworld
[12:17:42] [Server thread/INFO]: System chat: Marked chunk [-188, -150] in minecraft:overworld to be force loaded
[12:17:43] [Server thread/INFO]: [Not Secure] [Server] LOADED void1
[12:17:44] [Server thread/INFO]: [Not Secure] [Server] PROBE void1 void -3000 -2400
[12:17:44] [Server thread/INFO]: System chat: Running function packtest:col
[12:17:44] [Server thread/INFO]: [Not Secure] [Server] BIOME the_isles:void
[12:17:44] [Server thread/INFO]: System chat: y has -2032 [pt]
[12:17:44] [Server thread/INFO]: System chat: ws has -2032 [pt]
[12:17:44] [Server thread/INFO]: System chat: Unmarked all force loaded chunks in minecraft:overworld
[12:17:45] [Server thread/INFO]: System chat: Marked chunk [-150, 112] in minecraft:overworld to be force loaded
[12:17:46] [Server thread/INFO]: [Not Secure] [Server] LOADED void2
[12:17:47] [Server thread/INFO]: [Not Secure] [Server] PROBE void2 void -2400 1800
[12:17:47] [Server thread/INFO]: System chat: Running function packtest:col
[12:17:47] [Server thread/INFO]: [Not Secure] [Server] BIOME the_isles:void
[12:17:47] [Server thread/INFO]: System chat: y has -2032 [pt]
[12:17:47] [Server thread/INFO]: System chat: ws has -2032 [pt]
[12:17:47] [Server thread/INFO]: System chat: Unmarked all force loaded chunks in minecraft:overworld
[12:17:48] [Server thread/INFO]: System chat: Marked chunk [-113, 150] in minecraft:overworld to be force loaded
[12:17:49] [Server thread/INFO]: [Not Secure] [Server] LOADED void3
[12:17:50] [Server thread/INFO]: [Not Secure] [Server] PROBE void3 void -1800 2400
[12:17:50] [Server thread/INFO]: System chat: Running function packtest:col
[12:17:50] [Server thread/INFO]: [Not Secure] [Server] BIOME the_isles:void
[12:17:50] [Server thread/INFO]: System chat: y has -2032 [pt]
[12:17:50] [Server thread/INFO]: System chat: ws has -2032 [pt]
[12:17:50] [Server thread/INFO]: System chat: Unmarked all force loaded chunks in minecraft:overworld
[12:17:51] [Server thread/INFO]: System chat: Marked chunk [-38, -75] in minecraft:overworld to be force loaded
[12:17:52] [Server thread/INFO]: [Not Secure] [Server] LOADED void4
[12:17:53] [Server thread/INFO]: [Not Secure] [Server] PROBE void4 void -600 -1200
[12:17:53] [Server thread/INFO]: System chat: Running function packtest:col
[12:17:53] [Server thread/INFO]: [Not Secure] [Server] BIOME the_isles:void
[12:17:53] [Server thread/INFO]: System chat: y has -2032 [pt]
[12:17:53] [Server thread/INFO]: System chat: ws has -2032 [pt]
[12:17:53] [Server thread/INFO]: System chat: Unmarked all force loaded chunks in minecraft:overworld
[12:17:54] [Server thread/INFO]: System chat: Marked chunk [0, 112] in minecraft:overworld to be force loaded
[12:17:55] [Server thread/INFO]: [Not Secure] [Server] LOADED void5
[12:17:56] [Server thread/INFO]: [Not Secure] [Server] PROBE void5 void 0 1800
[12:17:56] [Server thread/INFO]: System chat: Running function packtest:col
[12:17:56] [Server thread/INFO]: [Not Secure] [Server] BIOME the_isles:void
[12:17:56] [Server thread/INFO]: System chat: y has -2032 [pt]
[12:17:56] [Server thread/INFO]: System chat: ws has -2032 [pt]
[12:17:56] [Server thread/INFO]: System chat: Unmarked all force loaded chunks in minecraft:overworld
[12:17:57] [Server thread/INFO]: System chat: Marked chunk [37, 150] in minecraft:overworld to be force loaded
[12:17:58] [Server thread/INFO]: [Not Secure] [Server] LOADED void6
[12:17:59] [Server thread/INFO]: [Not Secure] [Server] PROBE void6 void 600 2400
[12:17:59] [Server thread/INFO]: System chat: Running function packtest:col
[12:17:59] [Server thread/INFO]: [Not Secure] [Server] BIOME the_isles:void
[12:17:59] [Server thread/INFO]: System chat: y has -2032 [pt]
[12:17:59] [Server thread/INFO]: System chat: ws has -2032 [pt]
[12:17:59] [Server thread/INFO]: System chat: Unmarked all force loaded chunks in minecraft:overworld
[12:18:00] [Server thread/INFO]: System chat: Marked chunk [75, -38] in minecraft:overworld to be force loaded
[12:18:01] [Server thread/INFO]: [Not Secure] [Server] LOADED void7
[12:18:02] [Server thread/INFO]: [Not Secure] [Server] PROBE void7 void 1200 -600
[12:18:02] [Server thread/INFO]: System chat: Running function packtest:col
[12:18:02] [Server thread/INFO]: [Not Secure] [Server] BIOME the_isles:void
[12:18:02] [Server thread/INFO]: System chat: y has -2032 [pt]
[12:18:02] [Server thread/INFO]: System chat: ws has -2032 [pt]
[12:18:02] [Server thread/INFO]: System chat: Unmarked all force loaded chunks in minecraft:overworld
[12:18:04] [Server thread/INFO]: System chat: Marked chunk [112, -150] in minecraft:overworld to be force loaded
[12:18:04] [Server thread/INFO]: [Not Secure] [Server] LOADED void8
[12:18:05] [Server thread/INFO]: [Not Secure] [Server] PROBE void8 void 1800 -2400
[12:18:05] [Server thread/INFO]: System chat: Running function packtest:col
[12:18:05] [Server thread/INFO]: [Not Secure] [Server] BIOME the_isles:void
[12:18:05] [Server thread/INFO]: System chat: y has -2032 [pt]
[12:18:05] [Server thread/INFO]: System chat: ws has -2032 [pt]
[12:18:05] [Server thread/INFO]: System chat: Unmarked all force loaded chunks in minecraft:overworld
[12:18:07] [Server thread/INFO]: System chat: Marked chunk [150, -188] in minecraft:overworld to be force loaded
[12:18:07] [Server thread/INFO]: [Not Secure] [Server] LOADED void9
[12:18:08] [Server thread/INFO]: [Not Secure] [Server] PROBE void9 void 2400 -3000
[12:18:08] [Server thread/INFO]: System chat: Running function packtest:col
[12:18:08] [Server thread/INFO]: [Not Secure] [Server] BIOME the_isles:void
[12:18:08] [Server thread/INFO]: System chat: y has -2032 [pt]
[12:18:08] [Server thread/INFO]: System chat: ws has -2032 [pt]
[12:18:08] [Server thread/INFO]: System chat: Unmarked all force loaded chunks in minecraft:overworld
[12:18:10] [Server thread/INFO]: System chat: Marked chunk [150, 225] in minecraft:overworld to be force loaded
[12:18:10] [Server thread/INFO]: [Not Secure] [Server] LOADED void10
[12:18:11] [Server thread/INFO]: [Not Secure] [Server] PROBE void10 void 2400 3600
[12:18:11] [Server thread/INFO]: System chat: Running function packtest:col
[12:18:11] [Server thread/INFO]: [Not Secure] [Server] BIOME the_isles:void
[12:18:11] [Server thread/INFO]: System chat: y has -2032 [pt]
[12:18:11] [Server thread/INFO]: System chat: ws has -2032 [pt]
[12:18:11] [Server thread/INFO]: System chat: Unmarked all force loaded chunks in minecraft:overworld
[12:18:13] [Server thread/INFO]: System chat: Marked chunk [187, 0] in minecraft:overworld to be force loaded
[12:18:14] [Server thread/INFO]: [Not Secure] [Server] LOADED void11
[12:18:14] [Server thread/INFO]: [Not Secure] [Server] PROBE void11 void 3000 0
[12:18:14] [Server thread/INFO]: System chat: Running function packtest:col
[12:18:14] [Server thread/INFO]: [Not Secure] [Server] BIOME the_isles:void
[12:18:14] [Server thread/INFO]: System chat: y has -2032 [pt]
[12:18:14] [Server thread/INFO]: System chat: ws has -2032 [pt]
[12:18:14] [Server thread/INFO]: System chat: Unmarked all force loaded chunks in minecraft:overworld
[12:18:15] [Server thread/INFO]: [Not Secure] [Server] SECTION limits
[12:18:15] [Server thread/INFO]: System chat: Marked chunk [243, 243] in minecraft:overworld to be force loaded
[12:18:17] [Server thread/INFO]: [Not Secure] [Server] LOADED limits
[12:18:17] [Server thread/INFO]: System chat: Changed the block at 3900, -2032, 3900
[12:18:17] [Server thread/INFO]: [Not Secure] [Server] LIMIT bottom-ok -2032
[12:18:17] [Server thread/INFO]: System chat: Changed the block at 3900, 2031, 3900
[12:18:18] [Server thread/INFO]: [Not Secure] [Server] LIMIT top-ok 2031
[12:18:18] [Server thread/INFO]: System chat: That position is out of this world!
[12:18:18] [Server thread/INFO]: System chat: That position is out of this world!
[12:18:18] [Server thread/INFO]: System chat: Unmarked chunk [243, 243] in minecraft:overworld for force loading
[12:18:18] [Server thread/INFO]: [Not Secure] [Server] SECTION structures
[12:18:18] [Server thread/INFO]: [Not Secure] [Server] LOCATE isles-stronghold/spawn
[12:18:18] [Server thread/INFO]: System chat: The nearest the_isles:stronghold is at [-544, ~, -208] (582 blocks away)
[12:18:18] [Server thread/INFO]: Locating element the_isles:stronghold took 527 ms
[12:18:21] [Server thread/INFO]: System chat: Marked 25 chunks in minecraft:overworld from [-36, -15] to [-32, -11] to be force loaded
[12:18:21] [Server thread/WARN]: Can't keep up! Is the server overloaded? Running 2231ms or 44 ticks behind
[12:18:22] [Server thread/INFO]: [Not Secure] [Server] LOADED loc
[12:18:23] [Server thread/INFO]: [Not Secure] [Server] PROBE =isles-stronghold/spawn structure -544 -208
[12:18:23] [Server thread/INFO]: System chat: Running function packtest:col
[12:18:23] [Server thread/INFO]: [Not Secure] [Server] TOP grass_block
[12:18:23] [Server thread/INFO]: [Not Secure] [Server] BIOME minecraft:plains
[12:18:23] [Server thread/INFO]: System chat: y has 55 [pt]
[12:18:23] [Server thread/INFO]: System chat: ws has 63 [pt]
[12:18:23] [Server thread/INFO]: [Not Secure] [Server] SCAN isles-stronghold/spawn near minecraft:end_portal_frame
[12:18:23] [Server thread/INFO]: System chat: Successfully filled 12 block(s)
[12:18:23] [Server thread/INFO]: [Not Secure] [Server] SCAN isles-stronghold/spawn elsewhere minecraft:end_portal_frame
[12:18:24] [Server thread/INFO]: System chat: No blocks were filled
[12:18:24] [Server thread/INFO]: [Not Secure] [Server] SCAN isles-stronghold/spawn floor minecraft:end_portal_frame
[12:18:24] [Server thread/INFO]: System chat: No blocks were filled
[12:18:24] [Server thread/INFO]: [Not Secure] [Server] SCAN isles-stronghold/spawn y-of-the-frames minecraft:structure_void
[12:18:24] [Server thread/INFO]: System chat: No blocks were filled
[12:18:24] [Server thread/INFO]: System chat: No blocks were filled
[12:18:24] [Server thread/INFO]: System chat: Successfully filled 12 block(s)
[12:18:24] [Server thread/INFO]: System chat: No blocks were filled
[12:18:24] [Server thread/INFO]: System chat: No blocks were filled
[12:18:24] [Server thread/INFO]: System chat: No blocks were filled
[12:18:24] [Server thread/INFO]: System chat: Unmarked all force loaded chunks in minecraft:overworld
[12:18:24] [Server thread/INFO]: [Not Secure] [Server] LOCATE isles-stronghold/K1
[12:18:24] [Server thread/INFO]: System chat: The nearest the_isles:stronghold is at [-544, ~, -208] (3067 blocks away)
[12:18:24] [Server thread/INFO]: Locating element the_isles:stronghold took 0 ms
[12:18:25] [Server thread/INFO]: System chat: Marked 25 chunks in minecraft:overworld from [-36, -15] to [-32, -11] to be force loaded
[12:18:26] [Server thread/INFO]: [Not Secure] [Server] LOADED loc
[12:18:27] [Server thread/INFO]: [Not Secure] [Server] PROBE =isles-stronghold/K1 structure -544 -208
[12:18:27] [Server thread/INFO]: System chat: Running function packtest:col
[12:18:27] [Server thread/INFO]: [Not Secure] [Server] TOP grass_block
[12:18:27] [Server thread/INFO]: [Not Secure] [Server] BIOME minecraft:plains
[12:18:27] [Server thread/INFO]: System chat: y has 55 [pt]
[12:18:27] [Server thread/INFO]: System chat: ws has 63 [pt]
[12:18:27] [Server thread/INFO]: [Not Secure] [Server] SCAN isles-stronghold/K1 near minecraft:end_portal_frame
[12:18:27] [Server thread/INFO]: System chat: Successfully filled 12 block(s)
[12:18:27] [Server thread/INFO]: [Not Secure] [Server] SCAN isles-stronghold/K1 elsewhere minecraft:end_portal_frame
[12:18:28] [Server thread/INFO]: System chat: No blocks were filled
[12:18:28] [Server thread/INFO]: [Not Secure] [Server] SCAN isles-stronghold/K1 floor minecraft:end_portal_frame
[12:18:28] [Server thread/INFO]: System chat: No blocks were filled
[12:18:28] [Server thread/INFO]: [Not Secure] [Server] SCAN isles-stronghold/K1 y-of-the-frames minecraft:structure_void
[12:18:28] [Server thread/INFO]: System chat: No blocks were filled
[12:18:28] [Server thread/INFO]: System chat: No blocks were filled
[12:18:28] [Server thread/INFO]: System chat: Successfully filled 12 block(s)
[12:18:28] [Server thread/INFO]: System chat: No blocks were filled
[12:18:28] [Server thread/INFO]: System chat: No blocks were filled
[12:18:28] [Server thread/INFO]: System chat: No blocks were filled
[12:18:28] [Server thread/INFO]: System chat: Unmarked all force loaded chunks in minecraft:overworld
[12:18:28] [Server thread/INFO]: [Not Secure] [Server] LOCATE isles-stronghold/T1
[12:18:28] [Server thread/INFO]: System chat: The nearest the_isles:stronghold is at [112, ~, 560] (4488 blocks away)
[12:18:28] [Server thread/INFO]: Locating element the_isles:stronghold took 8 ms
[12:18:31] [Server thread/INFO]: System chat: Marked 25 chunks in minecraft:overworld from [5, 33] to [9, 37] to be force loaded
[12:18:32] [Server thread/INFO]: [Not Secure] [Server] LOADED loc
[12:18:33] [Server thread/INFO]: [Not Secure] [Server] PROBE =isles-stronghold/T1 structure 112 560
[12:18:33] [Server thread/INFO]: System chat: Running function packtest:col
[12:18:33] [Server thread/INFO]: [Not Secure] [Server] TOP grass_block
[12:18:33] [Server thread/INFO]: [Not Secure] [Server] BIOME minecraft:plains
[12:18:33] [Server thread/INFO]: System chat: y has 54 [pt]
[12:18:33] [Server thread/INFO]: System chat: ws has 54 [pt]
[12:18:33] [Server thread/INFO]: [Not Secure] [Server] SCAN isles-stronghold/T1 near minecraft:end_portal_frame
[12:18:33] [Server thread/INFO]: System chat: Successfully filled 12 block(s)
[12:18:33] [Server thread/INFO]: [Not Secure] [Server] SCAN isles-stronghold/T1 elsewhere minecraft:end_portal_frame
[12:18:34] [Server thread/INFO]: System chat: No blocks were filled
[12:18:34] [Server thread/INFO]: [Not Secure] [Server] SCAN isles-stronghold/T1 floor minecraft:end_portal_frame
[12:18:34] [Server thread/INFO]: System chat: No blocks were filled
[12:18:34] [Server thread/INFO]: [Not Secure] [Server] SCAN isles-stronghold/T1 y-of-the-frames minecraft:structure_void
[12:18:34] [Server thread/INFO]: System chat: No blocks were filled
[12:18:34] [Server thread/INFO]: System chat: No blocks were filled
[12:18:34] [Server thread/INFO]: System chat: Successfully filled 12 block(s)
[12:18:34] [Server thread/INFO]: System chat: No blocks were filled
[12:18:34] [Server thread/INFO]: System chat: No blocks were filled
[12:18:34] [Server thread/INFO]: System chat: No blocks were filled
[12:18:34] [Server thread/INFO]: System chat: Unmarked all force loaded chunks in minecraft:overworld
[12:18:34] [Server thread/INFO]: [Not Secure] [Server] LOCATE village_plains/spawn
[12:18:34] [Server thread/INFO]: System chat: The nearest minecraft:village_plains is at [368, ~, 304] (477 blocks away)
[12:18:34] [Server thread/INFO]: Locating element minecraft:village_plains took 202 ms
[12:18:38] [Server thread/INFO]: System chat: Marked 25 chunks in minecraft:overworld from [21, 17] to [25, 21] to be force loaded
[12:18:39] [Server thread/INFO]: [Not Secure] [Server] LOADED loc
[12:18:40] [Server thread/INFO]: [Not Secure] [Server] PROBE =village_plains/spawn structure 368 304
[12:18:40] [Server thread/INFO]: System chat: Running function packtest:col
[12:18:40] [Server thread/INFO]: [Not Secure] [Server] TOP grass_block
[12:18:40] [Server thread/INFO]: [Not Secure] [Server] BIOME minecraft:plains
[12:18:40] [Server thread/INFO]: System chat: y has 56 [pt]
[12:18:40] [Server thread/INFO]: System chat: ws has 56 [pt]
[12:18:40] [Server thread/INFO]: [Not Secure] [Server] SCAN village_plains/spawn near #minecraft:beds
[12:18:40] [Server thread/INFO]: System chat: Successfully filled 4 block(s)
[12:18:40] [Server thread/INFO]: [Not Secure] [Server] SCAN village_plains/spawn elsewhere #minecraft:beds
[12:18:41] [Server thread/INFO]: System chat: No blocks were filled
[12:18:41] [Server thread/INFO]: [Not Secure] [Server] SCAN village_plains/spawn floor #minecraft:beds
[12:18:42] [Server thread/INFO]: System chat: No blocks were filled
[12:18:42] [Server thread/INFO]: System chat: Unmarked all force loaded chunks in minecraft:overworld
[12:18:42] [Server thread/INFO]: [Not Secure] [Server] LOCATE village_plains/K1
[12:18:42] [Server thread/INFO]: System chat: The nearest minecraft:village_plains is at [-3776, ~, -160] (1301 blocks away)
[12:18:42] [Server thread/INFO]: Locating element minecraft:village_plains took 97 ms
[12:18:45] [Server thread/INFO]: System chat: Marked 25 chunks in minecraft:overworld from [-238, -12] to [-234, -8] to be force loaded
[12:18:46] [Server thread/INFO]: [Not Secure] [Server] LOADED loc
[12:18:46] [Server thread/INFO]: [Not Secure] [Server] PROBE =village_plains/K1 structure -3776 -160
[12:18:47] [Server thread/INFO]: System chat: Running function packtest:col
[12:18:47] [Server thread/INFO]: [Not Secure] [Server] TOP grass_block
[12:18:47] [Server thread/INFO]: [Not Secure] [Server] BIOME minecraft:plains
[12:18:47] [Server thread/INFO]: System chat: y has -533 [pt]
[12:18:47] [Server thread/INFO]: System chat: ws has -532 [pt]
[12:18:47] [Server thread/INFO]: [Not Secure] [Server] SCAN village_plains/K1 near #minecraft:beds
[12:18:47] [Server thread/INFO]: System chat: Successfully filled 6 block(s)
[12:18:47] [Server thread/INFO]: [Not Secure] [Server] SCAN village_plains/K1 elsewhere #minecraft:beds
[12:18:48] [Server thread/INFO]: System chat: No blocks were filled
[12:18:48] [Server thread/INFO]: [Not Secure] [Server] SCAN village_plains/K1 floor #minecraft:beds
[12:18:48] [Server thread/INFO]: System chat: No blocks were filled
[12:18:48] [Server thread/INFO]: System chat: Unmarked all force loaded chunks in minecraft:overworld
[12:18:48] [Server thread/INFO]: [Not Secure] [Server] LOCATE village_plains/T1
[12:18:48] [Server thread/INFO]: System chat: The nearest minecraft:village_plains is at [-944, ~, 320] (3911 blocks away)
[12:18:48] [Server thread/INFO]: Locating element minecraft:village_plains took 338 ms
[12:18:51] [Server thread/INFO]: System chat: Marked 25 chunks in minecraft:overworld from [-61, 18] to [-57, 22] to be force loaded
[12:18:51] [Server thread/WARN]: Can't keep up! Is the server overloaded? Running 2063ms or 41 ticks behind
[12:18:52] [Server thread/INFO]: [Not Secure] [Server] LOADED loc
[12:18:53] [Server thread/INFO]: [Not Secure] [Server] PROBE =village_plains/T1 structure -944 320
[12:18:53] [Server thread/INFO]: System chat: Running function packtest:col
[12:18:53] [Server thread/INFO]: [Not Secure] [Server] TOP grass_block
[12:18:53] [Server thread/INFO]: [Not Secure] [Server] BIOME minecraft:plains
[12:18:53] [Server thread/INFO]: System chat: y has 50 [pt]
[12:18:53] [Server thread/INFO]: System chat: ws has 51 [pt]
[12:18:53] [Server thread/INFO]: [Not Secure] [Server] SCAN village_plains/T1 near #minecraft:beds
[12:18:53] [Server thread/INFO]: System chat: Successfully filled 7 block(s)
[12:18:53] [Server thread/INFO]: [Not Secure] [Server] SCAN village_plains/T1 elsewhere #minecraft:beds
[12:18:55] [Server thread/INFO]: System chat: No blocks were filled
[12:18:55] [Server thread/INFO]: [Not Secure] [Server] SCAN village_plains/T1 floor #minecraft:beds
[12:18:55] [Server thread/INFO]: System chat: No blocks were filled
[12:18:55] [Server thread/INFO]: System chat: Unmarked all force loaded chunks in minecraft:overworld
[12:18:55] [Server thread/INFO]: [Not Secure] [Server] LOCATE trial_chambers/spawn
[12:18:55] [Server thread/INFO]: System chat: The nearest minecraft:trial_chambers is at [32, ~, 0] (32 blocks away)
[12:18:55] [Server thread/INFO]: Locating element minecraft:trial_chambers took 0 ms
[12:18:57] [Server thread/INFO]: System chat: Marked 25 chunks in minecraft:overworld from [0, -2] to [4, 2] to be force loaded
[12:18:58] [Server thread/INFO]: [Not Secure] [Server] LOADED loc
[12:18:59] [Server thread/INFO]: [Not Secure] [Server] PROBE =trial_chambers/spawn structure 32 0
[12:18:59] [Server thread/INFO]: System chat: Running function packtest:col
[12:18:59] [Server thread/INFO]: [Not Secure] [Server] TOP grass_block
[12:18:59] [Server thread/INFO]: [Not Secure] [Server] BIOME minecraft:plains
[12:18:59] [Server thread/INFO]: System chat: y has 61 [pt]
[12:18:59] [Server thread/INFO]: System chat: ws has 61 [pt]
[12:18:59] [Server thread/INFO]: [Not Secure] [Server] SCAN trial_chambers/spawn near minecraft:tuff_bricks
[12:18:59] [Server thread/INFO]: System chat: Successfully filled 36039 block(s)
[12:18:59] [Server thread/INFO]: [Not Secure] [Server] SCAN trial_chambers/spawn elsewhere minecraft:tuff_bricks
[12:19:00] [Server thread/INFO]: System chat: No blocks were filled
[12:19:00] [Server thread/INFO]: [Not Secure] [Server] SCAN trial_chambers/spawn floor minecraft:tuff_bricks
[12:19:00] [Server thread/INFO]: System chat: No blocks were filled
[12:19:00] [Server thread/INFO]: System chat: Unmarked all force loaded chunks in minecraft:overworld
[12:19:00] [Server thread/INFO]: [Not Secure] [Server] LOCATE trial_chambers/K1
[12:19:00] [Server thread/INFO]: System chat: The nearest minecraft:trial_chambers is at [-2400, ~, -784] (1149 blocks away)
[12:19:00] [Server thread/INFO]: Locating element minecraft:trial_chambers took 68 ms
[12:19:04] [Server thread/INFO]: System chat: Marked 25 chunks in minecraft:overworld from [-152, -51] to [-148, -47] to be force loaded
[12:19:05] [Server thread/INFO]: [Not Secure] [Server] LOADED loc
[12:19:05] [Server thread/INFO]: [Not Secure] [Server] PROBE =trial_chambers/K1 structure -2400 -784
[12:19:05] [Server thread/INFO]: System chat: Running function packtest:col
[12:19:05] [Server thread/INFO]: [Not Secure] [Server] TOP grass_block
[12:19:05] [Server thread/INFO]: [Not Secure] [Server] BIOME minecraft:old_growth_birch_forest
[12:19:06] [Server thread/INFO]: System chat: y has 530 [pt]
[12:19:06] [Server thread/INFO]: System chat: ws has 541 [pt]
[12:19:06] [Server thread/INFO]: [Not Secure] [Server] SCAN trial_chambers/K1 near minecraft:tuff_bricks
[12:19:06] [Server thread/INFO]: System chat: Successfully filled 21239 block(s)
[12:19:06] [Server thread/INFO]: [Not Secure] [Server] SCAN trial_chambers/K1 elsewhere minecraft:tuff_bricks
[12:19:07] [Server thread/INFO]: System chat: No blocks were filled
[12:19:07] [Server thread/INFO]: [Not Secure] [Server] SCAN trial_chambers/K1 floor minecraft:tuff_bricks
[12:19:07] [Server thread/INFO]: System chat: No blocks were filled
[12:19:07] [Server thread/INFO]: System chat: Unmarked all force loaded chunks in minecraft:overworld
[12:19:07] [Server thread/INFO]: [Not Secure] [Server] LOCATE trial_chambers/T1
[12:19:07] [Server thread/INFO]: System chat: The nearest minecraft:trial_chambers is at [-3600, ~, 3440] (228 blocks away)
[12:19:07] [Server thread/INFO]: Locating element minecraft:trial_chambers took 0 ms
[12:19:10] [Server thread/INFO]: System chat: Marked 25 chunks in minecraft:overworld from [-227, 213] to [-223, 217] to be force loaded
[12:19:10] [Server thread/WARN]: Can't keep up! Is the server overloaded? Running 3089ms or 61 ticks behind
[12:19:11] [Server thread/INFO]: [Not Secure] [Server] LOADED loc
[12:19:12] [Server thread/INFO]: [Not Secure] [Server] PROBE =trial_chambers/T1 structure -3600 3440
[12:19:12] [Server thread/INFO]: System chat: Running function packtest:col
[12:19:12] [Server thread/INFO]: [Not Secure] [Server] TOP sand
[12:19:12] [Server thread/INFO]: [Not Secure] [Server] BIOME minecraft:desert
[12:19:12] [Server thread/INFO]: System chat: y has -910 [pt]
[12:19:12] [Server thread/INFO]: System chat: ws has -910 [pt]
[12:19:12] [Server thread/INFO]: [Not Secure] [Server] SCAN trial_chambers/T1 near minecraft:tuff_bricks
[12:19:13] [Server thread/INFO]: System chat: Successfully filled 22078 block(s)
[12:19:13] [Server thread/INFO]: [Not Secure] [Server] SCAN trial_chambers/T1 elsewhere minecraft:tuff_bricks
[12:19:13] [Server thread/INFO]: System chat: No blocks were filled
[12:19:13] [Server thread/INFO]: [Not Secure] [Server] SCAN trial_chambers/T1 floor minecraft:tuff_bricks
[12:19:13] [Server thread/INFO]: System chat: No blocks were filled
[12:19:13] [Server thread/INFO]: System chat: Unmarked all force loaded chunks in minecraft:overworld
[12:19:13] [Server thread/INFO]: [Not Secure] [Server] LOCATE ruined_portal/spawn
[12:19:13] [Server thread/INFO]: System chat: The nearest minecraft:ruined_portal is at [384, ~, 48] (386 blocks away)
[12:19:13] [Server thread/INFO]: Locating element minecraft:ruined_portal took 0 ms
[12:19:16] [Server thread/INFO]: System chat: Marked 25 chunks in minecraft:overworld from [22, 1] to [26, 5] to be force loaded
[12:19:17] [Server thread/INFO]: [Not Secure] [Server] LOADED loc
[12:19:18] [Server thread/INFO]: [Not Secure] [Server] PROBE =ruined_portal/spawn structure 384 48
[12:19:18] [Server thread/INFO]: System chat: Running function packtest:col
[12:19:18] [Server thread/INFO]: [Not Secure] [Server] TOP other
[12:19:18] [Server thread/INFO]: [Not Secure] [Server] BIOME minecraft:plains
[12:19:18] [Server thread/INFO]: System chat: y has 56 [pt]
[12:19:18] [Server thread/INFO]: System chat: ws has 56 [pt]
[12:19:18] [Server thread/INFO]: [Not Secure] [Server] SCAN ruined_portal/spawn near minecraft:obsidian
[12:19:18] [Server thread/INFO]: System chat: Successfully filled 8 block(s)
[12:19:18] [Server thread/INFO]: [Not Secure] [Server] SCAN ruined_portal/spawn elsewhere minecraft:obsidian
[12:19:19] [Server thread/INFO]: System chat: No blocks were filled
[12:19:19] [Server thread/INFO]: [Not Secure] [Server] SCAN ruined_portal/spawn floor minecraft:obsidian
[12:19:19] [Server thread/INFO]: System chat: No blocks were filled
[12:19:19] [Server thread/INFO]: System chat: Unmarked all force loaded chunks in minecraft:overworld
[12:19:19] [Server thread/INFO]: [Not Secure] [Server] LOCATE ruined_portal/K1
[12:19:19] [Server thread/INFO]: System chat: The nearest minecraft:ruined_portal is at [-3696, ~, -288] (1155 blocks away)
[12:19:19] [Server thread/INFO]: Locating element minecraft:ruined_portal took 53 ms
[12:19:22] [Server thread/INFO]: System chat: Marked 25 chunks in minecraft:overworld from [-233, -20] to [-229, -16] to be force loaded
[12:19:23] [Server thread/INFO]: [Not Secure] [Server] LOADED loc
[12:19:23] [Server thread/INFO]: [Not Secure] [Server] PROBE =ruined_portal/K1 structure -3696 -288
[12:19:24] [Server thread/INFO]: System chat: Running function packtest:col
[12:19:24] [Server thread/INFO]: [Not Secure] [Server] TOP grass_block
[12:19:24] [Server thread/INFO]: [Not Secure] [Server] BIOME minecraft:plains
[12:19:24] [Server thread/INFO]: System chat: y has -528 [pt]
[12:19:24] [Server thread/INFO]: System chat: ws has -520 [pt]
[12:19:24] [Server thread/INFO]: [Not Secure] [Server] SCAN ruined_portal/K1 near minecraft:obsidian
[12:19:24] [Server thread/INFO]: System chat: Successfully filled 14 block(s)
[12:19:24] [Server thread/INFO]: [Not Secure] [Server] SCAN ruined_portal/K1 elsewhere minecraft:obsidian
[12:19:25] [Server thread/INFO]: System chat: No blocks were filled
[12:19:25] [Server thread/INFO]: [Not Secure] [Server] SCAN ruined_portal/K1 floor minecraft:obsidian
[12:19:25] [Server thread/INFO]: System chat: No blocks were filled
[12:19:25] [Server thread/INFO]: System chat: Unmarked all force loaded chunks in minecraft:overworld
[12:19:25] [Server thread/INFO]: [Not Secure] [Server] LOCATE ruined_portal/T1
[12:19:25] [Server thread/INFO]: System chat: The nearest minecraft:ruined_portal is at [-1088, ~, 272] (3861 blocks away)
[12:19:25] [Server thread/INFO]: Locating element minecraft:ruined_portal took 338 ms
[12:19:28] [Server thread/INFO]: System chat: Marked 25 chunks in minecraft:overworld from [-70, 15] to [-66, 19] to be force loaded
[12:19:28] [Server thread/WARN]: Can't keep up! Is the server overloaded? Running 2178ms or 43 ticks behind
[12:19:28] [Server thread/INFO]: [Not Secure] [Server] LOADED loc
[12:19:29] [Server thread/INFO]: [Not Secure] [Server] PROBE =ruined_portal/T1 structure -1088 272
[12:19:29] [Server thread/INFO]: System chat: Running function packtest:col
[12:19:29] [Server thread/INFO]: [Not Secure] [Server] TOP other
[12:19:29] [Server thread/INFO]: [Not Secure] [Server] BIOME minecraft:plains
[12:19:29] [Server thread/INFO]: System chat: y has 47 [pt]
[12:19:29] [Server thread/INFO]: System chat: ws has 47 [pt]
[12:19:29] [Server thread/INFO]: [Not Secure] [Server] SCAN ruined_portal/T1 near minecraft:obsidian
[12:19:29] [Server thread/INFO]: System chat: Successfully filled 12 block(s)
[12:19:29] [Server thread/INFO]: [Not Secure] [Server] SCAN ruined_portal/T1 elsewhere minecraft:obsidian
[12:19:30] [Server thread/INFO]: System chat: No blocks were filled
[12:19:30] [Server thread/INFO]: [Not Secure] [Server] SCAN ruined_portal/T1 floor minecraft:obsidian
[12:19:30] [Server thread/INFO]: System chat: No blocks were filled
[12:19:30] [Server thread/INFO]: System chat: Unmarked all force loaded chunks in minecraft:overworld
[12:19:30] [Server thread/INFO]: [Not Secure] [Server] LOCATE pillager_outpost/spawn
[12:19:30] [Server thread/INFO]: System chat: The nearest minecraft:pillager_outpost is at [-768, ~, 0] (768 blocks away)
[12:19:30] [Server thread/INFO]: Locating element minecraft:pillager_outpost took 0 ms
[12:19:34] [Server thread/INFO]: System chat: Marked 25 chunks in minecraft:overworld from [-50, -2] to [-46, 2] to be force loaded
[12:19:35] [Server thread/INFO]: [Not Secure] [Server] LOADED loc
[12:19:36] [Server thread/INFO]: [Not Secure] [Server] PROBE =pillager_outpost/spawn structure -768 0
[12:19:36] [Server thread/INFO]: System chat: Running function packtest:col
[12:19:36] [Server thread/INFO]: [Not Secure] [Server] TOP grass_block
[12:19:36] [Server thread/INFO]: [Not Secure] [Server] BIOME minecraft:plains
[12:19:36] [Server thread/INFO]: System chat: y has 53 [pt]
[12:19:36] [Server thread/INFO]: System chat: ws has 54 [pt]
[12:19:36] [Server thread/INFO]: [Not Secure] [Server] SCAN pillager_outpost/spawn near minecraft:dark_oak_planks
[12:19:36] [Server thread/INFO]: System chat: Successfully filled 347 block(s)
[12:19:36] [Server thread/INFO]: [Not Secure] [Server] SCAN pillager_outpost/spawn elsewhere minecraft:dark_oak_planks
[12:19:37] [Server thread/INFO]: System chat: No blocks were filled
[12:19:37] [Server thread/INFO]: [Not Secure] [Server] SCAN pillager_outpost/spawn floor minecraft:dark_oak_planks
[12:19:37] [Server thread/INFO]: System chat: No blocks were filled
[12:19:37] [Server thread/INFO]: System chat: Unmarked all force loaded chunks in minecraft:overworld
[12:19:37] [Server thread/INFO]: [Not Secure] [Server] LOCATE desert_pyramid/spawn
[12:19:37] [Server thread/INFO]: System chat: The nearest minecraft:desert_pyramid is at [-2784, ~, 2400] (3675 blocks away)
[12:19:37] [Server thread/INFO]: Locating element minecraft:desert_pyramid took 66 ms
[12:19:40] [Server thread/INFO]: System chat: Marked 25 chunks in minecraft:overworld from [-176, 148] to [-172, 152] to be force loaded
[12:19:42] [Server thread/INFO]: [Not Secure] [Server] LOADED loc
[12:19:42] [Server thread/INFO]: [Not Secure] [Server] PROBE =desert_pyramid/spawn structure -2784 2400
[12:19:42] [Server thread/INFO]: System chat: Running function packtest:col
[12:19:42] [Server thread/INFO]: [Not Secure] [Server] TOP sandstone
[12:19:42] [Server thread/INFO]: [Not Secure] [Server] BIOME minecraft:desert
[12:19:42] [Server thread/INFO]: System chat: y has 194 [pt]
[12:19:43] [Server thread/INFO]: System chat: ws has 194 [pt]
[12:19:43] [Server thread/INFO]: [Not Secure] [Server] SCAN desert_pyramid/spawn near minecraft:chiseled_sandstone
[12:19:43] [Server thread/INFO]: System chat: Successfully filled 62 block(s)
[12:19:43] [Server thread/INFO]: [Not Secure] [Server] SCAN desert_pyramid/spawn elsewhere minecraft:chiseled_sandstone
[12:19:44] [Server thread/INFO]: System chat: No blocks were filled
[12:19:44] [Server thread/INFO]: [Not Secure] [Server] SCAN desert_pyramid/spawn floor minecraft:chiseled_sandstone
[12:19:44] [Server thread/INFO]: System chat: No blocks were filled
[12:19:44] [Server thread/INFO]: System chat: Unmarked all force loaded chunks in minecraft:overworld
[12:19:44] [Server thread/INFO]: [Not Secure] [Server] LOCATE shipwreck/spawn
[12:19:44] [Server thread/INFO]: System chat: The nearest minecraft:shipwreck is at [-1344, ~, 1040] (1699 blocks away)
[12:19:44] [Server thread/INFO]: Locating element minecraft:shipwreck took 16 ms
[12:19:47] [Server thread/INFO]: System chat: Marked 25 chunks in minecraft:overworld from [-86, 63] to [-82, 67] to be force loaded
[12:19:47] [Server thread/WARN]: Can't keep up! Is the server overloaded? Running 2707ms or 54 ticks behind
[12:19:48] [Server thread/INFO]: [Not Secure] [Server] LOADED loc
[12:19:49] [Server thread/INFO]: [Not Secure] [Server] PROBE =shipwreck/spawn structure -1344 1040
[12:19:49] [Server thread/INFO]: System chat: Running function packtest:col
[12:19:49] [Server thread/INFO]: [Not Secure] [Server] TOP water
[12:19:49] [Server thread/INFO]: [Not Secure] [Server] BIOME minecraft:deep_lukewarm_ocean
[12:19:49] [Server thread/INFO]: System chat: y has 893 [pt]
[12:19:49] [Server thread/INFO]: System chat: ws has 893 [pt]
[12:19:49] [Server thread/INFO]: [Not Secure] [Server] SCAN shipwreck/spawn near #minecraft:planks
[12:19:49] [Server thread/INFO]: System chat: Successfully filled 233 block(s)
[12:19:49] [Server thread/INFO]: [Not Secure] [Server] SCAN shipwreck/spawn elsewhere #minecraft:planks
[12:19:51] [Server thread/INFO]: System chat: No blocks were filled
[12:19:51] [Server thread/INFO]: [Not Secure] [Server] SCAN shipwreck/spawn floor #minecraft:planks
[12:19:51] [Server thread/INFO]: System chat: No blocks were filled
[12:19:51] [Server thread/INFO]: System chat: Unmarked all force loaded chunks in minecraft:overworld
[12:19:51] [Server thread/INFO]: [Not Secure] [Server] LOCATE shipwreck/K1
[12:19:51] [Server thread/INFO]: System chat: The nearest minecraft:shipwreck is at [-3456, ~, -1488] (123 blocks away)
[12:19:51] [Server thread/INFO]: Locating element minecraft:shipwreck took 0 ms
[12:19:54] [Server thread/INFO]: System chat: Marked 25 chunks in minecraft:overworld from [-218, -95] to [-214, -91] to be force loaded
[12:19:55] [Server thread/INFO]: [Not Secure] [Server] LOADED loc
[12:19:56] [Server thread/INFO]: [Not Secure] [Server] PROBE =shipwreck/K1 structure -3456 -1488
[12:19:56] [Server thread/INFO]: System chat: Running function packtest:col
[12:19:56] [Server thread/INFO]: [Not Secure] [Server] TOP water
[12:19:56] [Server thread/INFO]: [Not Secure] [Server] BIOME minecraft:deep_ocean
[12:19:56] [Server thread/INFO]: System chat: y has 1243 [pt]
[12:19:56] [Server thread/INFO]: System chat: ws has 1243 [pt]
[12:19:56] [Server thread/INFO]: [Not Secure] [Server] SCAN shipwreck/K1 near #minecraft:planks
[12:19:56] [Server thread/INFO]: System chat: Successfully filled 356 block(s)
[12:19:56] [Server thread/INFO]: [Not Secure] [Server] SCAN shipwreck/K1 elsewhere #minecraft:planks
[12:19:57] [Server thread/INFO]: System chat: No blocks were filled
[12:19:57] [Server thread/INFO]: [Not Secure] [Server] SCAN shipwreck/K1 floor #minecraft:planks
[12:19:57] [Server thread/INFO]: System chat: No blocks were filled
[12:19:57] [Server thread/INFO]: System chat: Unmarked all force loaded chunks in minecraft:overworld
[12:19:57] [Server thread/INFO]: [Not Secure] [Server] LOCATE shipwreck/T1
[12:19:57] [Server thread/INFO]: System chat: The nearest minecraft:shipwreck is at [-2240, ~, 3072] (1180 blocks away)
[12:19:57] [Server thread/INFO]: Locating element minecraft:shipwreck took 14 ms
[12:20:00] [Server thread/INFO]: System chat: Marked 25 chunks in minecraft:overworld from [-142, 190] to [-138, 194] to be force loaded
[12:20:02] [Server thread/INFO]: [Not Secure] [Server] LOADED loc
[12:20:02] [Server thread/INFO]: [Not Secure] [Server] PROBE =shipwreck/T1 structure -2240 3072
[12:20:02] [Server thread/INFO]: System chat: Running function packtest:col
[12:20:02] [Server thread/INFO]: [Not Secure] [Server] TOP water
[12:20:02] [Server thread/INFO]: [Not Secure] [Server] BIOME minecraft:warm_ocean
[12:20:03] [Server thread/INFO]: System chat: y has -391 [pt]
[12:20:03] [Server thread/INFO]: System chat: ws has -391 [pt]
[12:20:03] [Server thread/INFO]: [Not Secure] [Server] SCAN shipwreck/T1 near #minecraft:planks
[12:20:03] [Server thread/INFO]: System chat: Successfully filled 244 block(s)
[12:20:03] [Server thread/INFO]: [Not Secure] [Server] SCAN shipwreck/T1 elsewhere #minecraft:planks
[12:20:04] [Server thread/INFO]: System chat: No blocks were filled
[12:20:04] [Server thread/INFO]: [Not Secure] [Server] SCAN shipwreck/T1 floor #minecraft:planks
[12:20:04] [Server thread/INFO]: System chat: No blocks were filled
[12:20:04] [Server thread/INFO]: System chat: Unmarked all force loaded chunks in minecraft:overworld
[12:20:04] [Server thread/INFO]: [Not Secure] [Server] LOCATE ocean_ruin_warm/spawn
[12:20:04] [Server thread/INFO]: System chat: The nearest minecraft:ocean_ruin_warm is at [-1440, ~, 1072] (1795 blocks away)
[12:20:04] [Server thread/INFO]: Locating element minecraft:ocean_ruin_warm took 15 ms
[12:20:07] [Server thread/INFO]: System chat: Marked 25 chunks in minecraft:overworld from [-92, 65] to [-88, 69] to be force loaded
[12:20:07] [Server thread/WARN]: Can't keep up! Is the server overloaded? Running 2488ms or 49 ticks behind
[12:20:07] [Server thread/INFO]: [Not Secure] [Server] LOADED loc
[12:20:08] [Server thread/INFO]: [Not Secure] [Server] PROBE =ocean_ruin_warm/spawn structure -1440 1072
[12:20:08] [Server thread/INFO]: System chat: Running function packtest:col
[12:20:08] [Server thread/INFO]: [Not Secure] [Server] TOP water
[12:20:08] [Server thread/INFO]: [Not Secure] [Server] BIOME minecraft:deep_lukewarm_ocean
[12:20:08] [Server thread/INFO]: System chat: y has 893 [pt]
[12:20:08] [Server thread/INFO]: System chat: ws has 893 [pt]
[12:20:08] [Server thread/INFO]: [Not Secure] [Server] SCAN ocean_ruin_warm/spawn near minecraft:cut_sandstone
[12:20:08] [Server thread/INFO]: System chat: Successfully filled 139 block(s)
[12:20:08] [Server thread/INFO]: [Not Secure] [Server] SCAN ocean_ruin_warm/spawn elsewhere minecraft:cut_sandstone
[12:20:09] [Server thread/INFO]: System chat: Successfully filled 92 block(s)
[12:20:09] [Server thread/INFO]: [Not Secure] [Server] SCAN ocean_ruin_warm/spawn floor minecraft:cut_sandstone
[12:20:09] [Server thread/INFO]: System chat: No blocks were filled
[12:20:09] [Server thread/INFO]: System chat: Unmarked all force loaded chunks in minecraft:overworld
[12:20:09] [Server thread/INFO]: [Not Secure] [Server] LOCATE ocean_ruin_cold/spawn
[12:20:09] [Server thread/INFO]: System chat: The nearest minecraft:ocean_ruin_cold is at [-2464, ~, -1232] (2754 blocks away)
[12:20:09] [Server thread/INFO]: Locating element minecraft:ocean_ruin_cold took 44 ms
[12:20:11] [Server thread/INFO]: System chat: Marked 25 chunks in minecraft:overworld from [-156, -79] to [-152, -75] to be force loaded
[12:20:11] [Server thread/INFO]: [Not Secure] [Server] LOADED loc
[12:20:12] [Server thread/INFO]: [Not Secure] [Server] PROBE =ocean_ruin_cold/spawn structure -2464 -1232
[12:20:12] [Server thread/INFO]: System chat: Running function packtest:col
[12:20:12] [Server thread/INFO]: [Not Secure] [Server] TOP water
[12:20:12] [Server thread/INFO]: [Not Secure] [Server] BIOME minecraft:ocean
[12:20:12] [Server thread/INFO]: System chat: y has 1395 [pt]
[12:20:12] [Server thread/INFO]: System chat: ws has 1395 [pt]
[12:20:12] [Server thread/INFO]: [Not Secure] [Server] SCAN ocean_ruin_cold/spawn near minecraft:stone_bricks
[12:20:12] [Server thread/INFO]: System chat: Successfully filled 3 block(s)
[12:20:12] [Server thread/INFO]: [Not Secure] [Server] SCAN ocean_ruin_cold/spawn elsewhere minecraft:stone_bricks
[12:20:13] [Server thread/INFO]: System chat: No blocks were filled
[12:20:13] [Server thread/INFO]: [Not Secure] [Server] SCAN ocean_ruin_cold/spawn floor minecraft:stone_bricks
[12:20:13] [Server thread/INFO]: System chat: No blocks were filled
[12:20:13] [Server thread/INFO]: System chat: Unmarked all force loaded chunks in minecraft:overworld
[12:20:13] [Server thread/INFO]: [Not Secure] [Server] LOCATE buried_treasure/spawn
[12:20:14] [Server thread/INFO]: System chat: The nearest minecraft:buried_treasure is at [-1415, ~, 1289] (1914 blocks away)
[12:20:14] [Server thread/INFO]: Locating element minecraft:buried_treasure took 474 ms
[12:20:17] [Server thread/INFO]: System chat: Marked 25 chunks in minecraft:overworld from [-91, 78] to [-87, 82] to be force loaded
[12:20:18] [Server thread/INFO]: [Not Secure] [Server] LOADED loc
[12:20:18] [Server thread/INFO]: [Not Secure] [Server] PROBE =buried_treasure/spawn structure -1415 1289
[12:20:18] [Server thread/INFO]: System chat: Running function packtest:col
[12:20:18] [Server thread/INFO]: [Not Secure] [Server] TOP sand
[12:20:18] [Server thread/INFO]: [Not Secure] [Server] BIOME minecraft:beach
[12:20:18] [Server thread/INFO]: System chat: y has 902 [pt]
[12:20:19] [Server thread/INFO]: System chat: ws has 902 [pt]
[12:20:19] [Server thread/INFO]: [Not Secure] [Server] SCAN buried_treasure/spawn near minecraft:chest
[12:20:19] [Server thread/INFO]: System chat: Successfully filled 1 block(s)
[12:20:19] [Server thread/INFO]: [Not Secure] [Server] SCAN buried_treasure/spawn elsewhere minecraft:chest
[12:20:20] [Server thread/INFO]: System chat: No blocks were filled
[12:20:20] [Server thread/INFO]: [Not Secure] [Server] SCAN buried_treasure/spawn floor minecraft:chest
[12:20:20] [Server thread/INFO]: System chat: No blocks were filled
[12:20:20] [Server thread/INFO]: System chat: Unmarked all force loaded chunks in minecraft:overworld
[12:20:20] [Server thread/INFO]: [Not Secure] [Server] LOCATE igloo/spawn
[12:20:20] [Server thread/INFO]: System chat: The nearest minecraft:igloo is at [-3392, ~, -2736] (4357 blocks away)
[12:20:20] [Server thread/INFO]: Locating element minecraft:igloo took 34 ms
[12:20:22] [Server thread/INFO]: System chat: Marked 25 chunks in minecraft:overworld from [-214, -173] to [-210, -169] to be force loaded
[12:20:23] [Server thread/INFO]: [Not Secure] [Server] LOADED loc
[12:20:24] [Server thread/INFO]: [Not Secure] [Server] PROBE =igloo/spawn structure -3392 -2736
[12:20:24] [Server thread/INFO]: System chat: Running function packtest:col
[12:20:24] [Server thread/INFO]: [Not Secure] [Server] TOP snow_block
[12:20:24] [Server thread/INFO]: [Not Secure] [Server] SNOWLAYER
[12:20:24] [Server thread/INFO]: [Not Secure] [Server] BIOME minecraft:snowy_slopes
[12:20:24] [Server thread/INFO]: System chat: y has 219 [pt]
[12:20:24] [Server thread/INFO]: System chat: ws has 220 [pt]
[12:20:24] [Server thread/INFO]: [Not Secure] [Server] SCAN igloo/spawn near minecraft:furnace
[12:20:24] [Server thread/INFO]: System chat: Successfully filled 1 block(s)
[12:20:24] [Server thread/INFO]: [Not Secure] [Server] SCAN igloo/spawn elsewhere minecraft:furnace
[12:20:25] [Server thread/INFO]: System chat: No blocks were filled
[12:20:25] [Server thread/INFO]: [Not Secure] [Server] SCAN igloo/spawn floor minecraft:furnace
[12:20:25] [Server thread/INFO]: System chat: No blocks were filled
[12:20:25] [Server thread/INFO]: System chat: Unmarked all force loaded chunks in minecraft:overworld
[12:20:25] [Server thread/INFO]: [Not Secure] [Server] LOCATE jungle_pyramid/spawn
[12:20:35] [Server thread/INFO]: System chat: Could not find a structure of type "minecraft:jungle_pyramid" nearby
[12:20:35] [Server thread/WARN]: Can't keep up! Is the server overloaded? Running 10043ms or 200 ticks behind
[12:20:35] [Server thread/INFO]: System chat: y has 219 [pt]
[12:20:35] [Server thread/INFO]: System chat: ws has 220 [pt]
[12:20:35] [Server thread/INFO]: [Not Secure] [Server] SCAN jungle_pyramid/spawn near minecraft:mossy_cobblestone
[12:20:35] [Server thread/INFO]: [Not Secure] [Server] SCAN jungle_pyramid/spawn elsewhere minecraft:mossy_cobblestone
[12:20:35] [Server thread/INFO]: [Not Secure] [Server] SCAN jungle_pyramid/spawn floor minecraft:mossy_cobblestone
[12:20:35] [Server thread/INFO]: System chat: Unmarked all force loaded chunks in minecraft:overworld
[12:20:35] [Server thread/INFO]: [Not Secure] [Server] LOCATE swamp_hut/spawn
[12:20:35] [Server thread/INFO]: System chat: The nearest minecraft:swamp_hut is at [3600, ~, 3440] (4979 blocks away)
[12:20:35] [Server thread/INFO]: Locating element minecraft:swamp_hut took 68 ms
[12:20:37] [Server thread/INFO]: System chat: Marked 25 chunks in minecraft:overworld from [223, 213] to [227, 217] to be force loaded
[12:20:38] [Server thread/INFO]: [Not Secure] [Server] LOADED loc
[12:20:38] [Server thread/INFO]: [Not Secure] [Server] PROBE =swamp_hut/spawn structure 3600 3440
[12:20:38] [Server thread/INFO]: System chat: Running function packtest:col
[12:20:38] [Server thread/INFO]: [Not Secure] [Server] TOP grass_block
[12:20:38] [Server thread/INFO]: [Not Secure] [Server] BIOME minecraft:swamp
[12:20:38] [Server thread/INFO]: System chat: y has 589 [pt]
[12:20:38] [Server thread/INFO]: System chat: ws has 589 [pt]
[12:20:38] [Server thread/INFO]: [Not Secure] [Server] SCAN swamp_hut/spawn near minecraft:spruce_planks
[12:20:39] [Server thread/INFO]: System chat: Successfully filled 84 block(s)
[12:20:39] [Server thread/INFO]: [Not Secure] [Server] SCAN swamp_hut/spawn elsewhere minecraft:spruce_planks
[12:20:40] [Server thread/INFO]: System chat: No blocks were filled
[12:20:40] [Server thread/INFO]: [Not Secure] [Server] SCAN swamp_hut/spawn floor minecraft:spruce_planks
[12:20:40] [Server thread/INFO]: System chat: No blocks were filled
[12:20:40] [Server thread/INFO]: System chat: Unmarked all force loaded chunks in minecraft:overworld
[12:20:40] [Server thread/INFO]: [Not Secure] [Server] LOCATE trail_ruins/spawn
[12:20:40] [Server thread/INFO]: System chat: The nearest minecraft:trail_ruins is at [-1568, ~, -2144] (2656 blocks away)
[12:20:40] [Server thread/INFO]: Locating element minecraft:trail_ruins took 19 ms
[12:20:42] [Server thread/INFO]: System chat: Marked 25 chunks in minecraft:overworld from [-100, -136] to [-96, -132] to be force loaded
[12:20:43] [Server thread/INFO]: [Not Secure] [Server] LOADED loc
[12:20:44] [Server thread/INFO]: [Not Secure] [Server] PROBE =trail_ruins/spawn structure -1568 -2144
[12:20:44] [Server thread/INFO]: System chat: Running function packtest:col
[12:20:44] [Server thread/INFO]: [Not Secure] [Server] TOP podzol
[12:20:44] [Server thread/INFO]: [Not Secure] [Server] BIOME minecraft:old_growth_spruce_taiga
[12:20:44] [Server thread/INFO]: System chat: y has 201 [pt]
[12:20:44] [Server thread/INFO]: System chat: ws has 207 [pt]
[12:20:44] [Server thread/INFO]: [Not Secure] [Server] SCAN trail_ruins/spawn near minecraft:suspicious_gravel
[12:20:44] [Server thread/INFO]: System chat: Successfully filled 104 block(s)
[12:20:44] [Server thread/INFO]: [Not Secure] [Server] SCAN trail_ruins/spawn elsewhere minecraft:suspicious_gravel
[12:20:45] [Server thread/INFO]: System chat: No blocks were filled
[12:20:45] [Server thread/INFO]: [Not Secure] [Server] SCAN trail_ruins/spawn floor minecraft:suspicious_gravel
[12:20:45] [Server thread/INFO]: System chat: No blocks were filled
[12:20:45] [Server thread/INFO]: System chat: Unmarked all force loaded chunks in minecraft:overworld
[12:20:45] [Server thread/INFO]: [Not Secure] [Server] LOCATE village_desert/spawn
[12:20:54] [Server thread/INFO]: System chat: Could not find a structure of type "minecraft:village_desert" nearby
[12:20:54] [Server thread/WARN]: Can't keep up! Is the server overloaded? Running 4687ms or 93 ticks behind
[12:20:55] [Server thread/INFO]: System chat: y has 201 [pt]
[12:20:55] [Server thread/INFO]: System chat: ws has 207 [pt]
[12:20:55] [Server thread/INFO]: [Not Secure] [Server] SCAN village_desert/spawn near #minecraft:beds
[12:20:55] [Server thread/INFO]: [Not Secure] [Server] SCAN village_desert/spawn elsewhere #minecraft:beds
[12:20:55] [Server thread/INFO]: [Not Secure] [Server] SCAN village_desert/spawn floor #minecraft:beds
[12:20:55] [Server thread/INFO]: System chat: Unmarked all force loaded chunks in minecraft:overworld
[12:20:55] [Server thread/INFO]: [Not Secure] [Server] LOCATE ruined_portal_mountain/spawn
[12:20:55] [Server thread/INFO]: System chat: The nearest minecraft:ruined_portal_mountain is at [-3088, ~, -3056] (4344 blocks away)
[12:20:55] [Server thread/INFO]: Locating element minecraft:ruined_portal_mountain took 318 ms
[12:20:56] [Server thread/INFO]: System chat: Marked 25 chunks in minecraft:overworld from [-195, -193] to [-191, -189] to be force loaded
[12:20:57] [Server thread/INFO]: [Not Secure] [Server] LOADED loc
[12:20:58] [Server thread/INFO]: [Not Secure] [Server] PROBE =ruined_portal_mountain/spawn structure -3088 -3056
[12:20:58] [Server thread/INFO]: System chat: Running function packtest:col
[12:20:58] [Server thread/INFO]: [Not Secure] [Server] TOP grass_block
[12:20:58] [Server thread/INFO]: [Not Secure] [Server] BIOME minecraft:cherry_grove
[12:20:58] [Server thread/INFO]: System chat: y has 245 [pt]
[12:20:58] [Server thread/INFO]: System chat: ws has 246 [pt]
[12:20:58] [Server thread/INFO]: [Not Secure] [Server] SCAN ruined_portal_mountain/spawn near minecraft:obsidian
[12:20:58] [Server thread/INFO]: System chat: Successfully filled 11 block(s)
[12:20:58] [Server thread/INFO]: [Not Secure] [Server] SCAN ruined_portal_mountain/spawn elsewhere minecraft:obsidian
[12:20:59] [Server thread/INFO]: System chat: No blocks were filled
[12:20:59] [Server thread/INFO]: [Not Secure] [Server] SCAN ruined_portal_mountain/spawn floor minecraft:obsidian
[12:20:59] [Server thread/INFO]: System chat: No blocks were filled
[12:20:59] [Server thread/INFO]: System chat: Unmarked all force loaded chunks in minecraft:overworld
[12:20:59] [Server thread/INFO]: [Not Secure] [Server] LOCATE ruined_portal_ocean/spawn
[12:20:59] [Server thread/INFO]: System chat: The nearest minecraft:ruined_portal_ocean is at [-1872, ~, 960] (2103 blocks away)
[12:20:59] [Server thread/INFO]: Locating element minecraft:ruined_portal_ocean took 102 ms
[12:21:02] [Server thread/INFO]: System chat: Marked 25 chunks in minecraft:overworld from [-119, 58] to [-115, 62] to be force loaded
[12:21:03] [Server thread/INFO]: [Not Secure] [Server] LOADED loc
[12:21:04] [Server thread/INFO]: [Not Secure] [Server] PROBE =ruined_portal_ocean/spawn structure -1872 960
[12:21:04] [Server thread/INFO]: System chat: Running function packtest:col
[12:21:04] [Server thread/INFO]: [Not Secure] [Server] TOP grass_block
[12:21:04] [Server thread/INFO]: [Not Secure] [Server] BIOME minecraft:lukewarm_ocean
[12:21:04] [Server thread/INFO]: System chat: y has 879 [pt]
[12:21:04] [Server thread/INFO]: System chat: ws has 879 [pt]
[12:21:04] [Server thread/INFO]: [Not Secure] [Server] SCAN ruined_portal_ocean/spawn near minecraft:obsidian
[12:21:04] [Server thread/INFO]: System chat: Successfully filled 14 block(s)
[12:21:04] [Server thread/INFO]: [Not Secure] [Server] SCAN ruined_portal_ocean/spawn elsewhere minecraft:obsidian
[12:21:05] [Server thread/INFO]: System chat: No blocks were filled
[12:21:05] [Server thread/INFO]: [Not Secure] [Server] SCAN ruined_portal_ocean/spawn floor minecraft:obsidian
[12:21:05] [Server thread/INFO]: System chat: No blocks were filled
[12:21:05] [Server thread/INFO]: System chat: Unmarked all force loaded chunks in minecraft:overworld
[12:21:05] [Server thread/INFO]: [Not Secure] [Server] LOCATE stronghold/spawn
[12:21:05] [Server thread/INFO]: System chat: Could not find a structure of type "minecraft:stronghold" nearby
[12:21:05] [Server thread/INFO]: [Not Secure] [Server] LOCATE mineshaft/spawn
[12:21:06] [Server thread/INFO]: System chat: Could not find a structure of type "minecraft:mineshaft" nearby
[12:21:06] [Server thread/INFO]: [Not Secure] [Server] LOCATE mineshaft_mesa/spawn
[12:21:06] [Server thread/INFO]: System chat: Could not find a structure of type "minecraft:mineshaft_mesa" nearby
[12:21:06] [Server thread/INFO]: [Not Secure] [Server] LOCATE monument/spawn
[12:21:06] [Server thread/INFO]: System chat: Could not find a structure of type "minecraft:monument" nearby
[12:21:06] [Server thread/INFO]: [Not Secure] [Server] LOCATE mansion/spawn
[12:21:06] [Server thread/INFO]: System chat: Could not find a structure of type "minecraft:mansion" nearby
[12:21:06] [Server thread/INFO]: [Not Secure] [Server] LOCATE ancient_city/spawn
[12:21:06] [Server thread/INFO]: System chat: Could not find a structure of type "minecraft:ancient_city" nearby
[12:21:10] [Server thread/INFO]: System chat: Marked 81 chunks in minecraft:overworld from [7, 90] to [15, 98] to be force loaded
[12:21:11] [Server thread/INFO]: [Not Secure] [Server] LOADED floor-under-old-stronghold
[12:21:12] [Server thread/INFO]: [Not Secure] [Server] SCAN floor-under-old-stronghold y-2032..-1872 minecraft:stone_bricks
[12:21:12] [Server thread/INFO]: System chat: No blocks were filled
[12:21:12] [Server thread/INFO]: [Not Secure] [Server] SCAN floor-under-old-stronghold y-2032..-1872 minecraft:iron_bars
[12:21:12] [Server thread/INFO]: System chat: No blocks were filled
[12:21:12] [Server thread/INFO]: System chat: Unmarked all force loaded chunks in minecraft:overworld
[12:21:15] [Server thread/INFO]: System chat: Marked 81 chunks in minecraft:overworld from [-7, -13] to [1, -5] to be force loaded
[12:21:15] [Server thread/WARN]: Can't keep up! Is the server overloaded? Running 3072ms or 61 ticks behind
[12:21:16] [Server thread/INFO]: [Not Secure] [Server] LOADED floor-under-old-mineshaft
[12:21:17] [Server thread/INFO]: [Not Secure] [Server] SCAN floor-under-old-mineshaft y-2032..-1872 minecraft:oak_planks
[12:21:17] [Server thread/INFO]: System chat: No blocks were filled
[12:21:17] [Server thread/INFO]: [Not Secure] [Server] SCAN floor-under-old-mineshaft y-2032..-1872 minecraft:rail
[12:21:18] [Server thread/INFO]: System chat: No blocks were filled
[12:21:18] [Server thread/INFO]: System chat: Unmarked all force loaded chunks in minecraft:overworld
[12:21:18] [Server thread/INFO]: System chat: Marked 36 chunks in minecraft:overworld from [49, -200] to [54, -195] to be force loaded
[12:21:18] [Server thread/INFO]: [Not Secure] [Server] SCAN M5-world-bottom-64 minecraft:packed_ice
[12:21:18] [Server thread/INFO]: System chat: No blocks were filled
[12:21:18] [Server thread/INFO]: System chat: No blocks were filled
[12:21:18] [Server thread/INFO]: [Not Secure] [Server] SCAN M5-world-bottom-64 minecraft:blue_ice
[12:21:18] [Server thread/INFO]: System chat: No blocks were filled
[12:21:18] [Server thread/INFO]: System chat: No blocks were filled
[12:21:18] [Server thread/INFO]: [Not Secure] [Server] SCAN M5-world-bottom-64 minecraft:snow_block
[12:21:18] [Server thread/INFO]: System chat: No blocks were filled
[12:21:18] [Server thread/INFO]: System chat: No blocks were filled
[12:21:18] [Server thread/INFO]: [Not Secure] [Server] SCAN M5-world-bottom-64 minecraft:ice
[12:21:18] [Server thread/INFO]: System chat: No blocks were filled
[12:21:18] [Server thread/INFO]: System chat: No blocks were filled
[12:21:18] [Server thread/INFO]: System chat: Unmarked all force loaded chunks in minecraft:overworld
[12:21:22] [Server thread/INFO]: System chat: Marked 64 chunks in minecraft:overworld from [-121, -197] to [-114, -190] to be force loaded
[12:21:22] [Server thread/INFO]: [Not Secure] [Server] SCAN e3-below-the-island-y50..116 minecraft:packed_ice
[12:21:22] [Server thread/INFO]: System chat: No blocks were filled
[12:21:22] [Server thread/INFO]: System chat: No blocks were filled
[12:21:22] [Server thread/INFO]: [Not Secure] [Server] SCAN e3-on-the-island minecraft:packed_ice
[12:21:22] [Server thread/INFO]: System chat: Successfully filled 6974 block(s)
[12:21:22] [Server thread/INFO]: System chat: Successfully filled 6974 block(s)
[12:21:22] [Server thread/INFO]: System chat: Unmarked all force loaded chunks in minecraft:overworld
[12:21:22] [Server thread/INFO]: [Not Secure] [Server] LOCATE biome minecraft:jagged_peaks
[12:21:23] [Server thread/INFO]: System chat: The nearest minecraft:jagged_peaks is at [3136, 761, -3136] (4490 blocks away)
[12:21:23] [Server thread/INFO]: Locating element minecraft:jagged_peaks took 1117 ms
[12:21:24] [Server thread/INFO]: [Not Secure] [Server] LOCATE biome minecraft:mushroom_fields
[12:21:26] [Server thread/INFO]: System chat: The nearest minecraft:mushroom_fields is at [-2720, 57, -1056] (2917 blocks away)
[12:21:26] [Server thread/INFO]: Locating element minecraft:mushroom_fields took 1576 ms
[12:21:26] [Server thread/INFO]: [Not Secure] [Server] LOCATE biome the_isles:void
[12:21:26] [Server thread/INFO]: System chat: The nearest the_isles:void is at [0, -1543, 0] (1600 blocks away)
[12:21:26] [Server thread/INFO]: Locating element the_isles:void took 0 ms
[12:21:26] [Server thread/INFO]: System chat: Unmarked all force loaded chunks in minecraft:overworld
[12:21:49] [Server thread/INFO]: [Not Secure] [Server] PREGEN land start 256
[12:21:55] [Server thread/INFO]: System chat: Marked 256 chunks in minecraft:overworld from [20, -8] to [35, 7] to be force loaded
[12:21:55] [Server thread/INFO]: System chat: Running function packtest:count_land
[12:21:55] [Server thread/INFO]: System chat: Running function packtest:count_land
[12:21:55] [Server thread/INFO]: System chat: Running function packtest:count_land
[12:21:55] [Server thread/INFO]: System chat: Running function packtest:count_land
[12:21:55] [Server thread/INFO]: System chat: Running function packtest:count_land
[12:21:55] [Server thread/INFO]: System chat: Running function packtest:count_land
[12:21:55] [Server thread/WARN]: Can't keep up! Is the server overloaded? Running 5550ms or 111 ticks behind
[12:21:55] [Server thread/INFO]: System chat: Running function packtest:count_land
[12:21:56] [Server thread/INFO]: System chat: Running function packtest:count_land
[12:21:56] [Server thread/INFO]: [Not Secure] [Server] PREGEN land done 256
[12:22:00] [Server thread/INFO]: System chat: The game is running, but can't keep up with the target tick rate
[12:22:00] [Server thread/INFO]: System chat: Target tick rate: 20.0 per second.
Average time per tick: 61.7ms (Target: 50.0ms)
[12:22:00] [Server thread/INFO]: System chat: Percentiles: P50: 2.9ms P95: 16.4ms P99: 5594.0ms. Sample: 100
[12:22:00] [Server thread/INFO]: [Not Secure] [Server] SECTION animals
[12:22:00] [Server thread/INFO]: [Not Secure] [Server] COUNT cow
[12:22:00] [Server thread/INFO]: System chat: Test passed. Count: 37
[12:22:00] [Server thread/INFO]: [Not Secure] [Server] COUNT sheep
[12:22:00] [Server thread/INFO]: System chat: Test passed. Count: 21
[12:22:00] [Server thread/INFO]: [Not Secure] [Server] COUNT pig
[12:22:00] [Server thread/INFO]: System chat: Test passed. Count: 37
[12:22:00] [Server thread/INFO]: [Not Secure] [Server] COUNT chicken
[12:22:00] [Server thread/INFO]: System chat: Test passed. Count: 30
[12:22:00] [Server thread/INFO]: [Not Secure] [Server] COUNT horse
[12:22:00] [Server thread/INFO]: System chat: Test passed. Count: 15
[12:22:00] [Server thread/INFO]: [Not Secure] [Server] COUNT rabbit
[12:22:00] [Server thread/INFO]: System chat: Test failed
[12:22:00] [Server thread/INFO]: [Not Secure] [Server] COUNT wolf
[12:22:00] [Server thread/INFO]: System chat: Test failed
[12:22:00] [Server thread/INFO]: [Not Secure] [Server] COUNT fox
[12:22:01] [Server thread/INFO]: System chat: Test failed
[12:22:01] [Server thread/INFO]: [Not Secure] [Server] COUNT llama
[12:22:01] [Server thread/INFO]: System chat: Test failed
[12:22:01] [Server thread/INFO]: [Not Secure] [Server] COUNT goat
[12:22:01] [Server thread/INFO]: System chat: Test failed
[12:22:01] [Server thread/INFO]: [Not Secure] [Server] COUNT frog
[12:22:01] [Server thread/INFO]: System chat: Test failed
[12:22:01] [Server thread/INFO]: [Not Secure] [Server] COUNT parrot
[12:22:01] [Server thread/INFO]: System chat: Test failed
[12:22:01] [Server thread/INFO]: [Not Secure] [Server] COUNT panda
[12:22:01] [Server thread/INFO]: System chat: Test failed
[12:22:01] [Server thread/INFO]: [Not Secure] [Server] COUNT camel
[12:22:01] [Server thread/INFO]: System chat: Test failed
[12:22:01] [Server thread/INFO]: [Not Secure] [Server] COUNT armadillo
[12:22:01] [Server thread/INFO]: System chat: Test failed
[12:22:01] [Server thread/INFO]: [Not Secure] [Server] COUNT polar_bear
[12:22:01] [Server thread/INFO]: System chat: Test failed
[12:22:01] [Server thread/INFO]: [Not Secure] [Server] COUNT donkey
[12:22:01] [Server thread/INFO]: System chat: Test failed
[12:22:02] [Server thread/INFO]: [Not Secure] [Server] COUNT mooshroom
[12:22:02] [Server thread/INFO]: System chat: Test failed
[12:22:02] [Server thread/INFO]: [Not Secure] [Server] COUNT turtle
[12:22:02] [Server thread/INFO]: System chat: Test failed
[12:22:02] [Server thread/INFO]: [Not Secure] [Server] COUNT ocelot
[12:22:02] [Server thread/INFO]: System chat: Test failed
[12:22:02] [Server thread/INFO]: [Not Secure] [Server] COUNT cat
[12:22:02] [Server thread/INFO]: System chat: Test failed
[12:22:02] [Server thread/INFO]: System chat: Unmarked all force loaded chunks in minecraft:overworld
[12:22:02] [Server thread/INFO]: System chat: Unmarked all force loaded chunks in minecraft:overworld
[12:22:25] [Server thread/INFO]: [Not Secure] [Server] PREGEN void start 256
[12:22:29] [Server thread/INFO]: System chat: Marked 256 chunks in minecraft:overworld from [-233, -158] to [-218, -143] to be force loaded
[12:22:29] [Server thread/INFO]: System chat: Running function packtest:count_void
[12:22:29] [Server thread/INFO]: System chat: Running function packtest:count_void
[12:22:29] [Server thread/INFO]: System chat: Running function packtest:count_void
[12:22:29] [Server thread/INFO]: System chat: Running function packtest:count_void
[12:22:29] [Server thread/INFO]: System chat: Running function packtest:count_void
[12:22:29] [Server thread/WARN]: Can't keep up! Is the server overloaded? Running 4655ms or 93 ticks behind
[12:22:30] [Server thread/INFO]: System chat: Running function packtest:count_void
[12:22:31] [Server thread/INFO]: System chat: Running function packtest:count_void
[12:22:31] [Server thread/INFO]: [Not Secure] [Server] PREGEN void done 256
[12:22:34] [Server thread/INFO]: System chat: The game is running normally
[12:22:34] [Server thread/INFO]: System chat: Target tick rate: 20.0 per second.
Average time per tick: 48.5ms (Target: 50.0ms)
[12:22:34] [Server thread/INFO]: System chat: Percentiles: P50: 0.7ms P95: 4.8ms P99: 4695.6ms. Sample: 100
[12:22:34] [Server thread/INFO]: System chat: Unmarked all force loaded chunks in minecraft:overworld
[12:22:34] [Server thread/INFO]: System chat: Unmarked all force loaded chunks in minecraft:overworld
[12:22:57] [Server thread/INFO]: [Not Secure] [Server] PREGEN tiers start 64
[12:22:59] [Server thread/INFO]: System chat: Marked 64 chunks in minecraft:overworld from [207, -216] to [214, -209] to be force loaded
[12:22:59] [Server thread/INFO]: System chat: Running function packtest:count_tiers
[12:22:59] [Server thread/INFO]: System chat: Running function packtest:count_tiers
[12:22:59] [Server thread/INFO]: System chat: Running function packtest:count_tiers
[12:23:00] [Server thread/INFO]: System chat: Running function packtest:count_tiers
[12:23:00] [Server thread/INFO]: [Not Secure] [Server] PREGEN tiers done 64
[12:23:03] [Server thread/INFO]: System chat: The game is running normally
[12:23:03] [Server thread/INFO]: System chat: Target tick rate: 20.0 per second.
Average time per tick: 0.8ms (Target: 50.0ms)
[12:23:03] [Server thread/INFO]: System chat: Percentiles: P50: 0.5ms P95: 2.9ms P99: 5.5ms. Sample: 100
[12:23:03] [Server thread/INFO]: System chat: Unmarked all force loaded chunks in minecraft:overworld
[12:23:04] [Server thread/INFO]: [Not Secure] [Server] SECTION anomalies
[12:23:04] [Server thread/INFO]: System chat: Marked 9 chunks in minecraft:overworld from [-80, 209] to [-78, 211] to be force loaded
[12:23:04] [Server thread/INFO]: [Not Secure] [Server] BODY I1-sand-column
[12:23:04] [Server thread/INFO]: System chat: Running function packtest:at
[12:23:04] [Server thread/INFO]: [Not Secure] [Server] AT air
[12:23:04] [Server thread/INFO]: System chat: Running function packtest:at
[12:23:04] [Server thread/INFO]: [Not Secure] [Server] AT air
[12:23:04] [Server thread/INFO]: System chat: Running function packtest:at
[12:23:04] [Server thread/INFO]: [Not Secure] [Server] AT air
[12:23:04] [Server thread/INFO]: System chat: Running function packtest:at
[12:23:04] [Server thread/INFO]: [Not Secure] [Server] AT air
[12:23:04] [Server thread/INFO]: System chat: Running function packtest:at
[12:23:04] [Server thread/INFO]: [Not Secure] [Server] AT air
[12:23:04] [Server thread/INFO]: System chat: Running function packtest:at
[12:23:04] [Server thread/INFO]: [Not Secure] [Server] AT air
[12:23:04] [Server thread/INFO]: System chat: Running function packtest:at
[12:23:04] [Server thread/INFO]: [Not Secure] [Server] AT air
[12:23:04] [Server thread/INFO]: System chat: Running function packtest:at
[12:23:04] [Server thread/INFO]: [Not Secure] [Server] AT sandstone
[12:23:04] [Server thread/INFO]: System chat: Running function packtest:at
[12:23:04] [Server thread/INFO]: [Not Secure] [Server] AT stone
[12:23:04] [Server thread/INFO]: [Not Secure] [Server] SCAN I1-above-the-basin minecraft:sand
[12:23:05] [Server thread/INFO]: System chat: No blocks were filled
[12:23:05] [Server thread/INFO]: System chat: No blocks were filled
[12:23:05] [Server thread/INFO]: [Not Secure] [Server] SCAN I1-above-the-basin minecraft:sandstone
[12:23:05] [Server thread/INFO]: System chat: No blocks were filled
[12:23:05] [Server thread/INFO]: System chat: No blocks were filled
[12:23:05] [Server thread/INFO]: [Not Secure] [Server] SCAN I1-above-the-basin minecraft:water
[12:23:05] [Server thread/INFO]: System chat: No blocks were filled
[12:23:06] [Server thread/INFO]: System chat: No blocks were filled
[12:23:06] [Server thread/INFO]: [Not Secure] [Server] SCAN I1-above-the-basin minecraft:stone
[12:23:06] [Server thread/INFO]: System chat: No blocks were filled
[12:23:06] [Server thread/INFO]: System chat: No blocks were filled
[12:23:06] [Server thread/INFO]: [Not Secure] [Server] SCAN I1-above-the-basin minecraft:gravel
[12:23:06] [Server thread/INFO]: System chat: No blocks were filled
[12:23:06] [Server thread/INFO]: System chat: No blocks were filled
[12:23:06] [Server thread/INFO]: [Not Secure] [Server] SCAN I1-above-the-basin minecraft:suspicious_sand
[12:23:06] [Server thread/INFO]: System chat: No blocks were filled
[12:23:06] [Server thread/INFO]: System chat: No blocks were filled
[12:23:06] [Server thread/INFO]: [Not Secure] [Server] SCAN I1-above-the-basin minecraft:chest
[12:23:06] [Server thread/INFO]: System chat: No blocks were filled
[12:23:06] [Server thread/INFO]: System chat: No blocks were filled
[12:23:06] [Server thread/INFO]: [Not Secure] [Server] SCAN I1-above-the-basin minecraft:oak_planks
[12:23:06] [Server thread/INFO]: System chat: No blocks were filled
[12:23:06] [Server thread/INFO]: System chat: No blocks were filled
[12:23:06] [Server thread/INFO]: [Not Secure] [Server] SCAN I1-above-the-basin minecraft:spruce_planks
[12:23:06] [Server thread/INFO]: System chat: No blocks were filled
[12:23:07] [Server thread/INFO]: System chat: No blocks were filled
[12:23:07] [Server thread/INFO]: [Not Secure] [Server] SCAN I1-above-the-basin minecraft:dark_oak_planks
[12:23:07] [Server thread/INFO]: System chat: No blocks were filled
[12:23:07] [Server thread/INFO]: System chat: No blocks were filled
[12:23:07] [Server thread/INFO]: [Not Secure] [Server] SCAN I1-above-the-basin minecraft:prismarine
[12:23:07] [Server thread/INFO]: System chat: No blocks were filled
[12:23:07] [Server thread/INFO]: System chat: No blocks were filled
[12:23:07] [Server thread/INFO]: [Not Secure] [Server] SCAN I1-above-the-basin minecraft:cut_sandstone
[12:23:07] [Server thread/INFO]: System chat: No blocks were filled
[12:23:07] [Server thread/INFO]: System chat: No blocks were filled
[12:23:07] [Server thread/INFO]: System chat: Unmarked all force loaded chunks in minecraft:overworld
[12:23:07] [Server thread/INFO]: [Not Secure] [Server] SECTION dims
[12:23:19] [Server thread/INFO]: System chat: Marked 9 chunks in minecraft:the_nether from [-1, -1] to [1, 1] to be force loaded
[12:23:19] [Server thread/WARN]: Can't keep up! Is the server overloaded? Running 14877ms or 297 ticks behind
[12:23:27] [Server thread/INFO]: [Not Secure] [Server] LOADED the_nether
[12:23:27] [Server thread/INFO]: [Not Secure] [Server] DIMCOUNT the_nether netherrack
[12:23:28] [Server thread/INFO]: System chat: Successfully filled 227580 block(s)
[12:23:29] [Server thread/INFO]: System chat: Successfully filled 227580 block(s)
[12:23:29] [Server thread/INFO]: [Not Secure] [Server] DIMCOUNT the_nether bedrock
[12:23:29] [Server thread/INFO]: System chat: No blocks were filled
[12:23:29] [Server thread/INFO]: System chat: No blocks were filled
[12:23:29] [Server thread/INFO]: [Not Secure] [Server] DIMCOUNT the_nether lava
[12:23:29] [Server thread/INFO]: System chat: Successfully filled 47 block(s)
[12:23:29] [Server thread/INFO]: System chat: Successfully filled 47 block(s)
[12:23:29] [Server thread/INFO]: System chat: Unmarked 9 chunks in minecraft:the_nether from [-1, -1] to [1, 1] for force loading
[12:23:29] [Server thread/INFO]: System chat: Marked 9 chunks in minecraft:the_end from [-1, -1] to [1, 1] to be force loaded
[12:23:31] [Server thread/INFO]: [Not Secure] [Server] LOADED the_end
[12:23:32] [Server thread/INFO]: [Not Secure] [Server] DIMCOUNT the_end end_stone
[12:23:32] [Server thread/INFO]: System chat: Successfully filled 121218 block(s)
[12:23:32] [Server thread/INFO]: System chat: Successfully filled 121218 block(s)
[12:23:32] [Server thread/INFO]: [Not Secure] [Server] DIMCOUNT the_end obsidian
[12:23:32] [Server thread/INFO]: System chat: Successfully filled 246 block(s)
[12:23:33] [Server thread/INFO]: System chat: Successfully filled 246 block(s)
[12:23:33] [Server thread/INFO]: [Not Secure] [Server] DIMCOUNT the_end bedrock
[12:23:33] [Server thread/INFO]: System chat: No blocks were filled
[12:23:33] [Server thread/INFO]: System chat: No blocks were filled
[12:23:33] [Server thread/INFO]: System chat: Unmarked 9 chunks in minecraft:the_end from [-1, -1] to [1, 1] for force loading
[12:23:33] [Server thread/INFO]: [Not Secure] [Server] COUNT ender_dragon
[12:23:33] [Server thread/INFO]: System chat: Marked chunk [0, 0] in minecraft:the_end to be force loaded
[12:23:37] [Server thread/INFO]: System chat: Test failed
[12:23:37] [Server thread/INFO]: System chat: Unmarked chunk [0, 0] in minecraft:the_end for force loading
[12:23:38] [Server thread/INFO]: System chat: The game is running normally
[12:23:38] [Server thread/INFO]: System chat: Target tick rate: 20.0 per second.
Average time per tick: 0.1ms (Target: 50.0ms)
[12:23:38] [Server thread/INFO]: System chat: Percentiles: P50: 0.1ms P95: 0.1ms P99: 1.6ms. Sample: 100
[12:23:38] [Server thread/INFO]: [Not Secure] [Server] SECTION churn
[12:23:38] [Server thread/INFO]: System chat: Marked 5 chunks in minecraft:overworld from [-125, 125] to [-121, 125] to be force loaded
[12:23:38] [Server thread/INFO]: System chat: Marked chunk [-113, 125] in minecraft:overworld to be force loaded
[12:23:42] [Server thread/INFO]: System chat: Unmarked 5 chunks in minecraft:overworld from [-125, 125] to [-121, 125] for force loading
[12:23:42] [Server thread/INFO]: System chat: Unmarked chunk [-113, 125] in minecraft:overworld for force loading
[12:23:42] [Server thread/INFO]: System chat: Marked 5 chunks in minecraft:overworld from [-128, 125] to [-124, 125] to be force loaded
[12:23:42] [Server thread/INFO]: System chat: Marked chunk [-115, 125] in minecraft:overworld to be force loaded
[12:23:46] [Server thread/INFO]: System chat: Unmarked 5 chunks in minecraft:overworld from [-128, 125] to [-124, 125] for force loading
[12:23:46] [Server thread/INFO]: System chat: Unmarked chunk [-115, 125] in minecraft:overworld for force loading
[12:23:46] [Server thread/INFO]: System chat: Marked 5 chunks in minecraft:overworld from [-130, 125] to [-126, 125] to be force loaded
[12:23:46] [Server thread/INFO]: System chat: Marked chunk [-118, 125] in minecraft:overworld to be force loaded
[12:23:50] [Server thread/INFO]: System chat: Unmarked 5 chunks in minecraft:overworld from [-130, 125] to [-126, 125] for force loading
[12:23:50] [Server thread/INFO]: System chat: Unmarked chunk [-118, 125] in minecraft:overworld for force loading
[12:23:50] [Server thread/INFO]: System chat: Marked 5 chunks in minecraft:overworld from [-133, 125] to [-129, 125] to be force loaded
[12:23:50] [Server thread/INFO]: System chat: Marked chunk [-120, 125] in minecraft:overworld to be force loaded
[12:23:54] [Server thread/INFO]: System chat: Unmarked 5 chunks in minecraft:overworld from [-133, 125] to [-129, 125] for force loading
[12:23:54] [Server thread/INFO]: System chat: Unmarked chunk [-120, 125] in minecraft:overworld for force loading
[12:23:55] [Server thread/INFO]: System chat: Marked 5 chunks in minecraft:overworld from [-135, 125] to [-131, 125] to be force loaded
[12:23:55] [Server thread/INFO]: System chat: Marked chunk [-123, 125] in minecraft:overworld to be force loaded
[12:23:59] [Server thread/INFO]: System chat: Unmarked 5 chunks in minecraft:overworld from [-135, 125] to [-131, 125] for force loading
[12:23:59] [Server thread/INFO]: System chat: Unmarked chunk [-123, 125] in minecraft:overworld for force loading
[12:23:59] [Server thread/INFO]: System chat: Marked 5 chunks in minecraft:overworld from [-138, 125] to [-134, 125] to be force loaded
[12:23:59] [Server thread/INFO]: System chat: Marked chunk [-125, 125] in minecraft:overworld to be force loaded
[12:24:03] [Server thread/INFO]: System chat: Unmarked 5 chunks in minecraft:overworld from [-138, 125] to [-134, 125] for force loading
[12:24:03] [Server thread/INFO]: System chat: Unmarked chunk [-125, 125] in minecraft:overworld for force loading
[12:24:08] [Server thread/INFO]: System chat: Marked chunk [125, 125] in minecraft:overworld to be force loaded
[12:24:09] [Server thread/INFO]: [Not Secure] [Server] CHURN chunks-still-load
[12:24:10] [Server thread/INFO]: System chat: Unmarked all force loaded chunks in minecraft:overworld
[12:24:10] [Server thread/INFO]: [Not Secure] [Server] SECTION end vanilla
[12:24:10] [Server thread/INFO]: [Not Secure] [Server] SECTION ores
[12:24:10] [Server thread/INFO]: System chat: Marked 16 chunks in minecraft:overworld from [0, 0] to [3, 3] to be force loaded
[12:24:12] [Server thread/INFO]: [Not Secure] [Server] LOADED scan-S1
[12:24:13] [Server thread/INFO]: [Not Secure] [Server] SCANBOX S1 plains y -556..74
[12:24:13] [Server thread/INFO]: [Not Secure] [Server] SCAN S1 minecraft:stone
[12:24:17] [Server thread/INFO]: System chat: Successfully filled 1637895 block(s)
[12:24:21] [Server thread/INFO]: System chat: Successfully filled 1657986 block(s)
[12:24:21] [Server thread/INFO]: [Not Secure] [Server] SCAN S1 minecraft:deepslate
[12:24:21] [Server thread/INFO]: System chat: No blocks were filled
[12:24:21] [Server thread/INFO]: System chat: No blocks were filled
[12:24:21] [Server thread/INFO]: [Not Secure] [Server] SCAN S1 minecraft:dirt
[12:24:21] [Server thread/INFO]: System chat: Successfully filled 16240 block(s)
[12:24:21] [Server thread/INFO]: System chat: Successfully filled 16240 block(s)
[12:24:21] [Server thread/INFO]: [Not Secure] [Server] SCAN S1 minecraft:gravel
[12:24:21] [Server thread/INFO]: System chat: Successfully filled 7684 block(s)
[12:24:21] [Server thread/INFO]: System chat: Successfully filled 7684 block(s)
[12:24:21] [Server thread/INFO]: [Not Secure] [Server] SCAN S1 minecraft:granite
[12:24:22] [Server thread/INFO]: System chat: Successfully filled 13487 block(s)
[12:24:22] [Server thread/INFO]: System chat: Successfully filled 13487 block(s)
[12:24:22] [Server thread/INFO]: [Not Secure] [Server] SCAN S1 minecraft:diorite
[12:24:22] [Server thread/INFO]: System chat: Successfully filled 13344 block(s)
[12:24:22] [Server thread/INFO]: System chat: Successfully filled 13344 block(s)
[12:24:22] [Server thread/INFO]: [Not Secure] [Server] SCAN S1 minecraft:andesite
[12:24:22] [Server thread/INFO]: System chat: Successfully filled 13004 block(s)
[12:24:22] [Server thread/INFO]: System chat: Successfully filled 13004 block(s)
[12:24:22] [Server thread/INFO]: [Not Secure] [Server] SCAN S1 minecraft:tuff
[12:24:22] [Server thread/INFO]: System chat: Successfully filled 19424 block(s)
[12:24:23] [Server thread/INFO]: System chat: Successfully filled 19424 block(s)
[12:24:23] [Server thread/INFO]: [Not Secure] [Server] SCAN S1 minecraft:coal_ore
[12:24:23] [Server thread/INFO]: System chat: Successfully filled 1112 block(s)
[12:24:23] [Server thread/INFO]: System chat: Successfully filled 1112 block(s)
[12:24:23] [Server thread/INFO]: [Not Secure] [Server] SCAN S1 minecraft:iron_ore
[12:24:23] [Server thread/INFO]: System chat: Successfully filled 1144 block(s)
[12:24:23] [Server thread/INFO]: System chat: Successfully filled 1144 block(s)
[12:24:23] [Server thread/INFO]: [Not Secure] [Server] SCAN S1 minecraft:copper_ore
[12:24:23] [Server thread/INFO]: System chat: Successfully filled 1207 block(s)
[12:24:23] [Server thread/INFO]: System chat: Successfully filled 1207 block(s)
[12:24:23] [Server thread/INFO]: [Not Secure] [Server] SCAN S1 minecraft:gold_ore
[12:24:23] [Server thread/INFO]: System chat: Successfully filled 430 block(s)
[12:24:23] [Server thread/INFO]: System chat: Successfully filled 430 block(s)
[12:24:23] [Server thread/INFO]: [Not Secure] [Server] SCAN S1 minecraft:redstone_ore
[12:24:23] [Server thread/INFO]: System chat: Successfully filled 668 block(s)
[12:24:24] [Server thread/INFO]: System chat: Successfully filled 668 block(s)
[12:24:24] [Server thread/INFO]: [Not Secure] [Server] SCAN S1 minecraft:lapis_ore
[12:24:24] [Server thread/INFO]: System chat: Successfully filled 427 block(s)
[12:24:24] [Server thread/INFO]: System chat: Successfully filled 427 block(s)
[12:24:24] [Server thread/INFO]: [Not Secure] [Server] SCAN S1 minecraft:diamond_ore
[12:24:24] [Server thread/INFO]: System chat: Successfully filled 430 block(s)
[12:24:24] [Server thread/INFO]: System chat: Successfully filled 430 block(s)
[12:24:24] [Server thread/INFO]: [Not Secure] [Server] SCAN S1 minecraft:emerald_ore
[12:24:24] [Server thread/INFO]: System chat: No blocks were filled
[12:24:24] [Server thread/INFO]: System chat: No blocks were filled
[12:24:24] [Server thread/INFO]: [Not Secure] [Server] SCAN S1 minecraft:deepslate_iron_ore
[12:24:24] [Server thread/INFO]: System chat: Successfully filled 8 block(s)
[12:24:25] [Server thread/INFO]: System chat: Successfully filled 8 block(s)
[12:24:25] [Server thread/INFO]: [Not Secure] [Server] SCAN S1 minecraft:deepslate_diamond_ore
[12:24:25] [Server thread/INFO]: System chat: Successfully filled 37 block(s)
[12:24:25] [Server thread/INFO]: System chat: Successfully filled 37 block(s)
[12:24:25] [Server thread/INFO]: [Not Secure] [Server] SCAN S1 minecraft:deepslate_redstone_ore
[12:24:25] [Server thread/INFO]: System chat: Successfully filled 56 block(s)
[12:24:25] [Server thread/INFO]: System chat: Successfully filled 56 block(s)
[12:24:25] [Server thread/INFO]: [Not Secure] [Server] SCAN S1 minecraft:water
[12:24:25] [Server thread/INFO]: System chat: Successfully filled 5 block(s)
[12:24:25] [Server thread/INFO]: System chat: Successfully filled 5 block(s)
[12:24:25] [Server thread/INFO]: [Not Secure] [Server] SCAN S1 minecraft:lava
[12:24:25] [Server thread/INFO]: System chat: No blocks were filled
[12:24:25] [Server thread/INFO]: System chat: No blocks were filled
[12:24:25] [Server thread/INFO]: System chat: Unmarked all force loaded chunks in minecraft:overworld
[12:24:26] [Server thread/INFO]: System chat: Marked 16 chunks in minecraft:overworld from [71, 124] to [74, 127] to be force loaded
[12:24:26] [Server thread/WARN]: Can't keep up! Is the server overloaded? Running 13024ms or 260 ticks behind
[12:24:27] [Server thread/INFO]: [Not Secure] [Server] LOADED scan-B1
[12:24:28] [Server thread/INFO]: [Not Secure] [Server] SCANBOX B1 savanna y 22..254
[12:24:28] [Server thread/INFO]: [Not Secure] [Server] SCAN B1 minecraft:stone
[12:24:29] [Server thread/INFO]: System chat: Successfully filled 437831 block(s)
[12:24:30] [Server thread/INFO]: System chat: Successfully filled 437831 block(s)
[12:24:30] [Server thread/INFO]: [Not Secure] [Server] SCAN B1 minecraft:deepslate
[12:24:30] [Server thread/INFO]: System chat: No blocks were filled
[12:24:30] [Server thread/INFO]: System chat: No blocks were filled
[12:24:30] [Server thread/INFO]: [Not Secure] [Server] SCAN B1 minecraft:dirt
[12:24:30] [Server thread/INFO]: System chat: Successfully filled 15536 block(s)
[12:24:31] [Server thread/INFO]: System chat: Successfully filled 15536 block(s)
[12:24:31] [Server thread/INFO]: [Not Secure] [Server] SCAN B1 minecraft:gravel
[12:24:31] [Server thread/INFO]: System chat: Successfully filled 8794 block(s)
[12:24:31] [Server thread/INFO]: System chat: Successfully filled 8794 block(s)
[12:24:31] [Server thread/INFO]: [Not Secure] [Server] SCAN B1 minecraft:granite
[12:24:31] [Server thread/INFO]: System chat: Successfully filled 19885 block(s)
[12:24:31] [Server thread/INFO]: System chat: Successfully filled 19885 block(s)
[12:24:31] [Server thread/INFO]: [Not Secure] [Server] SCAN B1 minecraft:diorite
[12:24:31] [Server thread/INFO]: System chat: Successfully filled 19087 block(s)
[12:24:31] [Server thread/INFO]: System chat: Successfully filled 19087 block(s)
[12:24:31] [Server thread/INFO]: [Not Secure] [Server] SCAN B1 minecraft:andesite
[12:24:31] [Server thread/INFO]: System chat: Successfully filled 20566 block(s)
[12:24:31] [Server thread/INFO]: System chat: Successfully filled 20566 block(s)
[12:24:31] [Server thread/INFO]: [Not Secure] [Server] SCAN B1 minecraft:tuff
[12:24:31] [Server thread/INFO]: System chat: Successfully filled 18520 block(s)
[12:24:31] [Server thread/INFO]: System chat: Successfully filled 18520 block(s)
[12:24:31] [Server thread/INFO]: [Not Secure] [Server] SCAN B1 minecraft:coal_ore
[12:24:31] [Server thread/INFO]: System chat: Successfully filled 2256 block(s)
[12:24:31] [Server thread/INFO]: System chat: Successfully filled 2256 block(s)
[12:24:31] [Server thread/INFO]: [Not Secure] [Server] SCAN B1 minecraft:iron_ore
[12:24:31] [Server thread/INFO]: System chat: Successfully filled 5655 block(s)
[12:24:32] [Server thread/INFO]: System chat: Successfully filled 5655 block(s)
[12:24:32] [Server thread/INFO]: [Not Secure] [Server] SCAN B1 minecraft:copper_ore
[12:24:32] [Server thread/INFO]: System chat: Successfully filled 1479 block(s)
[12:24:32] [Server thread/INFO]: System chat: Successfully filled 1479 block(s)
[12:24:32] [Server thread/INFO]: [Not Secure] [Server] SCAN B1 minecraft:gold_ore
[12:24:32] [Server thread/INFO]: System chat: Successfully filled 473 block(s)
[12:24:32] [Server thread/INFO]: System chat: Successfully filled 473 block(s)
[12:24:32] [Server thread/INFO]: [Not Secure] [Server] SCAN B1 minecraft:redstone_ore
[12:24:32] [Server thread/INFO]: System chat: Successfully filled 669 block(s)
[12:24:32] [Server thread/INFO]: System chat: Successfully filled 669 block(s)
[12:24:32] [Server thread/INFO]: [Not Secure] [Server] SCAN B1 minecraft:lapis_ore
[12:24:32] [Server thread/INFO]: System chat: Successfully filled 455 block(s)
[12:24:32] [Server thread/INFO]: System chat: Successfully filled 455 block(s)
[12:24:32] [Server thread/INFO]: [Not Secure] [Server] SCAN B1 minecraft:diamond_ore
[12:24:32] [Server thread/INFO]: System chat: Successfully filled 446 block(s)
[12:24:32] [Server thread/INFO]: System chat: Successfully filled 446 block(s)
[12:24:32] [Server thread/INFO]: [Not Secure] [Server] SCAN B1 minecraft:emerald_ore
[12:24:32] [Server thread/INFO]: System chat: No blocks were filled
[12:24:32] [Server thread/INFO]: System chat: No blocks were filled
[12:24:32] [Server thread/INFO]: [Not Secure] [Server] SCAN B1 minecraft:deepslate_iron_ore
[12:24:32] [Server thread/INFO]: System chat: No blocks were filled
[12:24:32] [Server thread/INFO]: System chat: No blocks were filled
[12:24:32] [Server thread/INFO]: [Not Secure] [Server] SCAN B1 minecraft:deepslate_diamond_ore
[12:24:32] [Server thread/INFO]: System chat: No blocks were filled
[12:24:32] [Server thread/INFO]: System chat: No blocks were filled
[12:24:32] [Server thread/INFO]: [Not Secure] [Server] SCAN B1 minecraft:deepslate_redstone_ore
[12:24:32] [Server thread/INFO]: System chat: No blocks were filled
[12:24:32] [Server thread/INFO]: System chat: No blocks were filled
[12:24:32] [Server thread/INFO]: [Not Secure] [Server] SCAN B1 minecraft:water
[12:24:32] [Server thread/INFO]: System chat: No blocks were filled
[12:24:32] [Server thread/INFO]: System chat: No blocks were filled
[12:24:32] [Server thread/INFO]: [Not Secure] [Server] SCAN B1 minecraft:lava
[12:24:32] [Server thread/INFO]: System chat: No blocks were filled
[12:24:32] [Server thread/INFO]: System chat: No blocks were filled
[12:24:32] [Server thread/INFO]: System chat: Unmarked all force loaded chunks in minecraft:overworld
[12:24:35] [Server thread/INFO]: System chat: Marked 16 chunks in minecraft:overworld from [137, -94] to [140, -91] to be force loaded
[12:24:37] [Server thread/INFO]: [Not Secure] [Server] LOADED scan-a1
[12:24:38] [Server thread/INFO]: [Not Secure] [Server] SCANBOX a1 taiga y 577..910
[12:24:38] [Server thread/INFO]: [Not Secure] [Server] SCAN a1 minecraft:stone
[12:24:40] [Server thread/INFO]: System chat: Successfully filled 724870 block(s)
[12:24:41] [Server thread/INFO]: System chat: Successfully filled 724870 block(s)
[12:24:41] [Server thread/INFO]: [Not Secure] [Server] SCAN a1 minecraft:deepslate
[12:24:41] [Server thread/INFO]: System chat: No blocks were filled
[12:24:41] [Server thread/INFO]: System chat: No blocks were filled
[12:24:41] [Server thread/INFO]: [Not Secure] [Server] SCAN a1 minecraft:dirt
[12:24:42] [Server thread/INFO]: System chat: Successfully filled 13911 block(s)
[12:24:42] [Server thread/INFO]: System chat: Successfully filled 13911 block(s)
[12:24:42] [Server thread/INFO]: [Not Secure] [Server] SCAN a1 minecraft:gravel
[12:24:42] [Server thread/INFO]: System chat: Successfully filled 7990 block(s)
[12:24:42] [Server thread/INFO]: System chat: Successfully filled 7990 block(s)
[12:24:42] [Server thread/INFO]: [Not Secure] [Server] SCAN a1 minecraft:granite
[12:24:42] [Server thread/INFO]: System chat: Successfully filled 14393 block(s)
[12:24:42] [Server thread/INFO]: System chat: Successfully filled 14393 block(s)
[12:24:42] [Server thread/INFO]: [Not Secure] [Server] SCAN a1 minecraft:diorite
[12:24:42] [Server thread/INFO]: System chat: Successfully filled 16579 block(s)
[12:24:42] [Server thread/INFO]: System chat: Successfully filled 16579 block(s)
[12:24:42] [Server thread/INFO]: [Not Secure] [Server] SCAN a1 minecraft:andesite
[12:24:42] [Server thread/INFO]: System chat: Successfully filled 16309 block(s)
[12:24:42] [Server thread/INFO]: System chat: Successfully filled 16309 block(s)
[12:24:42] [Server thread/INFO]: [Not Secure] [Server] SCAN a1 minecraft:tuff
[12:24:42] [Server thread/INFO]: System chat: Successfully filled 19744 block(s)
[12:24:43] [Server thread/INFO]: System chat: Successfully filled 19744 block(s)
[12:24:43] [Server thread/INFO]: [Not Secure] [Server] SCAN a1 minecraft:coal_ore
[12:24:43] [Server thread/INFO]: System chat: Successfully filled 2549 block(s)
[12:24:43] [Server thread/INFO]: System chat: Successfully filled 2549 block(s)
[12:24:43] [Server thread/INFO]: [Not Secure] [Server] SCAN a1 minecraft:iron_ore
[12:24:43] [Server thread/INFO]: System chat: Successfully filled 1262 block(s)
[12:24:43] [Server thread/INFO]: System chat: Successfully filled 1262 block(s)
[12:24:43] [Server thread/INFO]: [Not Secure] [Server] SCAN a1 minecraft:copper_ore
[12:24:43] [Server thread/INFO]: System chat: Successfully filled 1314 block(s)
[12:24:43] [Server thread/INFO]: System chat: Successfully filled 1314 block(s)
[12:24:43] [Server thread/INFO]: [Not Secure] [Server] SCAN a1 minecraft:gold_ore
[12:24:43] [Server thread/INFO]: System chat: Successfully filled 468 block(s)
[12:24:43] [Server thread/INFO]: System chat: Successfully filled 468 block(s)
[12:24:43] [Server thread/INFO]: [Not Secure] [Server] SCAN a1 minecraft:redstone_ore
[12:24:43] [Server thread/INFO]: System chat: Successfully filled 674 block(s)
[12:24:43] [Server thread/INFO]: System chat: Successfully filled 674 block(s)
[12:24:43] [Server thread/INFO]: [Not Secure] [Server] SCAN a1 minecraft:lapis_ore
[12:24:43] [Server thread/INFO]: System chat: Successfully filled 465 block(s)
[12:24:43] [Server thread/INFO]: System chat: Successfully filled 465 block(s)
[12:24:43] [Server thread/INFO]: [Not Secure] [Server] SCAN a1 minecraft:diamond_ore
[12:24:43] [Server thread/INFO]: System chat: Successfully filled 494 block(s)
[12:24:44] [Server thread/INFO]: System chat: Successfully filled 494 block(s)
[12:24:44] [Server thread/INFO]: [Not Secure] [Server] SCAN a1 minecraft:emerald_ore
[12:24:44] [Server thread/INFO]: System chat: No blocks were filled
[12:24:44] [Server thread/INFO]: System chat: No blocks were filled
[12:24:44] [Server thread/INFO]: [Not Secure] [Server] SCAN a1 minecraft:deepslate_iron_ore
[12:24:44] [Server thread/INFO]: System chat: No blocks were filled
[12:24:44] [Server thread/INFO]: System chat: No blocks were filled
[12:24:44] [Server thread/INFO]: [Not Secure] [Server] SCAN a1 minecraft:deepslate_diamond_ore
[12:24:44] [Server thread/INFO]: System chat: No blocks were filled
[12:24:44] [Server thread/INFO]: System chat: No blocks were filled
[12:24:44] [Server thread/INFO]: [Not Secure] [Server] SCAN a1 minecraft:deepslate_redstone_ore
[12:24:44] [Server thread/INFO]: System chat: No blocks were filled
[12:24:44] [Server thread/INFO]: System chat: No blocks were filled
[12:24:44] [Server thread/INFO]: [Not Secure] [Server] SCAN a1 minecraft:water
[12:24:44] [Server thread/INFO]: System chat: No blocks were filled
[12:24:44] [Server thread/INFO]: System chat: No blocks were filled
[12:24:44] [Server thread/INFO]: [Not Secure] [Server] SCAN a1 minecraft:lava
[12:24:44] [Server thread/INFO]: System chat: No blocks were filled
[12:24:44] [Server thread/INFO]: System chat: No blocks were filled
[12:24:44] [Server thread/INFO]: System chat: Unmarked all force loaded chunks in minecraft:overworld
[12:24:45] [Server thread/INFO]: System chat: Marked 16 chunks in minecraft:overworld from [-212, 211] to [-209, 214] to be force loaded
[12:24:45] [Server thread/WARN]: Can't keep up! Is the server overloaded? Running 3759ms or 75 ticks behind
[12:24:46] [Server thread/INFO]: [Not Secure] [Server] LOADED scan-T1
[12:24:47] [Server thread/INFO]: [Not Secure] [Server] SCANBOX T1 desert y -1267..-890
[12:24:47] [Server thread/INFO]: [Not Secure] [Server] SCAN T1 minecraft:stone
