Downloading Minecraft server
Installing Fabric Loader 0.19.5(26.3) on the server
Downloading required files
Downloading library org.ow2.asm:asm:9.10.1
Downloading library org.ow2.asm:asm-analysis:9.10.1
Downloading library org.ow2.asm:asm-commons:9.10.1
Downloading library org.ow2.asm:asm-tree:9.10.1
Downloading library org.ow2.asm:asm-util:9.10.1
Downloading library net.fabricmc:sponge-mixin:0.17.4+mixin.0.8.7
Downloading library net.fabricmc:fabric-loader:0.19.5
Generating server launch JAR
Unpacking 26.3/server-26.3.jar (versions:26.3) to versions/26.3/server-26.3.jar
Unpacking at/yawk/lz4/lz4-java/1.10.1/lz4-java-1.10.1.jar (libraries:at.yawk.lz4:lz4-java:1.10.1) to libraries/at/yawk/lz4/lz4-java/1.10.1/lz4-java-1.10.1.jar
Unpacking com/azure/azure-json/1.4.0/azure-json-1.4.0.jar (libraries:com.azure:azure-json:1.4.0) to libraries/com/azure/azure-json/1.4.0/azure-json-1.4.0.jar
Unpacking com/github/oshi/oshi-core/6.9.0/oshi-core-6.9.0.jar (libraries:com.github.oshi:oshi-core:6.9.0) to libraries/com/github/oshi/oshi-core/6.9.0/oshi-core-6.9.0.jar
Unpacking com/google/code/gson/gson/2.14.0/gson-2.14.0.jar (libraries:com.google.code.gson:gson:2.14.0) to libraries/com/google/code/gson/gson/2.14.0/gson-2.14.0.jar
Unpacking com/google/guava/failureaccess/1.0.3/failureaccess-1.0.3.jar (libraries:com.google.guava:failureaccess:1.0.3) to libraries/com/google/guava/failureaccess/1.0.3/failureaccess-1.0.3.jar
Unpacking com/google/guava/guava/33.6.0-jre/guava-33.6.0-jre.jar (libraries:com.google.guava:guava:33.6.0-jre) to libraries/com/google/guava/guava/33.6.0-jre/guava-33.6.0-jre.jar
Unpacking com/microsoft/azure/msal4j/1.24.1/msal4j-1.24.1.jar (libraries:com.microsoft.azure:msal4j:1.24.1) to libraries/com/microsoft/azure/msal4j/1.24.1/msal4j-1.24.1.jar
Unpacking com/mojang/authlib/10.0.77/authlib-10.0.77.jar (libraries:com.mojang:authlib:10.0.77) to libraries/com/mojang/authlib/10.0.77/authlib-10.0.77.jar
Unpacking com/mojang/brigadier/1.3.11/brigadier-1.3.11.jar (libraries:com.mojang:brigadier:1.3.11) to libraries/com/mojang/brigadier/1.3.11/brigadier-1.3.11.jar
Unpacking com/mojang/datafixerupper/10.0.21/datafixerupper-10.0.21.jar (libraries:com.mojang:datafixerupper:10.0.21) to libraries/com/mojang/datafixerupper/10.0.21/datafixerupper-10.0.21.jar
Unpacking com/mojang/jtracy/1.14.38/jtracy-1.14.38.jar (libraries:com.mojang:jtracy:1.14.38) to libraries/com/mojang/jtracy/1.14.38/jtracy-1.14.38.jar
Unpacking com/mojang/logging/1.7.12/logging-1.7.12.jar (libraries:com.mojang:logging:1.7.12) to libraries/com/mojang/logging/1.7.12/logging-1.7.12.jar
Unpacking commons-io/commons-io/2.20.0/commons-io-2.20.0.jar (libraries:commons-io:commons-io:2.20.0) to libraries/commons-io/commons-io/2.20.0/commons-io-2.20.0.jar
Unpacking io/netty/netty-buffer/4.2.16.Final/netty-buffer-4.2.16.Final.jar (libraries:io.netty:netty-buffer:4.2.16.Final) to libraries/io/netty/netty-buffer/4.2.16.Final/netty-buffer-4.2.16.Final.jar
Unpacking io/netty/netty-codec-base/4.2.16.Final/netty-codec-base-4.2.16.Final.jar (libraries:io.netty:netty-codec-base:4.2.16.Final) to libraries/io/netty/netty-codec-base/4.2.16.Final/netty-codec-base-4.2.16.Final.jar
Unpacking io/netty/netty-codec-compression/4.2.16.Final/netty-codec-compression-4.2.16.Final.jar (libraries:io.netty:netty-codec-compression:4.2.16.Final) to libraries/io/netty/netty-codec-compression/4.2.16.Final/netty-codec-compression-4.2.16.Final.jar
Unpacking io/netty/netty-codec-http/4.2.16.Final/netty-codec-http-4.2.16.Final.jar (libraries:io.netty:netty-codec-http:4.2.16.Final) to libraries/io/netty/netty-codec-http/4.2.16.Final/netty-codec-http-4.2.16.Final.jar
Unpacking io/netty/netty-common/4.2.16.Final/netty-common-4.2.16.Final.jar (libraries:io.netty:netty-common:4.2.16.Final) to libraries/io/netty/netty-common/4.2.16.Final/netty-common-4.2.16.Final.jar
Unpacking io/netty/netty-handler/4.2.16.Final/netty-handler-4.2.16.Final.jar (libraries:io.netty:netty-handler:4.2.16.Final) to libraries/io/netty/netty-handler/4.2.16.Final/netty-handler-4.2.16.Final.jar
Unpacking io/netty/netty-resolver/4.2.16.Final/netty-resolver-4.2.16.Final.jar (libraries:io.netty:netty-resolver:4.2.16.Final) to libraries/io/netty/netty-resolver/4.2.16.Final/netty-resolver-4.2.16.Final.jar
Unpacking io/netty/netty-transport/4.2.16.Final/netty-transport-4.2.16.Final.jar (libraries:io.netty:netty-transport:4.2.16.Final) to libraries/io/netty/netty-transport/4.2.16.Final/netty-transport-4.2.16.Final.jar
Unpacking io/netty/netty-transport-classes-epoll/4.2.16.Final/netty-transport-classes-epoll-4.2.16.Final.jar (libraries:io.netty:netty-transport-classes-epoll:4.2.16.Final) to libraries/io/netty/netty-transport-classes-epoll/4.2.16.Final/netty-transport-classes-epoll-4.2.16.Final.jar
Unpacking io/netty/netty-transport-classes-kqueue/4.2.16.Final/netty-transport-classes-kqueue-4.2.16.Final.jar (libraries:io.netty:netty-transport-classes-kqueue:4.2.16.Final) to libraries/io/netty/netty-transport-classes-kqueue/4.2.16.Final/netty-transport-classes-kqueue-4.2.16.Final.jar
Unpacking io/netty/netty-transport-native-epoll/4.2.16.Final/netty-transport-native-epoll-4.2.16.Final-linux-x86_64.jar (libraries:io.netty:netty-transport-native-epoll:4.2.16.Final:linux-x86_64) to libraries/io/netty/netty-transport-native-epoll/4.2.16.Final/netty-transport-native-epoll-4.2.16.Final-linux-x86_64.jar
Unpacking io/netty/netty-transport-native-epoll/4.2.16.Final/netty-transport-native-epoll-4.2.16.Final-linux-aarch_64.jar (libraries:io.netty:netty-transport-native-epoll:4.2.16.Final:linux-aarch_64) to libraries/io/netty/netty-transport-native-epoll/4.2.16.Final/netty-transport-native-epoll-4.2.16.Final-linux-aarch_64.jar
Unpacking io/netty/netty-transport-native-kqueue/4.2.16.Final/netty-transport-native-kqueue-4.2.16.Final-osx-x86_64.jar (libraries:io.netty:netty-transport-native-kqueue:4.2.16.Final:osx-x86_64) to libraries/io/netty/netty-transport-native-kqueue/4.2.16.Final/netty-transport-native-kqueue-4.2.16.Final-osx-x86_64.jar
Unpacking io/netty/netty-transport-native-kqueue/4.2.16.Final/netty-transport-native-kqueue-4.2.16.Final-osx-aarch_64.jar (libraries:io.netty:netty-transport-native-kqueue:4.2.16.Final:osx-aarch_64) to libraries/io/netty/netty-transport-native-kqueue/4.2.16.Final/netty-transport-native-kqueue-4.2.16.Final-osx-aarch_64.jar
Unpacking io/netty/netty-transport-native-unix-common/4.2.16.Final/netty-transport-native-unix-common-4.2.16.Final.jar (libraries:io.netty:netty-transport-native-unix-common:4.2.16.Final) to libraries/io/netty/netty-transport-native-unix-common/4.2.16.Final/netty-transport-native-unix-common-4.2.16.Final.jar
Unpacking it/unimi/dsi/fastutil/8.5.18/fastutil-8.5.18.jar (libraries:it.unimi.dsi:fastutil:8.5.18) to libraries/it/unimi/dsi/fastutil/8.5.18/fastutil-8.5.18.jar
Unpacking net/java/dev/jna/jna/5.17.0/jna-5.17.0.jar (libraries:net.java.dev.jna:jna:5.17.0) to libraries/net/java/dev/jna/jna/5.17.0/jna-5.17.0.jar
Unpacking net/java/dev/jna/jna-platform/5.17.0/jna-platform-5.17.0.jar (libraries:net.java.dev.jna:jna-platform:5.17.0) to libraries/net/java/dev/jna/jna-platform/5.17.0/jna-platform-5.17.0.jar
Unpacking net/sf/jopt-simple/jopt-simple/5.0.4/jopt-simple-5.0.4.jar (libraries:net.sf.jopt-simple:jopt-simple:5.0.4) to libraries/net/sf/jopt-simple/jopt-simple/5.0.4/jopt-simple-5.0.4.jar
Unpacking org/apache/commons/commons-lang3/3.20.0/commons-lang3-3.20.0.jar (libraries:org.apache.commons:commons-lang3:3.20.0) to libraries/org/apache/commons/commons-lang3/3.20.0/commons-lang3-3.20.0.jar
Unpacking org/apache/logging/log4j/log4j-api/2.26.0/log4j-api-2.26.0.jar (libraries:org.apache.logging.log4j:log4j-api:2.26.0) to libraries/org/apache/logging/log4j/log4j-api/2.26.0/log4j-api-2.26.0.jar
Unpacking org/apache/logging/log4j/log4j-core/2.26.0/log4j-core-2.26.0.jar (libraries:org.apache.logging.log4j:log4j-core:2.26.0) to libraries/org/apache/logging/log4j/log4j-core/2.26.0/log4j-core-2.26.0.jar
Unpacking org/apache/logging/log4j/log4j-slf4j2-impl/2.26.0/log4j-slf4j2-impl-2.26.0.jar (libraries:org.apache.logging.log4j:log4j-slf4j2-impl:2.26.0) to libraries/org/apache/logging/log4j/log4j-slf4j2-impl/2.26.0/log4j-slf4j2-impl-2.26.0.jar
Unpacking org/joml/joml/1.10.9/joml-1.10.9.jar (libraries:org.joml:joml:1.10.9) to libraries/org/joml/joml/1.10.9/joml-1.10.9.jar
Unpacking org/jspecify/jspecify/1.0.0/jspecify-1.0.0.jar (libraries:org.jspecify:jspecify:1.0.0) to libraries/org/jspecify/jspecify/1.0.0/jspecify-1.0.0.jar
Unpacking org/slf4j/slf4j-api/2.0.17/slf4j-api-2.0.17.jar (libraries:org.slf4j:slf4j-api:2.0.17) to libraries/org/slf4j/slf4j-api/2.0.17/slf4j-api-2.0.17.jar
Starting net.fabricmc.loader.impl.game.minecraft.BundlerClassPathCapture
[06:25:25] [main/INFO]: Loading Minecraft 26.3 with Fabric Loader 0.19.5
[06:25:25] [main/INFO]: Mappings not present!
[06:25:25] [main/WARN]: Warnings were found!
 - Mod 'Mielon's The Sift' (the_sift) 1.1.2 recommends version 4.13.0 or later of lambdynlights, which is missing!
	 - You should install version 4.13.0 or later of lambdynlights for the optimal experience.
[06:25:25] [main/INFO]: Loading 116 mods:
	- architectury 22.0.3
	- c2me 0.4.2-alpha.0.89+26.3
	   |-- c2me-base 0.4.2-alpha.0.89+26.3
	   |-- c2me-fixes-chunkio-threading-issues 0.4.2-alpha.0.89+26.3
	   |-- c2me-fixes-general-threading-issues 0.4.2-alpha.0.89+26.3
	   |-- c2me-fixes-worldgen-threading-issues 0.4.2-alpha.0.89+26.3
	   |-- c2me-fixes-worldgen-vanilla-bugs 0.4.2-alpha.0.89+26.3
	   |-- c2me-notickvd 0.4.2-alpha.0.89+26.3
	   |-- c2me-opts-allocs 0.4.2-alpha.0.89+26.3
	   |-- c2me-opts-chunkio 0.4.2-alpha.0.89+26.3
	   |-- c2me-opts-math 0.4.2-alpha.0.89+26.3
	   |-- c2me-opts-natives-math 0.4.2-alpha.0.89+26.3
	   |-- c2me-opts-scheduling 0.4.2-alpha.0.89+26.3
	   |-- c2me-opts-worldgen-general 0.4.2-alpha.0.89+26.3
	   |-- c2me-opts-worldgen-vanilla 0.4.2-alpha.0.89+26.3
	   |-- c2me-rewrites-chunk-serializer 0.4.2-alpha.0.89+26.3
	   |-- c2me-rewrites-chunk-system 0.4.2-alpha.0.89+26.3
	   |-- c2me-rewrites-chunkio 0.4.2-alpha.0.89+26.3
	   |-- c2me-server-utils 0.4.2-alpha.0.89+26.3
	   |-- c2me-threading-lighting 0.4.2-alpha.0.89+26.3
	   |-- com_github_ben-manes_caffeine_caffeine 3.2.1
	   |-- com_ibm_async_asyncutil 0.1.0
	   |-- io_reactivex_rxjava3_rxjava 3.1.12
	   |-- mixinsquared 0.3.7-beta.1
	   |-- net_objecthunter_exp4j 0.4.8
	   |-- org_jctools_jctools-core 4.0.5
	   \-- org_reactivestreams_reactive-streams 1.0.4
	- cgs 1.4.9+26.3
	- cloth-config 26.3.159
	   \-- cloth-basic-math 0.6.1
	- create 6.0.9-1
	- create_hypertube 0.6.0+26.3
	- createdieselgenerators 1.3.15+26.3
	- createnuclear 1.3.2-beta.3+26.3
	- entityculling 1.11.2
	   |-- transition 1.0.25
	   \-- trender 1.0.17
	- fabric-api 0.161.0+26.3
	   |-- fabric-advancement-api-v1 1.0.0+38c7a2d55d
	   |-- fabric-api-base 2.0.6+fcdff87f5d
	   |-- fabric-api-lookup-api-v1 2.0.24+3434d6d95d
	   |-- fabric-biome-api-v1 20.0.9+74ed1ea55d
	   |-- fabric-block-api-v1 3.1.0+0ae6f9115d
	   |-- fabric-block-getter-api-v2 2.0.9+3434d6d95d
	   |-- fabric-command-api-v2 3.1.2+fcdff87f5d
	   |-- fabric-content-registries-v0 15.0.4+74ed1ea55d
	   |-- fabric-convention-tags-v2 4.10.3+6b5b47fd5d
	   |-- fabric-crash-report-info-v1 1.0.7+fcdff87f5d
	   |-- fabric-creative-tab-api-v1 5.0.21+fcdff87f5d
	   |-- fabric-data-attachment-api-v1 2.2.30+3434d6d95d
	   |-- fabric-data-generation-api-v1 27.2.4+427eab975d
	   |-- fabric-debug-api-v1 1.0.4+3434d6d95d
	   |-- fabric-dimensions-v1 5.1.19+47f74c985d
	   |-- fabric-entity-events-v1 6.0.4+3434d6d95d
	   |-- fabric-events-interaction-v0 5.3.6+3434d6d95d
	   |-- fabric-game-rule-api-v1 4.0.10+3434d6d95d
	   |-- fabric-item-api-v1 14.7.0+cf6bc2db5d
	   |-- fabric-lifecycle-events-v1 4.1.9+ffef5f675d
	   |-- fabric-loot-api-v3 4.0.8+4068fd645d
	   |-- fabric-menu-api-v1 2.0.27+ed66f0a35d
	   |-- fabric-message-api-v1 7.0.10+3434d6d95d
	   |-- fabric-networking-api-v1 6.3.8+fcdff87f5d
	   |-- fabric-object-builder-api-v1 24.1.9+3434d6d95d
	   |-- fabric-particles-v1 5.0.24+3434d6d95d
	   |-- fabric-permission-api-v1 1.0.8+fcdff87f5d
	   |-- fabric-recipe-api-v1 10.0.8+fcdff87f5d
	   |-- fabric-registry-sync-v0 8.0.1+fcdff87f5d
	   |-- fabric-rendering-fluids-v1 6.0.6+3434d6d95d
	   |-- fabric-resource-conditions-api-v1 6.1.5+3434d6d95d
	   |-- fabric-resource-loader-v0 3.3.26+4fc5413f5d
	   |-- fabric-resource-loader-v1 3.0.4+fcdff87f5d
	   |-- fabric-serialization-api-v1 2.0.7+74ed1ea55d
	   |-- fabric-tag-api-v1 2.1.10+fcdff87f5d
	   |-- fabric-transfer-api-v1 8.0.25+fcdff87f5d
	   \-- fabric-transitive-access-wideners-v1 8.1.16+52268a0e5d
	- fabric-language-kotlin 1.14.1+kotlin.2.4.20
	   |-- org_jetbrains_kotlin_kotlin-reflect 2.4.20
	   |-- org_jetbrains_kotlin_kotlin-stdlib 2.4.20
	   |-- org_jetbrains_kotlin_kotlin-stdlib-jdk7 2.4.20
	   |-- org_jetbrains_kotlin_kotlin-stdlib-jdk8 2.4.20
	   |-- org_jetbrains_kotlinx_atomicfu-jvm 0.33.0
	   |-- org_jetbrains_kotlinx_kotlinx-coroutines-core-jvm 1.11.0
	   |-- org_jetbrains_kotlinx_kotlinx-coroutines-jdk8 1.11.0
	   |-- org_jetbrains_kotlinx_kotlinx-datetime-jvm 0.8.0
	   |-- org_jetbrains_kotlinx_kotlinx-io-bytestring-jvm 0.9.1
	   |-- org_jetbrains_kotlinx_kotlinx-io-core-jvm 0.9.1
	   |-- org_jetbrains_kotlinx_kotlinx-serialization-cbor-jvm 1.11.0
	   |-- org_jetbrains_kotlinx_kotlinx-serialization-core-jvm 1.11.0
	   \-- org_jetbrains_kotlinx_kotlinx-serialization-json-jvm 1.11.0
	- fabricloader 0.19.5
	   \-- mixinextras 0.5.5
	- farmersdelight 26.3-3.6.27+refabricated
	- ferritecore 9.0.0
	- forgeconfigapiport 26.3.1
	   |-- com_electronwill_night-config_core 3.8.4
	   \-- com_electronwill_night-config_toml 3.8.4
	- fzzy_config 0.7.7+26.3
	   |-- blue_endless_jankson 1.2.3
	   |-- fabric-permissions-api-v0 0.7.0
	   \-- net_peanuuutz_tomlkt_tomlkt-jvm 0.3.7
	- geckolib 5.5.7
	- java 25
	- krypton 0.3.2
	   \-- com_velocitypowered_velocity-native 3.4.0-SNAPSHOT
	- lithium 0.26.2+mc26.3
	- midnightlib 1.9.3
	- minecraft 26.3
	- ntgl 3.1.8+26.3
	- packtest_debug 1.0.0
	- placeholder-api 3.2.0+26.3
	- puzzleslib 26.3.9
	- respawninganimals 26.3.0
	- smooth_steps 1.2.1
	- terrain_slabs 3.3.6
	- the_sift 1.1.2
	- untitledduckmod 1.8.0
[06:25:26] [main/INFO]: SpongePowered MIXIN Subsystem Version=0.8.7 Source=file:/tmp/work/nether/libraries/net/fabricmc/sponge-mixin/0.17.4+mixin.0.8.7/sponge-mixin-0.17.4+mixin.0.8.7.jar Service=Knot/Fabric Env=SERVER
[06:25:26] [main/INFO]: Initializing com.ishland.c2me.base.mixin
[06:25:26] [main/INFO]: Updating config from 0 to 1
[06:25:26] [main/INFO]: Updating config from 1 to 2
[06:25:26] [main/INFO]: Updating config from 2 to 3
[06:25:26] [main/INFO]: CPU name: AMD EPYC 7763 64-Core Processor
[06:25:26] [main/INFO]: Detected 2 available physical CPUs, 4 available logical CPUs
[06:25:26] [main/INFO]: Detected 2 available physical CPUs, 4 available logical CPUs
[06:25:26] [main/INFO]: Global Executor Parallelism: 2 configured, 2 evaluated, 2 default evaluated
[06:25:26] [main/INFO]: Initializing com.ishland.c2me.fixes.chunkio.threading_issues.mixin
[06:25:26] [main/INFO]: Initializing com.ishland.c2me.fixes.general.threading_issues.mixin
[06:25:26] [main/INFO]: Initializing com.ishland.c2me.fixes.worldgen.threading_issues.mixin
[06:25:26] [main/INFO]: Initializing com.ishland.c2me.fixes.worldgen.vanilla_bugs.mixin
[06:25:26] [main/INFO]: Initializing com.ishland.c2me.notickvd.mixin
[06:25:26] [main/INFO]: Initializing com.ishland.c2me.opts.allocs.mixin
[06:25:26] [main/INFO]: Initializing com.ishland.c2me.opts.chunkio.mixin
[06:25:26] [main/INFO]: Initializing com.ishland.c2me.opts.math.mixin
[06:25:26] [main/INFO]: Initializing com.ishland.c2me.opts.natives_math.mixin
[06:25:26] [main/INFO]: Attempting to call native library. If your game crashes right after this point, native acceleration may not be available for your system.
[06:25:26] [main/INFO]: Detected maximum supported ISA target: AVX2
[06:25:26] [main/INFO]: Initializing com.ishland.c2me.opts.scheduling.mixin
[06:25:26] [main/INFO]: Initializing com.ishland.c2me.opts.worldgen.general.mixin
[06:25:26] [main/INFO]: Initializing com.ishland.c2me.opts.worldgen.vanilla.mixin
[06:25:26] [main/INFO]: Initializing com.ishland.c2me.rewrites.chunk_serializer.mixin
[06:25:26] [main/INFO]: Disabling config ioSystem.gcFreeChunkSerializer: Incompatible with architectury@22.0.3 (*) (defined in c2me)
[06:25:26] [main/INFO]: Disabling com.ishland.c2me.rewrites.chunk_serializer.mixin
[06:25:26] [main/INFO]: Initializing com.ishland.c2me.rewrites.chunksystem.mixin
[06:25:26] [main/INFO]: Initializing com.ishland.c2me.rewrites.chunkio.mixin
[06:25:26] [main/INFO]: Initializing com.ishland.c2me.server.utils.mixin
[06:25:26] [main/INFO]: Initializing com.ishland.c2me.threading.lighting.mixin
[06:25:26] [main/WARN]: Reference map 'entityculling.refmap.mixins.json' for entityculling.mixins.json could not be read. If this is a development environment you can ignore this message
[06:25:26] [main/INFO]: Loaded configuration file for Lithium: 170 options available, 0 override(s) found.
[06:25:27] [main/WARN]: Error loading class: ca/spottedleaf/starlight/common/integration/v0/ChunkSystemHooks (java.lang.ClassNotFoundException: ca/spottedleaf/starlight/common/integration/v0/ChunkSystemHooks)
[06:25:27] [main/WARN]: @Mixin target ca/spottedleaf/starlight/common/integration/v0/ChunkSystemHooks was not found c2me-rewrites-chunk-system.mixins.json:scalablelux.MixinChunkSystemHooks from mod c2me-rewrites-chunk-system
[06:25:27] [main/WARN]: Error loading class: ca/spottedleaf/starlight/common/thread/SchedulingUtil (java.lang.ClassNotFoundException: ca/spottedleaf/starlight/common/thread/SchedulingUtil)
[06:25:27] [main/WARN]: Error loading class: net/minecraft/client/gui/screens/recipebook/GhostSlots (java.lang.ClassNotFoundException: net/minecraft/client/gui/screens/recipebook/GhostSlots)
[06:25:27] [main/WARN]: @Mixin target net.minecraft.client.gui.screens.recipebook.GhostSlots was not found farmersdelight.mixins.json:refabricated.GhostSlotsInvoker from mod farmersdelight
[06:25:27] [main/WARN]: Error loading class: net/minecraft/client/gui/GuiGraphicsExtractor (java.lang.ClassNotFoundException: net/minecraft/client/gui/GuiGraphicsExtractor)
[06:25:27] [main/WARN]: @Mixin target net.minecraft.client.gui.GuiGraphicsExtractor was not found farmersdelight.mixins.json:refabricated.GuiGraphicsExtractorAccessor from mod farmersdelight
[06:25:27] [main/INFO]: Initializing MixinExtras via com.llamalad7.mixinextras.service.MixinExtrasServiceImpl(version=0.5.5).
WARNING: A terminally deprecated method in sun.misc.Unsafe has been called
WARNING: sun.misc.Unsafe::objectFieldOffset has been called by org.joml.MemUtil$MemUtilUnsafe (file:/tmp/work/nether/libraries/org/joml/joml/1.10.9/joml-1.10.9.jar)
WARNING: Please consider reporting this to the maintainers of class org.joml.MemUtil$MemUtilUnsafe
WARNING: sun.misc.Unsafe::objectFieldOffset will be removed in a future release
[06:25:37] [main/INFO]: [STDERR]: Failed to read config file: /tmp/work/nether/./config/create/server.json
[06:25:37] [main/INFO]: [STDERR]: java.nio.file.NoSuchFileException: ./config/create/server.json
[06:25:37] [main/INFO]: [STDERR]: 	at java.base/sun.nio.fs.UnixException.translateToIOException(UnixException.java:92)
[06:25:37] [main/INFO]: [STDERR]: 	at java.base/sun.nio.fs.UnixException.rethrowAsIOException(UnixException.java:106)
[06:25:37] [main/INFO]: [STDERR]: 	at java.base/sun.nio.fs.UnixException.rethrowAsIOException(UnixException.java:111)
[06:25:37] [main/INFO]: [STDERR]: 	at java.base/sun.nio.fs.UnixFileSystemProvider.newFileChannel(UnixFileSystemProvider.java:213)
[06:25:37] [main/INFO]: [STDERR]: 	at java.base/sun.nio.fs.UnixFileSystemProvider.newByteChannel(UnixFileSystemProvider.java:244)
[06:25:37] [main/INFO]: [STDERR]: 	at java.base/java.nio.file.Files.newByteChannel(Files.java:357)
[06:25:37] [main/INFO]: [STDERR]: 	at java.base/java.nio.file.Files.newByteChannel(Files.java:399)
[06:25:37] [main/INFO]: [STDERR]: 	at java.base/java.nio.file.spi.FileSystemProvider.newInputStream(FileSystemProvider.java:371)
[06:25:37] [main/INFO]: [STDERR]: 	at java.base/java.nio.file.Files.newInputStream(Files.java:154)
[06:25:37] [main/INFO]: [STDERR]: 	at knot//org.apache.commons.io.FileUtils.lambda$readFileToString$14(FileUtils.java:2768)
[06:25:37] [main/INFO]: [STDERR]: 	at knot//org.apache.commons.io.IOUtils.toString(IOUtils.java:3204)
[06:25:37] [main/INFO]: [STDERR]: 	at knot//org.apache.commons.io.IOUtils.toString(IOUtils.java:3179)
[06:25:37] [main/INFO]: [STDERR]: 	at knot//org.apache.commons.io.FileUtils.readFileToString(FileUtils.java:2768)
[06:25:37] [main/INFO]: [STDERR]: 	at knot//com.zurrtum.create.catnip.config.Builder.read(Builder.java:136)
[06:25:37] [main/INFO]: [STDERR]: 	at knot//com.zurrtum.create.catnip.config.Builder.<init>(Builder.java:36)
[06:25:37] [main/INFO]: [STDERR]: 	at knot//com.zurrtum.create.catnip.config.Builder.create(Builder.java:49)
[06:25:37] [main/INFO]: [STDERR]: 	at knot//com.zurrtum.create.catnip.config.Builder.create(Builder.java:44)
[06:25:37] [main/INFO]: [STDERR]: 	at knot//com.zurrtum.create.infrastructure.config.AllConfigs.register(AllConfigs.java:28)
[06:25:37] [main/INFO]: [STDERR]: 	at knot//com.zurrtum.create.Create.onInitialize(Create.java:62)
[06:25:37] [main/INFO]: [STDERR]: 	at net.fabricmc.loader.impl.FabricLoaderImpl.invokeEntrypoints(FabricLoaderImpl.java:409)
[06:25:37] [main/INFO]: [STDERR]: 	at net.fabricmc.loader.impl.game.minecraft.Hooks.startServer(Hooks.java:63)
[06:25:37] [main/INFO]: [STDERR]: 	at knot//net.minecraft.server.Main.main(Main.java:114)
[06:25:37] [main/INFO]: [STDERR]: 	at net.fabricmc.loader.impl.game.minecraft.MinecraftGameProvider.launch(MinecraftGameProvider.java:517)
[06:25:37] [main/INFO]: [STDERR]: 	at net.fabricmc.loader.impl.launch.knot.Knot.launch(Knot.java:72)
[06:25:37] [main/INFO]: [STDERR]: 	at net.fabricmc.loader.impl.launch.knot.KnotServer.main(KnotServer.java:23)
[06:25:37] [main/INFO]: [STDERR]: 	at net.fabricmc.loader.impl.launch.server.FabricServerLauncher.main(FabricServerLauncher.java:69)
[06:25:37] [main/INFO]: [STDERR]: 	at net.fabricmc.installer.ServerLauncher.main(ServerLauncher.java:69)
[06:25:38] [main/INFO]: createnuclear initializing!
[06:25:38] [main/INFO]: Registering mod tags for createnuclear
[06:25:38] [main/INFO]: Registering ModBlocks for createnuclear
[06:25:38] [main/INFO]: Loaded config farmersdelight-common.json
[06:25:38] [main/INFO]: Compression will use libdeflate (Linux x86_64), encryption will use OpenSSL 3.x.x (Linux x86_64)
[06:25:39] [main/INFO]: Constructing components for puzzleslib:common
[06:25:39] [main/INFO]: Constructing components for respawninganimals:common
[06:25:39] [main/INFO]: Dispatching loading event for config respawninganimals-common.toml
[06:25:39] [main/INFO]: Initializing Terrain Slabs mod...
[06:25:39] [main/INFO]: Registering Mod Blocks & Items for terrain_slabs
[06:25:39] [main/INFO]: Registering Mod Blocks & Items for terrain_slabs
[06:25:39] [main/INFO]: The Sift initialized.
[06:25:39] [main/INFO]: Krypton is now accelerating your Minecraft server's networking stack 🚀
[06:25:39] [main/INFO]: Environment: Environment[discoveryUrl=https://discovery.minecraftservices.com/minecraft/client, name=PROD]
[06:25:39] [main/INFO]: Created 13 recipes which will be injected into the game
[06:25:39] [main/INFO]: Found new data pack create:dynamic_data, loading it automatically
[06:25:39] [main/INFO]: Found new data pack file/packtest-probes, loading it automatically
[06:25:39] [main/INFO]: Found new data pack file/the-isles-mods.zip, loading it automatically
[06:25:39] [main/INFO]: Found new data pack file/the-isles.zip, loading it automatically
[06:25:40] [Worker-Main-2/INFO]: No existing world data, creating new world
[06:25:42] [Worker-Main-3/INFO]: Loaded 3522 advancements
[06:25:42] [main/INFO]: Applied 281 biome modifications to 78 of 78 new biomes in 14.31 ms
[06:25:42] [Server thread/INFO]: Starting minecraft server version 26.3
[06:25:42] [Server thread/INFO]: Loading properties
[06:25:42] [Server thread/INFO]: Default game type: CREATIVE
[06:25:42] [Server thread/INFO]: Generating keypair
[06:25:42] [Server thread/INFO]: Starting Minecraft server on *:25565
[06:25:42] [Server thread/WARN]: **** SERVER IS RUNNING IN OFFLINE/INSECURE MODE!
[06:25:42] [Server thread/WARN]: The server will make no attempt to authenticate usernames. Beware.
[06:25:42] [Server thread/WARN]: While this makes the game possible to play without internet access, it also opens up the ability for hackers to connect with any username they choose.
[06:25:42] [Server thread/WARN]: To change this, set "online-mode" to "true" in the server.properties file.
[06:25:42] [Server thread/INFO]: Preparing level "world"
[06:25:42] [Server thread/INFO]: Enforcing safe world random access
[06:25:43] [Server thread/INFO]: Using TheSpeedyObjectFactory without Unsafe
[06:25:43] [Server thread/INFO]: Selecting global world spawn...
[06:25:49] [Server thread/INFO]: Loading 0 persistent chunks...
[06:25:49] [Server thread/INFO]: Preparing spawn area: 100%
[06:25:49] [Server thread/INFO]: Time elapsed: 5825 ms
[06:25:49] [Server thread/INFO]: Done (6.220s)! For help, type "help"
[06:25:49] [Server thread/INFO]: Saving chunks for level 'ServerLevel[world]'/minecraft:overworld
[06:25:49] [Server thread/INFO]: Saving chunks for level 'ServerLevel[world]'/the_sift:the_sift
[06:25:49] [Server thread/INFO]: Saving chunks for level 'ServerLevel[world]'/minecraft:the_end
[06:25:49] [Server thread/INFO]: Saving chunks for level 'ServerLevel[world]'/minecraft:the_nether
[06:25:52] [Server thread/INFO]: [Not Secure] [Server] SECTION start
[06:25:53] [Server thread/INFO]: System chat: Created new objective [pt]
[06:25:53] [Server thread/INFO]: System chat: Game rule max_block_modifications is now set to 100000000
[06:25:53] [Server thread/INFO]: System chat: Game rule max_command_sequence_length is now set to 10000000
[06:25:53] [Server thread/INFO]: System chat: Incorrect argument for command
[06:25:53] [Server thread/INFO]: System chat: gamerule maxCommandChainLength 10000000<--[HERE]
[06:25:53] [Server thread/INFO]: System chat: The game is running normally
[06:25:53] [Server thread/INFO]: System chat: Target tick rate: 20.0 per second.
Average time per tick: 2.1ms (Target: 50.0ms)
[06:25:53] [Server thread/INFO]: System chat: Percentiles: P50: 0.8ms P95: 3.0ms P99: 72.4ms. Sample: 100
[06:25:53] [Server thread/INFO]: [Not Secure] [Server] SECTION gen
[06:27:12] [Server thread/INFO]: System chat: Marked 64 chunks in minecraft:the_nether from [0, 0] to [7, 7] to be force loaded
[06:27:12] [Server thread/WARN]: Can't keep up! Is the server overloaded? Running 66449ms or 1328 ticks behind
[06:27:15] [Server thread/INFO]: [Not Secure] [Server] LOADED ngen
[06:27:19] [Server thread/INFO]: System chat: The game is running normally
[06:27:19] [Server thread/INFO]: System chat: Target tick rate: 20.0 per second.
Average time per tick: 8.9ms (Target: 50.0ms)
[06:27:19] [Server thread/INFO]: System chat: Percentiles: P50: 6.0ms P95: 29.7ms P99: 128.6ms. Sample: 100
[06:28:04] [Server thread/INFO]: [Not Secure] [Server] TICK after-45s
[06:28:04] [Server thread/INFO]: System chat: The game is running normally
[06:28:04] [Server thread/INFO]: System chat: Target tick rate: 20.0 per second.
Average time per tick: 2.7ms (Target: 50.0ms)
[06:28:04] [Server thread/INFO]: System chat: Percentiles: P50: 2.3ms P95: 4.3ms P99: 13.5ms. Sample: 100
[06:28:05] [Server thread/INFO]: [Not Secure] [Server] COUNT gen strider
[06:28:05] [Server thread/INFO]: System chat: Test failed
[06:28:05] [Server thread/INFO]: [Not Secure] [Server] COUNT gen piglin
[06:28:05] [Server thread/INFO]: System chat: Test passed. Count: 40
[06:28:05] [Server thread/INFO]: [Not Secure] [Server] COUNT gen zombified_piglin
[06:28:05] [Server thread/INFO]: System chat: Test failed
[06:28:05] [Server thread/INFO]: [Not Secure] [Server] COUNT gen ghast
[06:28:05] [Server thread/INFO]: System chat: Test failed
[06:28:06] [Server thread/INFO]: [Not Secure] [Server] COUNT gen magma_cube
[06:28:06] [Server thread/INFO]: System chat: Test failed
[06:28:06] [Server thread/INFO]: [Not Secure] [Server] COUNT gen hoglin
[06:28:06] [Server thread/INFO]: System chat: Test failed
[06:28:06] [Server thread/INFO]: [Not Secure] [Server] COUNT gen enderman
[06:28:06] [Server thread/INFO]: System chat: Test failed
[06:28:06] [Server thread/INFO]: [Not Secure] [Server] COUNT gen skeleton
[06:28:06] [Server thread/INFO]: System chat: Test failed
[06:28:07] [Server thread/INFO]: [Not Secure] [Server] COUNT gen blaze
[06:28:07] [Server thread/INFO]: System chat: Test failed
[06:28:07] [Server thread/INFO]: [Not Secure] [Server] COUNT gen wither_skeleton
[06:28:07] [Server thread/INFO]: System chat: Test failed
[06:28:07] [Server thread/INFO]: [Not Secure] [Server] SECTION columns
[06:28:07] [Server thread/INFO]: [Not Secure] [Server] NCOL 8 8
[06:28:07] [Server thread/INFO]: System chat: Running function packtest:ncol
[06:28:07] [Server thread/INFO]: [Not Secure] [Server] NC 2031 2
[06:28:07] [Server thread/INFO]: [Not Secure] [Server] NC 2030 3
[06:28:07] [Server thread/INFO]: [Not Secure] [Server] NC 2029 2
[06:28:07] [Server thread/INFO]: [Not Secure] [Server] NC 2028 3
[06:28:07] [Server thread/INFO]: [Not Secure] [Server] NC 2011 0
[06:28:07] [Server thread/INFO]: [Not Secure] [Server] NC 1976 3
[06:28:07] [Server thread/INFO]: [Not Secure] [Server] NC 1927 0
[06:28:07] [Server thread/INFO]: [Not Secure] [Server] NC 1907 3
[06:28:07] [Server thread/INFO]: [Not Secure] [Server] NC 1895 0
[06:28:07] [Server thread/INFO]: [Not Secure] [Server] NC 1732 3
[06:28:07] [Server thread/INFO]: [Not Secure] [Server] NC 1725 0
[06:28:07] [Server thread/INFO]: [Not Secure] [Server] NC 1708 3
[06:28:07] [Server thread/INFO]: [Not Secure] [Server] NC 1602 0
[06:28:07] [Server thread/INFO]: [Not Secure] [Server] NC 1587 3
[06:28:07] [Server thread/INFO]: [Not Secure] [Server] NC 1570 0
[06:28:07] [Server thread/INFO]: [Not Secure] [Server] NC 1532 3
[06:28:07] [Server thread/INFO]: [Not Secure] [Server] NC 1243 0
[06:28:07] [Server thread/INFO]: [Not Secure] [Server] NC 1123 3
[06:28:07] [Server thread/INFO]: [Not Secure] [Server] NC 1096 0
[06:28:07] [Server thread/INFO]: [Not Secure] [Server] NC 982 1
[06:28:07] [Server thread/INFO]: [Not Secure] [Server] NC 975 3
[06:28:07] [Server thread/INFO]: [Not Secure] [Server] NC 920 0
[06:28:07] [Server thread/INFO]: [Not Secure] [Server] NC 919 3
[06:28:07] [Server thread/INFO]: [Not Secure] [Server] NC 900 0
[06:28:07] [Server thread/INFO]: [Not Secure] [Server] NC 856 3
[06:28:07] [Server thread/INFO]: [Not Secure] [Server] NC 847 0
[06:28:07] [Server thread/INFO]: [Not Secure] [Server] NC 797 3
[06:28:07] [Server thread/INFO]: [Not Secure] [Server] NC 789 0
[06:28:07] [Server thread/INFO]: [Not Secure] [Server] NC 769 3
[06:28:07] [Server thread/INFO]: [Not Secure] [Server] NC 767 0
[06:28:07] [Server thread/INFO]: [Not Secure] [Server] NC 749 3
[06:28:07] [Server thread/INFO]: [Not Secure] [Server] NC 500 0
[06:28:07] [Server thread/INFO]: [Not Secure] [Server] NC 445 3
[06:28:07] [Server thread/INFO]: [Not Secure] [Server] NC 402 0
[06:28:07] [Server thread/INFO]: [Not Secure] [Server] NC 394 3
[06:28:07] [Server thread/INFO]: [Not Secure] [Server] NC 276 0
[06:28:07] [Server thread/INFO]: [Not Secure] [Server] NC 257 3
[06:28:07] [Server thread/INFO]: [Not Secure] [Server] NC 241 0
[06:28:07] [Server thread/INFO]: [Not Secure] [Server] NC 215 3
[06:28:07] [Server thread/INFO]: [Not Secure] [Server] NC 202 0
[06:28:07] [Server thread/INFO]: [Not Secure] [Server] NC 173 3
[06:28:07] [Server thread/INFO]: [Not Secure] [Server] NC 172 0
[06:28:07] [Server thread/INFO]: [Not Secure] [Server] NC 171 3
[06:28:07] [Server thread/INFO]: [Not Secure] [Server] NC 170 0
[06:28:07] [Server thread/INFO]: [Not Secure] [Server] NC 166 3
[06:28:07] [Server thread/INFO]: [Not Secure] [Server] NC 164 0
[06:28:07] [Server thread/INFO]: [Not Secure] [Server] NC 163 3
[06:28:07] [Server thread/INFO]: [Not Secure] [Server] NC 155 0
[06:28:07] [Server thread/INFO]: [Not Secure] [Server] NC 130 3
[06:28:07] [Server thread/INFO]: [Not Secure] [Server] NC 125 0
[06:28:07] [Server thread/INFO]: [Not Secure] [Server] NC 117 3
[06:28:07] [Server thread/INFO]: [Not Secure] [Server] NC 39 0
[06:28:07] [Server thread/INFO]: [Not Secure] [Server] NC 38 3
[06:28:07] [Server thread/INFO]: [Not Secure] [Server] NC 36 0
[06:28:07] [Server thread/INFO]: [Not Secure] [Server] NC 26 3
[06:28:07] [Server thread/INFO]: [Not Secure] [Server] NC 25 0
[06:28:07] [Server thread/INFO]: [Not Secure] [Server] NC 23 3
[06:28:07] [Server thread/INFO]: [Not Secure] [Server] NC -40 0
[06:28:07] [Server thread/INFO]: [Not Secure] [Server] NC -45 3
[06:28:07] [Server thread/INFO]: [Not Secure] [Server] NC -63 0
[06:28:07] [Server thread/INFO]: [Not Secure] [Server] NC -85 3
[06:28:07] [Server thread/INFO]: [Not Secure] [Server] NC -117 0
[06:28:07] [Server thread/INFO]: [Not Secure] [Server] NC -123 3
[06:28:07] [Server thread/INFO]: [Not Secure] [Server] NC -147 0
[06:28:07] [Server thread/INFO]: [Not Secure] [Server] NC -184 3
[06:28:07] [Server thread/INFO]: [Not Secure] [Server] NC -186 0
[06:28:07] [Server thread/INFO]: [Not Secure] [Server] NC -210 3
[06:28:07] [Server thread/INFO]: [Not Secure] [Server] NC -229 0
[06:28:07] [Server thread/INFO]: [Not Secure] [Server] NC -270 3
[06:28:07] [Server thread/INFO]: [Not Secure] [Server] NC -276 0
[06:28:07] [Server thread/INFO]: [Not Secure] [Server] NC -308 3
[06:28:07] [Server thread/INFO]: [Not Secure] [Server] NC -325 0
[06:28:07] [Server thread/INFO]: [Not Secure] [Server] NC -338 1
[06:28:07] [Server thread/INFO]: [Not Secure] [Server] NC -346 3
[06:28:07] [Server thread/INFO]: [Not Secure] [Server] NC -406 0
[06:28:07] [Server thread/INFO]: [Not Secure] [Server] NC -445 3
[06:28:07] [Server thread/INFO]: [Not Secure] [Server] NC -468 0
[06:28:07] [Server thread/INFO]: [Not Secure] [Server] NC -477 3
[06:28:07] [Server thread/INFO]: [Not Secure] [Server] NC -560 0
[06:28:07] [Server thread/INFO]: [Not Secure] [Server] NC -561 3
[06:28:07] [Server thread/INFO]: [Not Secure] [Server] NC -619 0
[06:28:07] [Server thread/INFO]: [Not Secure] [Server] NC -628 3
[06:28:07] [Server thread/INFO]: [Not Secure] [Server] NC -635 0
[06:28:07] [Server thread/INFO]: [Not Secure] [Server] NC -646 3
[06:28:07] [Server thread/INFO]: [Not Secure] [Server] NC -651 0
[06:28:07] [Server thread/INFO]: [Not Secure] [Server] NC -658 1
[06:28:07] [Server thread/INFO]: [Not Secure] [Server] NC -666 3
[06:28:07] [Server thread/INFO]: [Not Secure] [Server] NC -721 0
[06:28:07] [Server thread/INFO]: [Not Secure] [Server] NC -736 3
[06:28:07] [Server thread/INFO]: [Not Secure] [Server] NC -740 0
[06:28:07] [Server thread/INFO]: [Not Secure] [Server] NC -748 3
[06:28:07] [Server thread/INFO]: [Not Secure] [Server] NC -759 0
[06:28:07] [Server thread/INFO]: [Not Secure] [Server] NC -819 3
[06:28:07] [Server thread/INFO]: [Not Secure] [Server] NC -857 0
[06:28:07] [Server thread/INFO]: [Not Secure] [Server] NC -895 3
[06:28:07] [Server thread/INFO]: [Not Secure] [Server] NC -953 0
[06:28:07] [Server thread/INFO]: [Not Secure] [Server] NC -1018 1
[06:28:07] [Server thread/INFO]: [Not Secure] [Server] NC -1026 3
[06:28:07] [Server thread/INFO]: [Not Secure] [Server] NC -1101 0
[06:28:07] [Server thread/INFO]: [Not Secure] [Server] NC -1108 3
[06:28:07] [Server thread/INFO]: [Not Secure] [Server] NC -1133 0
[06:28:07] [Server thread/INFO]: [Not Secure] [Server] NC -1148 3
[06:28:07] [Server thread/INFO]: [Not Secure] [Server] NC -1157 0
[06:28:07] [Server thread/INFO]: [Not Secure] [Server] NC -1162 3
[06:28:07] [Server thread/INFO]: [Not Secure] [Server] NC -1265 0
[06:28:07] [Server thread/INFO]: [Not Secure] [Server] NC -1298 1
[06:28:07] [Server thread/INFO]: [Not Secure] [Server] NC -1307 3
[06:28:07] [Server thread/INFO]: [Not Secure] [Server] NC -1372 0
[06:28:07] [Server thread/INFO]: [Not Secure] [Server] NC -1398 3
[06:28:07] [Server thread/INFO]: [Not Secure] [Server] NC -1558 0
[06:28:07] [Server thread/INFO]: [Not Secure] [Server] NC -1580 3
[06:28:07] [Server thread/INFO]: [Not Secure] [Server] NC -1620 1
[06:28:07] [Server thread/INFO]: [Not Secure] [Server] NC -1639 3
[06:28:07] [Server thread/INFO]: [Not Secure] [Server] NC -1642 0
[06:28:07] [Server thread/INFO]: [Not Secure] [Server] NC -1648 3
[06:28:07] [Server thread/INFO]: [Not Secure] [Server] NC -1678 0
[06:28:07] [Server thread/INFO]: [Not Secure] [Server] NC -1682 3
[06:28:07] [Server thread/INFO]: [Not Secure] [Server] NC -1919 0
[06:28:07] [Server thread/INFO]: [Not Secure] [Server] NC -1929 3
[06:28:07] [Server thread/INFO]: [Not Secure] [Server] NC -1949 0
[06:28:07] [Server thread/INFO]: [Not Secure] [Server] NC -1978 1
[06:28:07] [Server thread/INFO]: [Not Secure] [Server] NC -1983 3
[06:28:07] [Server thread/INFO]: [Not Secure] [Server] NC -2031 2
[06:28:07] [Server thread/INFO]: [Not Secure] [Server] NCOLEND
[06:28:08] [Server thread/INFO]: [Not Secure] [Server] NBIOMEAT 8 8 layer 0
[06:28:09] [Server thread/INFO]: System chat: Running function packtest:nbiome
[06:28:09] [Server thread/INFO]: [Not Secure] [Server] NBIOME nether_wastes
[06:28:09] [Server thread/INFO]: [Not Secure] [Server] NBIOMEAT 8 8 layer 1
[06:28:09] [Server thread/INFO]: System chat: Running function packtest:nbiome
[06:28:09] [Server thread/INFO]: [Not Secure] [Server] NBIOME nether_wastes
[06:28:09] [Server thread/INFO]: [Not Secure] [Server] NBIOMEAT 8 8 layer 2
[06:28:09] [Server thread/INFO]: System chat: Running function packtest:nbiome
[06:28:09] [Server thread/INFO]: [Not Secure] [Server] NBIOME nether_wastes
[06:28:09] [Server thread/INFO]: [Not Secure] [Server] NBIOMEAT 8 8 layer 3
[06:28:09] [Server thread/INFO]: System chat: Running function packtest:nbiome
[06:28:09] [Server thread/INFO]: [Not Secure] [Server] NBIOME crimson_forest
[06:28:09] [Server thread/INFO]: [Not Secure] [Server] NBIOMEAT 8 8 layer 4
[06:28:10] [Server thread/INFO]: System chat: Running function packtest:nbiome
[06:28:10] [Server thread/INFO]: [Not Secure] [Server] NBIOME nether_wastes
[06:28:10] [Server thread/INFO]: [Not Secure] [Server] NBIOMEAT 8 8 layer 5
[06:28:10] [Server thread/INFO]: System chat: Running function packtest:nbiome
[06:28:10] [Server thread/INFO]: [Not Secure] [Server] NBIOME nether_wastes
[06:28:10] [Server thread/INFO]: [Not Secure] [Server] NBIOMEAT 8 8 layer 6
[06:28:10] [Server thread/INFO]: System chat: Running function packtest:nbiome
[06:28:10] [Server thread/INFO]: [Not Secure] [Server] NBIOME crimson_forest
[06:28:10] [Server thread/INFO]: [Not Secure] [Server] NBIOMEAT 8 8 layer 7
[06:28:10] [Server thread/INFO]: System chat: Running function packtest:nbiome
[06:28:10] [Server thread/INFO]: [Not Secure] [Server] NBIOME nether_wastes
[06:28:10] [Server thread/INFO]: [Not Secure] [Server] NBIOMEAT 8 8 layer 8
[06:28:10] [Server thread/INFO]: System chat: Running function packtest:nbiome
[06:28:10] [Server thread/INFO]: [Not Secure] [Server] NBIOME nether_wastes
[06:28:11] [Server thread/INFO]: [Not Secure] [Server] NBIOMEAT 8 8 layer 9
[06:28:11] [Server thread/INFO]: System chat: Running function packtest:nbiome
[06:28:11] [Server thread/INFO]: [Not Secure] [Server] NBIOME crimson_forest
[06:28:11] [Server thread/INFO]: [Not Secure] [Server] NBIOMEAT 8 8 layer 10
[06:28:11] [Server thread/INFO]: System chat: Running function packtest:nbiome
[06:28:11] [Server thread/INFO]: [Not Secure] [Server] NBIOME nether_wastes
[06:28:11] [Server thread/INFO]: [Not Secure] [Server] NBIOMEAT 8 8 layer 11
[06:28:11] [Server thread/INFO]: System chat: Running function packtest:nbiome
[06:28:11] [Server thread/INFO]: [Not Secure] [Server] NBIOME crimson_forest
[06:28:11] [Server thread/INFO]: [Not Secure] [Server] NCOL 72 40
[06:28:11] [Server thread/INFO]: System chat: Running function packtest:ncol
[06:28:11] [Server thread/INFO]: [Not Secure] [Server] NC 2031 2
[06:28:11] [Server thread/INFO]: [Not Secure] [Server] NC 2028 3
[06:28:11] [Server thread/INFO]: [Not Secure] [Server] NC 2024 0
[06:28:11] [Server thread/INFO]: [Not Secure] [Server] NC 2013 3
[06:28:11] [Server thread/INFO]: [Not Secure] [Server] NC 1998 0
[06:28:11] [Server thread/INFO]: [Not Secure] [Server] NC 1979 3
[06:28:11] [Server thread/INFO]: [Not Secure] [Server] NC 1927 0
[06:28:11] [Server thread/INFO]: [Not Secure] [Server] NC 1876 3
[06:28:11] [Server thread/INFO]: [Not Secure] [Server] NC 1866 0
[06:28:11] [Server thread/INFO]: [Not Secure] [Server] NC 1853 3
[06:28:11] [Server thread/INFO]: [Not Secure] [Server] NC 1830 0
[06:28:11] [Server thread/INFO]: [Not Secure] [Server] NC 1814 3
[06:28:11] [Server thread/INFO]: [Not Secure] [Server] NC 1810 0
[06:28:11] [Server thread/INFO]: [Not Secure] [Server] NC 1804 3
[06:28:11] [Server thread/INFO]: [Not Secure] [Server] NC 1769 0
[06:28:11] [Server thread/INFO]: [Not Secure] [Server] NC 1747 3
[06:28:11] [Server thread/INFO]: [Not Secure] [Server] NC 1734 0
[06:28:11] [Server thread/INFO]: [Not Secure] [Server] NC 1722 3
[06:28:11] [Server thread/INFO]: [Not Secure] [Server] NC 1710 0
[06:28:11] [Server thread/INFO]: [Not Secure] [Server] NC 1697 3
[06:28:11] [Server thread/INFO]: [Not Secure] [Server] NC 1689 0
[06:28:11] [Server thread/INFO]: [Not Secure] [Server] NC 1666 3
[06:28:11] [Server thread/INFO]: [Not Secure] [Server] NC 1568 0
[06:28:11] [Server thread/INFO]: [Not Secure] [Server] NC 1567 3
[06:28:11] [Server thread/INFO]: [Not Secure] [Server] NC 1557 0
[06:28:11] [Server thread/INFO]: [Not Secure] [Server] NC 1486 3
[06:28:11] [Server thread/INFO]: [Not Secure] [Server] NC 1425 0
[06:28:11] [Server thread/INFO]: [Not Secure] [Server] NC 1416 3
[06:28:11] [Server thread/INFO]: [Not Secure] [Server] NC 1353 0
[06:28:11] [Server thread/INFO]: [Not Secure] [Server] NC 1343 3
[06:28:11] [Server thread/INFO]: [Not Secure] [Server] NC 1322 0
[06:28:11] [Server thread/INFO]: [Not Secure] [Server] NC 1317 3
[06:28:11] [Server thread/INFO]: [Not Secure] [Server] NC 1292 0
[06:28:11] [Server thread/INFO]: [Not Secure] [Server] NC 1262 3
[06:28:11] [Server thread/INFO]: [Not Secure] [Server] NC 1246 0
[06:28:11] [Server thread/INFO]: [Not Secure] [Server] NC 1118 3
[06:28:11] [Server thread/INFO]: [Not Secure] [Server] NC 1115 0
[06:28:11] [Server thread/INFO]: [Not Secure] [Server] NC 1114 3
[06:28:11] [Server thread/INFO]: [Not Secure] [Server] NC 1112 0
[06:28:11] [Server thread/INFO]: [Not Secure] [Server] NC 1107 3
[06:28:11] [Server thread/INFO]: [Not Secure] [Server] NC 1094 1
[06:28:11] [Server thread/INFO]: [Not Secure] [Server] NC 1093 3
[06:28:11] [Server thread/INFO]: [Not Secure] [Server] NC 1024 0
[06:28:11] [Server thread/INFO]: [Not Secure] [Server] NC 1022 3
[06:28:11] [Server thread/INFO]: [Not Secure] [Server] NC 998 0
[06:28:11] [Server thread/INFO]: [Not Secure] [Server] NC 980 3
[06:28:11] [Server thread/INFO]: [Not Secure] [Server] NC 973 0
[06:28:11] [Server thread/INFO]: [Not Secure] [Server] NC 958 3
[06:28:11] [Server thread/INFO]: [Not Secure] [Server] NC 937 0
[06:28:11] [Server thread/INFO]: [Not Secure] [Server] NC 925 3
[06:28:11] [Server thread/INFO]: [Not Secure] [Server] NC 913 0
[06:28:11] [Server thread/INFO]: [Not Secure] [Server] NC 874 1
[06:28:11] [Server thread/INFO]: [Not Secure] [Server] NC 873 3
[06:28:11] [Server thread/INFO]: [Not Secure] [Server] NC 869 0
[06:28:11] [Server thread/INFO]: [Not Secure] [Server] NC 847 3
[06:28:11] [Server thread/INFO]: [Not Secure] [Server] NC 710 0
[06:28:12] [Server thread/INFO]: [Not Secure] [Server] NC 699 3
[06:28:12] [Server thread/INFO]: [Not Secure] [Server] NC 671 0
[06:28:12] [Server thread/INFO]: [Not Secure] [Server] NC 619 3
[06:28:12] [Server thread/INFO]: [Not Secure] [Server] NC 576 0
[06:28:12] [Server thread/INFO]: [Not Secure] [Server] NC 543 3
[06:28:12] [Server thread/INFO]: [Not Secure] [Server] NC 505 0
[06:28:12] [Server thread/INFO]: [Not Secure] [Server] NC 502 3
[06:28:12] [Server thread/INFO]: [Not Secure] [Server] NC 487 0
[06:28:12] [Server thread/INFO]: [Not Secure] [Server] NC 475 3
[06:28:12] [Server thread/INFO]: [Not Secure] [Server] NC 396 0
[06:28:12] [Server thread/INFO]: [Not Secure] [Server] NC 388 3
[06:28:12] [Server thread/INFO]: [Not Secure] [Server] NC 278 0
[06:28:12] [Server thread/INFO]: [Not Secure] [Server] NC 178 3
[06:28:12] [Server thread/INFO]: [Not Secure] [Server] NC 174 0
[06:28:12] [Server thread/INFO]: [Not Secure] [Server] NC 161 3
[06:28:12] [Server thread/INFO]: [Not Secure] [Server] NC 94 0
[06:28:12] [Server thread/INFO]: [Not Secure] [Server] NC 34 3
[06:28:12] [Server thread/INFO]: [Not Secure] [Server] NC 33 0
[06:28:12] [Server thread/INFO]: [Not Secure] [Server] NC 22 3
[06:28:12] [Server thread/INFO]: [Not Secure] [Server] NC -71 0
[06:28:12] [Server thread/INFO]: [Not Secure] [Server] NC -74 3
[06:28:12] [Server thread/INFO]: [Not Secure] [Server] NC -117 0
[06:28:12] [Server thread/INFO]: [Not Secure] [Server] NC -126 3
[06:28:12] [Server thread/INFO]: [Not Secure] [Server] NC -131 0
[06:28:12] [Server thread/INFO]: [Not Secure] [Server] NC -200 3
[06:28:12] [Server thread/INFO]: [Not Secure] [Server] NC -201 0
[06:28:12] [Server thread/INFO]: [Not Secure] [Server] NC -244 3
[06:28:12] [Server thread/INFO]: [Not Secure] [Server] NC -252 0
[06:28:12] [Server thread/INFO]: [Not Secure] [Server] NC -347 3
[06:28:12] [Server thread/INFO]: [Not Secure] [Server] NC -372 0
[06:28:12] [Server thread/INFO]: [Not Secure] [Server] NC -389 3
[06:28:12] [Server thread/INFO]: [Not Secure] [Server] NC -418 0
[06:28:12] [Server thread/INFO]: [Not Secure] [Server] NC -429 3
[06:28:12] [Server thread/INFO]: [Not Secure] [Server] NC -497 0
[06:28:12] [Server thread/INFO]: [Not Secure] [Server] NC -508 3
[06:28:12] [Server thread/INFO]: [Not Secure] [Server] NC -516 0
[06:28:12] [Server thread/INFO]: [Not Secure] [Server] NC -527 3
[06:28:12] [Server thread/INFO]: [Not Secure] [Server] NC -531 0
[06:28:12] [Server thread/INFO]: [Not Secure] [Server] NC -551 3
[06:28:12] [Server thread/INFO]: [Not Secure] [Server] NC -556 0
[06:28:12] [Server thread/INFO]: [Not Secure] [Server] NC -582 3
[06:28:12] [Server thread/INFO]: [Not Secure] [Server] NC -606 0
[06:28:12] [Server thread/INFO]: [Not Secure] [Server] NC -619 3
[06:28:12] [Server thread/INFO]: [Not Secure] [Server] NC -693 0
[06:28:12] [Server thread/INFO]: [Not Secure] [Server] NC -720 3
[06:28:12] [Server thread/INFO]: [Not Secure] [Server] NC -723 0
[06:28:12] [Server thread/INFO]: [Not Secure] [Server] NC -763 3
[06:28:12] [Server thread/INFO]: [Not Secure] [Server] NC -788 0
[06:28:12] [Server thread/INFO]: [Not Secure] [Server] NC -825 3
[06:28:12] [Server thread/INFO]: [Not Secure] [Server] NC -843 0
[06:28:12] [Server thread/INFO]: [Not Secure] [Server] NC -870 1
[06:28:12] [Server thread/INFO]: [Not Secure] [Server] NC -871 3
[06:28:12] [Server thread/INFO]: [Not Secure] [Server] NC -874 0
[06:28:12] [Server thread/INFO]: [Not Secure] [Server] NC -923 3
[06:28:12] [Server thread/INFO]: [Not Secure] [Server] NC -943 0
[06:28:12] [Server thread/INFO]: [Not Secure] [Server] NC -1017 3
[06:28:12] [Server thread/INFO]: [Not Secure] [Server] NC -1076 0
[06:28:12] [Server thread/INFO]: [Not Secure] [Server] NC -1094 3
[06:28:12] [Server thread/INFO]: [Not Secure] [Server] NC -1100 0
[06:28:12] [Server thread/INFO]: [Not Secure] [Server] NC -1182 3
[06:28:12] [Server thread/INFO]: [Not Secure] [Server] NC -1196 0
[06:28:12] [Server thread/INFO]: [Not Secure] [Server] NC -1202 3
[06:28:12] [Server thread/INFO]: [Not Secure] [Server] NC -1223 0
[06:28:12] [Server thread/INFO]: [Not Secure] [Server] NC -1240 3
[06:28:12] [Server thread/INFO]: [Not Secure] [Server] NC -1305 0
[06:28:12] [Server thread/INFO]: [Not Secure] [Server] NC -1343 3
[06:28:12] [Server thread/INFO]: [Not Secure] [Server] NC -1399 0
[06:28:12] [Server thread/INFO]: [Not Secure] [Server] NC -1433 3
[06:28:12] [Server thread/INFO]: [Not Secure] [Server] NC -1444 0
[06:28:12] [Server thread/INFO]: [Not Secure] [Server] NC -1475 3
[06:28:12] [Server thread/INFO]: [Not Secure] [Server] NC -1581 0
[06:28:12] [Server thread/INFO]: [Not Secure] [Server] NC -1596 3
[06:28:12] [Server thread/INFO]: [Not Secure] [Server] NC -1613 0
[06:28:12] [Server thread/INFO]: [Not Secure] [Server] NC -1621 3
[06:28:12] [Server thread/INFO]: [Not Secure] [Server] NC -1629 0
[06:28:12] [Server thread/INFO]: [Not Secure] [Server] NC -1670 3
[06:28:12] [Server thread/INFO]: [Not Secure] [Server] NC -1673 0
[06:28:12] [Server thread/INFO]: [Not Secure] [Server] NC -1685 3
[06:28:12] [Server thread/INFO]: [Not Secure] [Server] NC -1797 0
[06:28:12] [Server thread/INFO]: [Not Secure] [Server] NC -1815 3
[06:28:12] [Server thread/INFO]: [Not Secure] [Server] NC -1846 0
[06:28:12] [Server thread/INFO]: [Not Secure] [Server] NC -1886 3
[06:28:12] [Server thread/INFO]: [Not Secure] [Server] NC -1890 0
[06:28:12] [Server thread/INFO]: [Not Secure] [Server] NC -1954 3
[06:28:12] [Server thread/INFO]: [Not Secure] [Server] NC -2028 2
[06:28:12] [Server thread/INFO]: [Not Secure] [Server] NC -2029 3
[06:28:12] [Server thread/INFO]: [Not Secure] [Server] NC -2030 2
[06:28:12] [Server thread/INFO]: [Not Secure] [Server] NCOLEND
[06:28:12] [Server thread/INFO]: [Not Secure] [Server] NBIOMEAT 72 40 layer 0
[06:28:12] [Server thread/INFO]: System chat: Running function packtest:nbiome
[06:28:12] [Server thread/INFO]: [Not Secure] [Server] NBIOME nether_wastes
[06:28:12] [Server thread/INFO]: [Not Secure] [Server] NBIOMEAT 72 40 layer 1
[06:28:12] [Server thread/INFO]: System chat: Running function packtest:nbiome
[06:28:12] [Server thread/INFO]: [Not Secure] [Server] NBIOME nether_wastes
[06:28:12] [Server thread/INFO]: [Not Secure] [Server] NBIOMEAT 72 40 layer 2
[06:28:12] [Server thread/INFO]: System chat: Running function packtest:nbiome
[06:28:12] [Server thread/INFO]: [Not Secure] [Server] NBIOME nether_wastes
[06:28:12] [Server thread/INFO]: [Not Secure] [Server] NBIOMEAT 72 40 layer 3
[06:28:12] [Server thread/INFO]: System chat: Running function packtest:nbiome
[06:28:12] [Server thread/INFO]: [Not Secure] [Server] NBIOME crimson_forest
[06:28:13] [Server thread/INFO]: [Not Secure] [Server] NBIOMEAT 72 40 layer 4
[06:28:13] [Server thread/INFO]: System chat: Running function packtest:nbiome
[06:28:13] [Server thread/INFO]: [Not Secure] [Server] NBIOME nether_wastes
[06:28:13] [Server thread/INFO]: [Not Secure] [Server] NBIOMEAT 72 40 layer 5
[06:28:13] [Server thread/INFO]: System chat: Running function packtest:nbiome
[06:28:13] [Server thread/INFO]: [Not Secure] [Server] NBIOME nether_wastes
[06:28:13] [Server thread/INFO]: [Not Secure] [Server] NBIOMEAT 72 40 layer 6
[06:28:13] [Server thread/INFO]: System chat: Running function packtest:nbiome
[06:28:13] [Server thread/INFO]: [Not Secure] [Server] NBIOME crimson_forest
[06:28:13] [Server thread/INFO]: [Not Secure] [Server] NBIOMEAT 72 40 layer 7
[06:28:13] [Server thread/INFO]: System chat: Running function packtest:nbiome
[06:28:13] [Server thread/INFO]: [Not Secure] [Server] NBIOME nether_wastes
[06:28:14] [Server thread/INFO]: [Not Secure] [Server] NBIOMEAT 72 40 layer 8
[06:28:14] [Server thread/INFO]: System chat: Running function packtest:nbiome
[06:28:14] [Server thread/INFO]: [Not Secure] [Server] NBIOME basalt_deltas
[06:28:14] [Server thread/INFO]: [Not Secure] [Server] NBIOMEAT 72 40 layer 9
[06:28:14] [Server thread/INFO]: System chat: Running function packtest:nbiome
[06:28:14] [Server thread/INFO]: [Not Secure] [Server] NBIOME crimson_forest
[06:28:14] [Server thread/INFO]: [Not Secure] [Server] NBIOMEAT 72 40 layer 10
[06:28:14] [Server thread/INFO]: System chat: Running function packtest:nbiome
[06:28:14] [Server thread/INFO]: [Not Secure] [Server] NBIOME nether_wastes
[06:28:14] [Server thread/INFO]: [Not Secure] [Server] NBIOMEAT 72 40 layer 11
[06:28:14] [Server thread/INFO]: System chat: Running function packtest:nbiome
[06:28:14] [Server thread/INFO]: [Not Secure] [Server] NBIOME crimson_forest
[06:28:15] [Server thread/INFO]: [Not Secure] [Server] NCOL 120 120
[06:28:15] [Server thread/INFO]: System chat: Running function packtest:ncol
[06:28:15] [Server thread/INFO]: [Not Secure] [Server] NC 2031 2
[06:28:15] [Server thread/INFO]: [Not Secure] [Server] NC 2027 3
[06:28:15] [Server thread/INFO]: [Not Secure] [Server] NC 2015 0
[06:28:15] [Server thread/INFO]: [Not Secure] [Server] NC 1996 3
[06:28:15] [Server thread/INFO]: [Not Secure] [Server] NC 1995 0
[06:28:15] [Server thread/INFO]: [Not Secure] [Server] NC 1994 3
[06:28:15] [Server thread/INFO]: [Not Secure] [Server] NC 1992 0
[06:28:15] [Server thread/INFO]: [Not Secure] [Server] NC 1990 3
[06:28:15] [Server thread/INFO]: [Not Secure] [Server] NC 1945 0
[06:28:15] [Server thread/INFO]: [Not Secure] [Server] NC 1937 3
[06:28:15] [Server thread/INFO]: [Not Secure] [Server] NC 1936 0
[06:28:15] [Server thread/INFO]: [Not Secure] [Server] NC 1935 3
[06:28:15] [Server thread/INFO]: [Not Secure] [Server] NC 1933 0
[06:28:15] [Server thread/INFO]: [Not Secure] [Server] NC 1927 3
[06:28:15] [Server thread/INFO]: [Not Secure] [Server] NC 1880 0
[06:28:15] [Server thread/INFO]: [Not Secure] [Server] NC 1879 3
[06:28:15] [Server thread/INFO]: [Not Secure] [Server] NC 1856 0
[06:28:15] [Server thread/INFO]: [Not Secure] [Server] NC 1847 3
[06:28:15] [Server thread/INFO]: [Not Secure] [Server] NC 1825 0
[06:28:15] [Server thread/INFO]: [Not Secure] [Server] NC 1812 3
[06:28:15] [Server thread/INFO]: [Not Secure] [Server] NC 1766 0
[06:28:15] [Server thread/INFO]: [Not Secure] [Server] NC 1753 3
[06:28:15] [Server thread/INFO]: [Not Secure] [Server] NC 1748 0
[06:28:15] [Server thread/INFO]: [Not Secure] [Server] NC 1671 3
[06:28:15] [Server thread/INFO]: [Not Secure] [Server] NC 1660 1
[06:28:15] [Server thread/INFO]: [Not Secure] [Server] NC 1654 3
[06:28:15] [Server thread/INFO]: [Not Secure] [Server] NC 1606 0
[06:28:15] [Server thread/INFO]: [Not Secure] [Server] NC 1572 3
[06:28:15] [Server thread/INFO]: [Not Secure] [Server] NC 1556 0
[06:28:15] [Server thread/INFO]: [Not Secure] [Server] NC 1532 3
[06:28:15] [Server thread/INFO]: [Not Secure] [Server] NC 1491 0
[06:28:15] [Server thread/INFO]: [Not Secure] [Server] NC 1461 3
[06:28:15] [Server thread/INFO]: [Not Secure] [Server] NC 1388 0
[06:28:15] [Server thread/INFO]: [Not Secure] [Server] NC 1380 3
[06:28:15] [Server thread/INFO]: [Not Secure] [Server] NC 1373 0
[06:28:15] [Server thread/INFO]: [Not Secure] [Server] NC 1321 3
[06:28:15] [Server thread/INFO]: [Not Secure] [Server] NC 1318 0
[06:28:15] [Server thread/INFO]: [Not Secure] [Server] NC 1309 3
[06:28:15] [Server thread/INFO]: [Not Secure] [Server] NC 1302 1
[06:28:15] [Server thread/INFO]: [Not Secure] [Server] NC 1293 3
[06:28:15] [Server thread/INFO]: [Not Secure] [Server] NC 1247 0
[06:28:15] [Server thread/INFO]: [Not Secure] [Server] NC 1116 3
[06:28:15] [Server thread/INFO]: [Not Secure] [Server] NC 1091 0
[06:28:15] [Server thread/INFO]: [Not Secure] [Server] NC 1053 3
[06:28:15] [Server thread/INFO]: [Not Secure] [Server] NC 983 0
[06:28:15] [Server thread/INFO]: [Not Secure] [Server] NC 982 1
[06:28:15] [Server thread/INFO]: [Not Secure] [Server] NC 973 3
[06:28:15] [Server thread/INFO]: [Not Secure] [Server] NC 916 0
[06:28:15] [Server thread/INFO]: [Not Secure] [Server] NC 891 3
[06:28:15] [Server thread/INFO]: [Not Secure] [Server] NC 887 0
[06:28:15] [Server thread/INFO]: [Not Secure] [Server] NC 879 3
[06:28:15] [Server thread/INFO]: [Not Secure] [Server] NC 859 0
[06:28:15] [Server thread/INFO]: [Not Secure] [Server] NC 824 3
[06:28:15] [Server thread/INFO]: [Not Secure] [Server] NC 711 0
[06:28:15] [Server thread/INFO]: [Not Secure] [Server] NC 702 1
[06:28:15] [Server thread/INFO]: [Not Secure] [Server] NC 691 3
[06:28:15] [Server thread/INFO]: [Not Secure] [Server] NC 588 0
[06:28:15] [Server thread/INFO]: [Not Secure] [Server] NC 480 3
[06:28:15] [Server thread/INFO]: [Not Secure] [Server] NC 459 0
[06:28:15] [Server thread/INFO]: [Not Secure] [Server] NC 385 3
[06:28:15] [Server thread/INFO]: [Not Secure] [Server] NC 383 0
[06:28:15] [Server thread/INFO]: [Not Secure] [Server] NC 361 3
[06:28:15] [Server thread/INFO]: [Not Secure] [Server] NC 280 0
[06:28:15] [Server thread/INFO]: [Not Secure] [Server] NC 262 3
[06:28:15] [Server thread/INFO]: [Not Secure] [Server] NC 231 0
[06:28:15] [Server thread/INFO]: [Not Secure] [Server] NC 192 3
[06:28:15] [Server thread/INFO]: [Not Secure] [Server] NC 191 0
[06:28:15] [Server thread/INFO]: [Not Secure] [Server] NC 179 3
[06:28:15] [Server thread/INFO]: [Not Secure] [Server] NC 155 0
[06:28:15] [Server thread/INFO]: [Not Secure] [Server] NC 147 3
[06:28:15] [Server thread/INFO]: [Not Secure] [Server] NC 65 0
[06:28:15] [Server thread/INFO]: [Not Secure] [Server] NC 61 3
[06:28:15] [Server thread/INFO]: [Not Secure] [Server] NC 45 0
[06:28:15] [Server thread/INFO]: [Not Secure] [Server] NC 22 1
[06:28:15] [Server thread/INFO]: [Not Secure] [Server] NC 13 3
[06:28:15] [Server thread/INFO]: [Not Secure] [Server] NC -46 0
[06:28:15] [Server thread/INFO]: [Not Secure] [Server] NC -49 3
[06:28:15] [Server thread/INFO]: [Not Secure] [Server] NC -146 0
[06:28:15] [Server thread/INFO]: [Not Secure] [Server] NC -211 3
[06:28:15] [Server thread/INFO]: [Not Secure] [Server] NC -221 0
[06:28:15] [Server thread/INFO]: [Not Secure] [Server] NC -226 3
[06:28:15] [Server thread/INFO]: [Not Secure] [Server] NC -235 0
[06:28:15] [Server thread/INFO]: [Not Secure] [Server] NC -285 3
[06:28:15] [Server thread/INFO]: [Not Secure] [Server] NC -305 0
[06:28:15] [Server thread/INFO]: [Not Secure] [Server] NC -338 1
[06:28:15] [Server thread/INFO]: [Not Secure] [Server] NC -349 3
[06:28:15] [Server thread/INFO]: [Not Secure] [Server] NC -413 0
[06:28:15] [Server thread/INFO]: [Not Secure] [Server] NC -419 3
[06:28:15] [Server thread/INFO]: [Not Secure] [Server] NC -440 0
[06:28:15] [Server thread/INFO]: [Not Secure] [Server] NC -467 3
[06:28:15] [Server thread/INFO]: [Not Secure] [Server] NC -502 0
[06:28:15] [Server thread/INFO]: [Not Secure] [Server] NC -564 3
[06:28:15] [Server thread/INFO]: [Not Secure] [Server] NC -593 0
[06:28:15] [Server thread/INFO]: [Not Secure] [Server] NC -617 3
[06:28:15] [Server thread/INFO]: [Not Secure] [Server] NC -643 0
[06:28:15] [Server thread/INFO]: [Not Secure] [Server] NC -658 1
[06:28:15] [Server thread/INFO]: [Not Secure] [Server] NC -659 3
[06:28:15] [Server thread/INFO]: [Not Secure] [Server] NC -716 0
[06:28:15] [Server thread/INFO]: [Not Secure] [Server] NC -757 3
[06:28:15] [Server thread/INFO]: [Not Secure] [Server] NC -787 0
[06:28:15] [Server thread/INFO]: [Not Secure] [Server] NC -887 3
[06:28:15] [Server thread/INFO]: [Not Secure] [Server] NC -890 0
[06:28:15] [Server thread/INFO]: [Not Secure] [Server] NC -913 3
[06:28:15] [Server thread/INFO]: [Not Secure] [Server] NC -933 0
[06:28:15] [Server thread/INFO]: [Not Secure] [Server] NC -982 3
[06:28:15] [Server thread/INFO]: [Not Secure] [Server] NC -996 0
[06:28:15] [Server thread/INFO]: [Not Secure] [Server] NC -1008 3
[06:28:15] [Server thread/INFO]: [Not Secure] [Server] NC -1009 0
[06:28:15] [Server thread/INFO]: [Not Secure] [Server] NC -1018 1
[06:28:15] [Server thread/INFO]: [Not Secure] [Server] NC -1027 3
[06:28:15] [Server thread/INFO]: [Not Secure] [Server] NC -1077 0
[06:28:15] [Server thread/INFO]: [Not Secure] [Server] NC -1094 3
[06:28:15] [Server thread/INFO]: [Not Secure] [Server] NC -1113 0
[06:28:15] [Server thread/INFO]: [Not Secure] [Server] NC -1176 3
[06:28:15] [Server thread/INFO]: [Not Secure] [Server] NC -1178 0
[06:28:15] [Server thread/INFO]: [Not Secure] [Server] NC -1262 3
[06:28:15] [Server thread/INFO]: [Not Secure] [Server] NC -1268 0
[06:28:15] [Server thread/INFO]: [Not Secure] [Server] NC -1282 3
[06:28:15] [Server thread/INFO]: [Not Secure] [Server] NC -1297 0
[06:28:15] [Server thread/INFO]: [Not Secure] [Server] NC -1298 1
[06:28:15] [Server thread/INFO]: [Not Secure] [Server] NC -1310 3
[06:28:15] [Server thread/INFO]: [Not Secure] [Server] NC -1357 0
[06:28:15] [Server thread/INFO]: [Not Secure] [Server] NC -1406 3
[06:28:15] [Server thread/INFO]: [Not Secure] [Server] NC -1410 0
[06:28:15] [Server thread/INFO]: [Not Secure] [Server] NC -1428 3
[06:28:15] [Server thread/INFO]: [Not Secure] [Server] NC -1429 0
[06:28:15] [Server thread/INFO]: [Not Secure] [Server] NC -1435 3
[06:28:15] [Server thread/INFO]: [Not Secure] [Server] NC -1436 0
[06:28:15] [Server thread/INFO]: [Not Secure] [Server] NC -1440 3
[06:28:15] [Server thread/INFO]: [Not Secure] [Server] NC -1465 0
[06:28:15] [Server thread/INFO]: [Not Secure] [Server] NC -1480 3
[06:28:15] [Server thread/INFO]: [Not Secure] [Server] NC -1481 0
[06:28:15] [Server thread/INFO]: [Not Secure] [Server] NC -1522 3
[06:28:15] [Server thread/INFO]: [Not Secure] [Server] NC -1582 0
[06:28:15] [Server thread/INFO]: [Not Secure] [Server] NC -1585 3
[06:28:15] [Server thread/INFO]: [Not Secure] [Server] NC -1679 0
[06:28:15] [Server thread/INFO]: [Not Secure] [Server] NC -1713 3
[06:28:15] [Server thread/INFO]: [Not Secure] [Server] NC -1716 0
[06:28:15] [Server thread/INFO]: [Not Secure] [Server] NC -1725 3
[06:28:15] [Server thread/INFO]: [Not Secure] [Server] NC -1784 0
[06:28:15] [Server thread/INFO]: [Not Secure] [Server] NC -1798 3
[06:28:15] [Server thread/INFO]: [Not Secure] [Server] NC -1805 0
[06:28:15] [Server thread/INFO]: [Not Secure] [Server] NC -1830 3
[06:28:15] [Server thread/INFO]: [Not Secure] [Server] NC -1833 0
[06:28:15] [Server thread/INFO]: [Not Secure] [Server] NC -1837 3
[06:28:15] [Server thread/INFO]: [Not Secure] [Server] NC -1848 0
[06:28:15] [Server thread/INFO]: [Not Secure] [Server] NC -1849 3
[06:28:15] [Server thread/INFO]: [Not Secure] [Server] NC -1877 0
[06:28:15] [Server thread/INFO]: [Not Secure] [Server] NC -1907 3
[06:28:15] [Server thread/INFO]: [Not Secure] [Server] NC -2031 2
[06:28:15] [Server thread/INFO]: [Not Secure] [Server] NCOLEND
[06:28:15] [Server thread/INFO]: [Not Secure] [Server] NBIOMEAT 120 120 layer 0
[06:28:15] [Server thread/INFO]: System chat: Running function packtest:nbiome
[06:28:15] [Server thread/INFO]: [Not Secure] [Server] NBIOME crimson_forest
[06:28:15] [Server thread/INFO]: [Not Secure] [Server] NBIOMEAT 120 120 layer 1
[06:28:15] [Server thread/INFO]: System chat: Running function packtest:nbiome
[06:28:15] [Server thread/INFO]: [Not Secure] [Server] NBIOME warped_forest
[06:28:15] [Server thread/INFO]: [Not Secure] [Server] NBIOMEAT 120 120 layer 2
[06:28:15] [Server thread/INFO]: System chat: Running function packtest:nbiome
[06:28:15] [Server thread/INFO]: [Not Secure] [Server] NBIOME nether_wastes
[06:28:16] [Server thread/INFO]: [Not Secure] [Server] NBIOMEAT 120 120 layer 3
[06:28:16] [Server thread/INFO]: System chat: Running function packtest:nbiome
[06:28:16] [Server thread/INFO]: [Not Secure] [Server] NBIOME crimson_forest
[06:28:16] [Server thread/INFO]: [Not Secure] [Server] NBIOMEAT 120 120 layer 4
[06:28:16] [Server thread/INFO]: System chat: Running function packtest:nbiome
[06:28:16] [Server thread/INFO]: [Not Secure] [Server] NBIOME soul_sand_valley
[06:28:16] [Server thread/INFO]: [Not Secure] [Server] NBIOMEAT 120 120 layer 5
[06:28:16] [Server thread/INFO]: System chat: Running function packtest:nbiome
[06:28:16] [Server thread/INFO]: [Not Secure] [Server] NBIOME nether_wastes
[06:28:16] [Server thread/INFO]: [Not Secure] [Server] NBIOMEAT 120 120 layer 6
[06:28:16] [Server thread/INFO]: System chat: Running function packtest:nbiome
[06:28:16] [Server thread/INFO]: [Not Secure] [Server] NBIOME crimson_forest
[06:28:17] [Server thread/INFO]: [Not Secure] [Server] NBIOMEAT 120 120 layer 7
[06:28:17] [Server thread/INFO]: System chat: Running function packtest:nbiome
[06:28:17] [Server thread/INFO]: [Not Secure] [Server] NBIOME nether_wastes
[06:28:17] [Server thread/INFO]: [Not Secure] [Server] NBIOMEAT 120 120 layer 8
[06:28:17] [Server thread/INFO]: System chat: Running function packtest:nbiome
[06:28:17] [Server thread/INFO]: [Not Secure] [Server] NBIOME basalt_deltas
[06:28:17] [Server thread/INFO]: [Not Secure] [Server] NBIOMEAT 120 120 layer 9
[06:28:17] [Server thread/INFO]: System chat: Running function packtest:nbiome
[06:28:17] [Server thread/INFO]: [Not Secure] [Server] NBIOME soul_sand_valley
[06:28:17] [Server thread/INFO]: [Not Secure] [Server] NBIOMEAT 120 120 layer 10
[06:28:17] [Server thread/INFO]: System chat: Running function packtest:nbiome
[06:28:17] [Server thread/INFO]: [Not Secure] [Server] NBIOME basalt_deltas
[06:28:18] [Server thread/INFO]: [Not Secure] [Server] NBIOMEAT 120 120 layer 11
[06:28:18] [Server thread/INFO]: System chat: Running function packtest:nbiome
[06:28:18] [Server thread/INFO]: [Not Secure] [Server] NBIOME crimson_forest
[06:28:18] [Server thread/INFO]: [Not Secure] [Server] NCOL 40 100
[06:28:18] [Server thread/INFO]: System chat: Running function packtest:ncol
[06:28:18] [Server thread/INFO]: [Not Secure] [Server] NC 2031 2
[06:28:18] [Server thread/INFO]: [Not Secure] [Server] NC 2027 3
[06:28:18] [Server thread/INFO]: [Not Secure] [Server] NC 1994 0
[06:28:18] [Server thread/INFO]: [Not Secure] [Server] NC 1989 3
[06:28:18] [Server thread/INFO]: [Not Secure] [Server] NC 1925 0
[06:28:18] [Server thread/INFO]: [Not Secure] [Server] NC 1918 3
[06:28:18] [Server thread/INFO]: [Not Secure] [Server] NC 1889 0
[06:28:18] [Server thread/INFO]: [Not Secure] [Server] NC 1875 3
[06:28:18] [Server thread/INFO]: [Not Secure] [Server] NC 1873 0
[06:28:18] [Server thread/INFO]: [Not Secure] [Server] NC 1870 3
[06:28:18] [Server thread/INFO]: [Not Secure] [Server] NC 1858 0
[06:28:18] [Server thread/INFO]: [Not Secure] [Server] NC 1844 3
[06:28:18] [Server thread/INFO]: [Not Secure] [Server] NC 1823 0
[06:28:18] [Server thread/INFO]: [Not Secure] [Server] NC 1814 3
[06:28:18] [Server thread/INFO]: [Not Secure] [Server] NC 1813 0
[06:28:18] [Server thread/INFO]: [Not Secure] [Server] NC 1787 3
[06:28:18] [Server thread/INFO]: [Not Secure] [Server] NC 1780 0
[06:28:18] [Server thread/INFO]: [Not Secure] [Server] NC 1769 3
[06:28:18] [Server thread/INFO]: [Not Secure] [Server] NC 1768 0
[06:28:18] [Server thread/INFO]: [Not Secure] [Server] NC 1765 3
[06:28:18] [Server thread/INFO]: [Not Secure] [Server] NC 1731 0
[06:28:18] [Server thread/INFO]: [Not Secure] [Server] NC 1700 3
[06:28:18] [Server thread/INFO]: [Not Secure] [Server] NC 1690 0
[06:28:18] [Server thread/INFO]: [Not Secure] [Server] NC 1671 3
[06:28:18] [Server thread/INFO]: [Not Secure] [Server] NC 1604 0
[06:28:18] [Server thread/INFO]: [Not Secure] [Server] NC 1509 3
[06:28:18] [Server thread/INFO]: [Not Secure] [Server] NC 1238 0
[06:28:18] [Server thread/INFO]: [Not Secure] [Server] NC 1157 3
[06:28:18] [Server thread/INFO]: [Not Secure] [Server] NC 1146 0
[06:28:18] [Server thread/INFO]: [Not Secure] [Server] NC 1089 3
[06:28:18] [Server thread/INFO]: [Not Secure] [Server] NC 1075 0
[06:28:18] [Server thread/INFO]: [Not Secure] [Server] NC 1068 3
[06:28:18] [Server thread/INFO]: [Not Secure] [Server] NC 1008 0
[06:28:18] [Server thread/INFO]: [Not Secure] [Server] NC 982 1
[06:28:18] [Server thread/INFO]: [Not Secure] [Server] NC 972 3
[06:28:18] [Server thread/INFO]: [Not Secure] [Server] NC 925 0
[06:28:18] [Server thread/INFO]: [Not Secure] [Server] NC 872 1
[06:28:18] [Server thread/INFO]: [Not Secure] [Server] NC 871 3
[06:28:18] [Server thread/INFO]: [Not Secure] [Server] NC 786 0
[06:28:18] [Server thread/INFO]: [Not Secure] [Server] NC 745 3
[06:28:18] [Server thread/INFO]: [Not Secure] [Server] NC 646 0
[06:28:18] [Server thread/INFO]: [Not Secure] [Server] NC 625 3
[06:28:18] [Server thread/INFO]: [Not Secure] [Server] NC 620 0
[06:28:18] [Server thread/INFO]: [Not Secure] [Server] NC 598 3
[06:28:18] [Server thread/INFO]: [Not Secure] [Server] NC 587 0
[06:28:18] [Server thread/INFO]: [Not Secure] [Server] NC 516 3
[06:28:18] [Server thread/INFO]: [Not Secure] [Server] NC 501 0
[06:28:18] [Server thread/INFO]: [Not Secure] [Server] NC 467 3
[06:28:18] [Server thread/INFO]: [Not Secure] [Server] NC 389 0
[06:28:18] [Server thread/INFO]: [Not Secure] [Server] NC 379 3
[06:28:18] [Server thread/INFO]: [Not Secure] [Server] NC 365 0
[06:28:18] [Server thread/INFO]: [Not Secure] [Server] NC 342 1
[06:28:18] [Server thread/INFO]: [Not Secure] [Server] NC 332 3
[06:28:18] [Server thread/INFO]: [Not Secure] [Server] NC 207 0
[06:28:18] [Server thread/INFO]: [Not Secure] [Server] NC 198 3
[06:28:18] [Server thread/INFO]: [Not Secure] [Server] NC 185 0
[06:28:18] [Server thread/INFO]: [Not Secure] [Server] NC 172 3
[06:28:18] [Server thread/INFO]: [Not Secure] [Server] NC 105 0
[06:28:18] [Server thread/INFO]: [Not Secure] [Server] NC 102 3
[06:28:18] [Server thread/INFO]: [Not Secure] [Server] NC 94 0
[06:28:18] [Server thread/INFO]: [Not Secure] [Server] NC 45 3
[06:28:18] [Server thread/INFO]: [Not Secure] [Server] NC 43 0
[06:28:18] [Server thread/INFO]: [Not Secure] [Server] NC 41 3
[06:28:18] [Server thread/INFO]: [Not Secure] [Server] NC 40 0
[06:28:18] [Server thread/INFO]: [Not Secure] [Server] NC 35 3
[06:28:18] [Server thread/INFO]: [Not Secure] [Server] NC 27 0
[06:28:18] [Server thread/INFO]: [Not Secure] [Server] NC 22 1
[06:28:18] [Server thread/INFO]: [Not Secure] [Server] NC 14 3
[06:28:18] [Server thread/INFO]: [Not Secure] [Server] NC -117 0
[06:28:18] [Server thread/INFO]: [Not Secure] [Server] NC -130 3
[06:28:18] [Server thread/INFO]: [Not Secure] [Server] NC -148 0
[06:28:18] [Server thread/INFO]: [Not Secure] [Server] NC -245 3
[06:28:18] [Server thread/INFO]: [Not Secure] [Server] NC -254 0
[06:28:18] [Server thread/INFO]: [Not Secure] [Server] NC -277 3
[06:28:18] [Server thread/INFO]: [Not Secure] [Server] NC -313 0
[06:28:18] [Server thread/INFO]: [Not Secure] [Server] NC -338 1
[06:28:18] [Server thread/INFO]: [Not Secure] [Server] NC -342 3
[06:28:18] [Server thread/INFO]: [Not Secure] [Server] NC -400 0
[06:28:18] [Server thread/INFO]: [Not Secure] [Server] NC -413 3
[06:28:18] [Server thread/INFO]: [Not Secure] [Server] NC -461 0
[06:28:18] [Server thread/INFO]: [Not Secure] [Server] NC -580 3
[06:28:18] [Server thread/INFO]: [Not Secure] [Server] NC -645 0
[06:28:18] [Server thread/INFO]: [Not Secure] [Server] NC -658 3
[06:28:18] [Server thread/INFO]: [Not Secure] [Server] NC -716 0
[06:28:18] [Server thread/INFO]: [Not Secure] [Server] NC -734 3
[06:28:18] [Server thread/INFO]: [Not Secure] [Server] NC -788 0
[06:28:18] [Server thread/INFO]: [Not Secure] [Server] NC -888 3
[06:28:18] [Server thread/INFO]: [Not Secure] [Server] NC -891 0
[06:28:18] [Server thread/INFO]: [Not Secure] [Server] NC -896 3
[06:28:18] [Server thread/INFO]: [Not Secure] [Server] NC -897 0
[06:28:18] [Server thread/INFO]: [Not Secure] [Server] NC -918 3
[06:28:18] [Server thread/INFO]: [Not Secure] [Server] NC -945 0
[06:28:18] [Server thread/INFO]: [Not Secure] [Server] NC -959 3
[06:28:18] [Server thread/INFO]: [Not Secure] [Server] NC -971 0
[06:28:18] [Server thread/INFO]: [Not Secure] [Server] NC -1001 3
[06:28:18] [Server thread/INFO]: [Not Secure] [Server] NC -1014 0
[06:28:18] [Server thread/INFO]: [Not Secure] [Server] NC -1018 1
[06:28:18] [Server thread/INFO]: [Not Secure] [Server] NC -1026 3
[06:28:18] [Server thread/INFO]: [Not Secure] [Server] NC -1073 0
[06:28:18] [Server thread/INFO]: [Not Secure] [Server] NC -1102 3
[06:28:18] [Server thread/INFO]: [Not Secure] [Server] NC -1106 0
[06:28:18] [Server thread/INFO]: [Not Secure] [Server] NC -1157 3
[06:28:18] [Server thread/INFO]: [Not Secure] [Server] NC -1160 0
[06:28:18] [Server thread/INFO]: [Not Secure] [Server] NC -1168 3
[06:28:18] [Server thread/INFO]: [Not Secure] [Server] NC -1196 0
[06:28:18] [Server thread/INFO]: [Not Secure] [Server] NC -1203 3
[06:28:18] [Server thread/INFO]: [Not Secure] [Server] NC -1247 0
[06:28:18] [Server thread/INFO]: [Not Secure] [Server] NC -1253 3
[06:28:18] [Server thread/INFO]: [Not Secure] [Server] NC -1287 0
[06:28:18] [Server thread/INFO]: [Not Secure] [Server] NC -1290 3
[06:28:18] [Server thread/INFO]: [Not Secure] [Server] NC -1302 1
[06:28:18] [Server thread/INFO]: [Not Secure] [Server] NC -1306 3
[06:28:18] [Server thread/INFO]: [Not Secure] [Server] NC -1380 0
[06:28:18] [Server thread/INFO]: [Not Secure] [Server] NC -1405 3
[06:28:18] [Server thread/INFO]: [Not Secure] [Server] NC -1419 0
[06:28:18] [Server thread/INFO]: [Not Secure] [Server] NC -1448 3
[06:28:18] [Server thread/INFO]: [Not Secure] [Server] NC -1449 0
[06:28:18] [Server thread/INFO]: [Not Secure] [Server] NC -1463 3
[06:28:18] [Server thread/INFO]: [Not Secure] [Server] NC -1466 0
[06:28:18] [Server thread/INFO]: [Not Secure] [Server] NC -1468 3
[06:28:18] [Server thread/INFO]: [Not Secure] [Server] NC -1469 0
[06:28:18] [Server thread/INFO]: [Not Secure] [Server] NC -1475 3
[06:28:18] [Server thread/INFO]: [Not Secure] [Server] NC -1493 0
[06:28:18] [Server thread/INFO]: [Not Secure] [Server] NC -1501 3
[06:28:18] [Server thread/INFO]: [Not Secure] [Server] NC -1549 0
[06:28:18] [Server thread/INFO]: [Not Secure] [Server] NC -1552 3
[06:28:18] [Server thread/INFO]: [Not Secure] [Server] NC -1565 0
[06:28:18] [Server thread/INFO]: [Not Secure] [Server] NC -1598 3
[06:28:18] [Server thread/INFO]: [Not Secure] [Server] NC -1605 0
[06:28:18] [Server thread/INFO]: [Not Secure] [Server] NC -1614 3
[06:28:18] [Server thread/INFO]: [Not Secure] [Server] NC -1618 1
[06:28:18] [Server thread/INFO]: [Not Secure] [Server] NC -1625 3
[06:28:18] [Server thread/INFO]: [Not Secure] [Server] NC -1773 0
[06:28:18] [Server thread/INFO]: [Not Secure] [Server] NC -1785 3
[06:28:18] [Server thread/INFO]: [Not Secure] [Server] NC -1800 0
[06:28:18] [Server thread/INFO]: [Not Secure] [Server] NC -1801 3
[06:28:18] [Server thread/INFO]: [Not Secure] [Server] NC -1884 0
[06:28:18] [Server thread/INFO]: [Not Secure] [Server] NC -1956 3
[06:28:18] [Server thread/INFO]: [Not Secure] [Server] NC -2030 2
[06:28:18] [Server thread/INFO]: [Not Secure] [Server] NCOLEND
[06:28:18] [Server thread/INFO]: [Not Secure] [Server] NBIOMEAT 40 100 layer 0
[06:28:18] [Server thread/INFO]: System chat: Running function packtest:nbiome
[06:28:18] [Server thread/INFO]: [Not Secure] [Server] NBIOME nether_wastes
[06:28:18] [Server thread/INFO]: [Not Secure] [Server] NBIOMEAT 40 100 layer 1
[06:28:18] [Server thread/INFO]: System chat: Running function packtest:nbiome
[06:28:18] [Server thread/INFO]: [Not Secure] [Server] NBIOME warped_forest
[06:28:19] [Server thread/INFO]: [Not Secure] [Server] NBIOMEAT 40 100 layer 2
[06:28:19] [Server thread/INFO]: System chat: Running function packtest:nbiome
[06:28:19] [Server thread/INFO]: [Not Secure] [Server] NBIOME warped_forest
[06:28:19] [Server thread/INFO]: [Not Secure] [Server] NBIOMEAT 40 100 layer 3
[06:28:19] [Server thread/INFO]: System chat: Running function packtest:nbiome
[06:28:19] [Server thread/INFO]: [Not Secure] [Server] NBIOME crimson_forest
[06:28:19] [Server thread/INFO]: [Not Secure] [Server] NBIOMEAT 40 100 layer 4
[06:28:19] [Server thread/INFO]: System chat: Running function packtest:nbiome
[06:28:19] [Server thread/INFO]: [Not Secure] [Server] NBIOME soul_sand_valley
[06:28:19] [Server thread/INFO]: [Not Secure] [Server] NBIOMEAT 40 100 layer 5
[06:28:19] [Server thread/INFO]: System chat: Running function packtest:nbiome
[06:28:19] [Server thread/INFO]: [Not Secure] [Server] NBIOME nether_wastes
[06:28:20] [Server thread/INFO]: [Not Secure] [Server] NBIOMEAT 40 100 layer 6
[06:28:20] [Server thread/INFO]: System chat: Running function packtest:nbiome
[06:28:20] [Server thread/INFO]: [Not Secure] [Server] NBIOME crimson_forest
[06:28:20] [Server thread/INFO]: [Not Secure] [Server] NBIOMEAT 40 100 layer 7
[06:28:20] [Server thread/INFO]: System chat: Running function packtest:nbiome
[06:28:20] [Server thread/INFO]: [Not Secure] [Server] NBIOME nether_wastes
[06:28:20] [Server thread/INFO]: [Not Secure] [Server] NBIOMEAT 40 100 layer 8
[06:28:20] [Server thread/INFO]: System chat: Running function packtest:nbiome
[06:28:20] [Server thread/INFO]: [Not Secure] [Server] NBIOME basalt_deltas
[06:28:20] [Server thread/INFO]: [Not Secure] [Server] NBIOMEAT 40 100 layer 9
[06:28:20] [Server thread/INFO]: System chat: Running function packtest:nbiome
[06:28:20] [Server thread/INFO]: [Not Secure] [Server] NBIOME soul_sand_valley
[06:28:21] [Server thread/INFO]: [Not Secure] [Server] NBIOMEAT 40 100 layer 10
[06:28:21] [Server thread/INFO]: System chat: Running function packtest:nbiome
[06:28:21] [Server thread/INFO]: [Not Secure] [Server] NBIOME nether_wastes
[06:28:21] [Server thread/INFO]: [Not Secure] [Server] NBIOMEAT 40 100 layer 11
[06:28:21] [Server thread/INFO]: System chat: Running function packtest:nbiome
[06:28:21] [Server thread/INFO]: [Not Secure] [Server] NBIOME crimson_forest
[06:28:21] [Server thread/INFO]: [Not Secure] [Server] SECTION layers
[06:28:21] [Server thread/INFO]: [Not Secure] [Server] SCAN layer0 minecraft:netherrack
[06:28:23] [Server thread/INFO]: System chat: Successfully filled 1146697 block(s)
[06:28:25] [Server thread/INFO]: System chat: Successfully filled 1146697 block(s)
[06:28:25] [Server thread/INFO]: [Not Secure] [Server] SCAN layer0 minecraft:lava
[06:28:25] [Server thread/INFO]: System chat: Successfully filled 7583 block(s)
[06:28:25] [Server thread/INFO]: System chat: Successfully filled 7583 block(s)
[06:28:25] [Server thread/INFO]: [Not Secure] [Server] SCAN layer0 minecraft:bedrock
[06:28:25] [Server thread/INFO]: System chat: No blocks were filled
[06:28:25] [Server thread/INFO]: System chat: No blocks were filled
[06:28:25] [Server thread/INFO]: [Not Secure] [Server] SCAN layer0 minecraft:nether_quartz_ore
[06:28:25] [Server thread/INFO]: System chat: Successfully filled 3174 block(s)
[06:28:25] [Server thread/INFO]: System chat: Successfully filled 3174 block(s)
[06:28:25] [Server thread/INFO]: [Not Secure] [Server] SCAN layer0 minecraft:nether_gold_ore
[06:28:25] [Server thread/INFO]: System chat: Successfully filled 1037 block(s)
[06:28:25] [Server thread/INFO]: System chat: Successfully filled 1037 block(s)
[06:28:25] [Server thread/INFO]: [Not Secure] [Server] SCAN layer0 minecraft:ancient_debris
[06:28:26] [Server thread/INFO]: System chat: Successfully filled 33 block(s)
[06:28:26] [Server thread/INFO]: System chat: Successfully filled 33 block(s)
[06:28:26] [Server thread/INFO]: [Not Secure] [Server] SCAN layer0 minecraft:glowstone
[06:28:26] [Server thread/INFO]: System chat: Successfully filled 28 block(s)
[06:28:26] [Server thread/INFO]: System chat: Successfully filled 28 block(s)
[06:28:26] [Server thread/INFO]: [Not Secure] [Server] SCAN layer0 minecraft:soul_sand
[06:28:26] [Server thread/INFO]: System chat: No blocks were filled
[06:28:26] [Server thread/INFO]: System chat: No blocks were filled
[06:28:26] [Server thread/INFO]: [Not Secure] [Server] SCAN layer0 minecraft:soul_soil
[06:28:26] [Server thread/INFO]: System chat: No blocks were filled
[06:28:26] [Server thread/INFO]: System chat: No blocks were filled
[06:28:26] [Server thread/INFO]: [Not Secure] [Server] SCAN layer0 minecraft:basalt
[06:28:26] [Server thread/INFO]: System chat: No blocks were filled
[06:28:26] [Server thread/INFO]: System chat: No blocks were filled
[06:28:26] [Server thread/INFO]: [Not Secure] [Server] SCAN layer0 minecraft:blackstone
[06:28:26] [Server thread/INFO]: System chat: Successfully filled 3574 block(s)
[06:28:26] [Server thread/INFO]: System chat: Successfully filled 3574 block(s)
[06:28:26] [Server thread/INFO]: [Not Secure] [Server] SCAN layer0 minecraft:magma_block
[06:28:26] [Server thread/INFO]: System chat: Successfully filled 4998 block(s)
[06:28:26] [Server thread/INFO]: System chat: Successfully filled 4998 block(s)
[06:28:26] [Server thread/INFO]: [Not Secure] [Server] SCAN layer0 minecraft:gravel
[06:28:26] [Server thread/INFO]: System chat: Successfully filled 2282 block(s)
[06:28:26] [Server thread/INFO]: System chat: Successfully filled 2282 block(s)
[06:28:26] [Server thread/INFO]: [Not Secure] [Server] SCAN layer0 minecraft:crimson_nylium
[06:28:26] [Server thread/INFO]: System chat: No blocks were filled
[06:28:26] [Server thread/INFO]: System chat: No blocks were filled
[06:28:26] [Server thread/INFO]: [Not Secure] [Server] SCAN layer0 minecraft:warped_nylium
[06:28:26] [Server thread/WARN]: Can't keep up! Is the server overloaded? Running 5127ms or 102 ticks behind
[06:28:27] [Server thread/INFO]: System chat: No blocks were filled
[06:28:27] [Server thread/INFO]: System chat: No blocks were filled
[06:28:27] [Server thread/INFO]: [Not Secure] [Server] SCAN layer0 minecraft:crimson_stem
[06:28:27] [Server thread/INFO]: System chat: No blocks were filled
[06:28:27] [Server thread/INFO]: System chat: No blocks were filled
[06:28:27] [Server thread/INFO]: [Not Secure] [Server] SCAN layer0 minecraft:warped_stem
[06:28:27] [Server thread/INFO]: System chat: No blocks were filled
[06:28:28] [Server thread/INFO]: System chat: No blocks were filled
[06:28:28] [Server thread/INFO]: [Not Secure] [Server] SCAN layer0 minecraft:crimson_roots
[06:28:28] [Server thread/INFO]: System chat: No blocks were filled
[06:28:28] [Server thread/INFO]: System chat: No blocks were filled
[06:28:28] [Server thread/INFO]: [Not Secure] [Server] SCAN layer0 minecraft:nether_sprouts
[06:28:28] [Server thread/INFO]: System chat: No blocks were filled
[06:28:28] [Server thread/INFO]: System chat: No blocks were filled
[06:28:28] [Server thread/INFO]: [Not Secure] [Server] SCAN layer0 cgs:sulfur_ore
[06:28:29] [Server thread/INFO]: System chat: Successfully filled 1447 block(s)
[06:28:29] [Server thread/INFO]: System chat: Successfully filled 1447 block(s)
[06:28:29] [Server thread/INFO]: [Not Secure] [Server] SCAN layer1 minecraft:netherrack
[06:28:31] [Server thread/INFO]: System chat: Successfully filled 1045753 block(s)
[06:28:32] [Server thread/INFO]: System chat: Successfully filled 1045753 block(s)
[06:28:32] [Server thread/INFO]: [Not Secure] [Server] SCAN layer1 minecraft:lava
[06:28:32] [Server thread/INFO]: System chat: Successfully filled 3168 block(s)
[06:28:32] [Server thread/INFO]: System chat: Successfully filled 3168 block(s)
[06:28:32] [Server thread/INFO]: [Not Secure] [Server] SCAN layer1 minecraft:bedrock
[06:28:32] [Server thread/INFO]: System chat: No blocks were filled
[06:28:32] [Server thread/INFO]: System chat: No blocks were filled
[06:28:32] [Server thread/INFO]: [Not Secure] [Server] SCAN layer1 minecraft:nether_quartz_ore
[06:28:32] [Server thread/INFO]: System chat: Successfully filled 3434 block(s)
[06:28:33] [Server thread/INFO]: System chat: Successfully filled 3434 block(s)
[06:28:33] [Server thread/INFO]: [Not Secure] [Server] SCAN layer1 minecraft:nether_gold_ore
[06:28:33] [Server thread/INFO]: System chat: Successfully filled 1115 block(s)
[06:28:33] [Server thread/INFO]: System chat: Successfully filled 1115 block(s)
[06:28:33] [Server thread/INFO]: [Not Secure] [Server] SCAN layer1 minecraft:ancient_debris
[06:28:33] [Server thread/INFO]: System chat: Successfully filled 25 block(s)
[06:28:33] [Server thread/INFO]: System chat: Successfully filled 25 block(s)
[06:28:33] [Server thread/INFO]: [Not Secure] [Server] SCAN layer1 minecraft:glowstone
[06:28:33] [Server thread/INFO]: System chat: Successfully filled 161 block(s)
[06:28:33] [Server thread/INFO]: System chat: Successfully filled 161 block(s)
[06:28:33] [Server thread/INFO]: [Not Secure] [Server] SCAN layer1 minecraft:soul_sand
[06:28:33] [Server thread/INFO]: System chat: No blocks were filled
[06:28:33] [Server thread/INFO]: System chat: No blocks were filled
[06:28:33] [Server thread/INFO]: [Not Secure] [Server] SCAN layer1 minecraft:soul_soil
[06:28:33] [Server thread/INFO]: System chat: No blocks were filled
[06:28:33] [Server thread/INFO]: System chat: No blocks were filled
[06:28:33] [Server thread/INFO]: [Not Secure] [Server] SCAN layer1 minecraft:basalt
[06:28:33] [Server thread/INFO]: System chat: No blocks were filled
[06:28:33] [Server thread/INFO]: System chat: No blocks were filled
[06:28:33] [Server thread/INFO]: [Not Secure] [Server] SCAN layer1 minecraft:blackstone
[06:28:33] [Server thread/INFO]: System chat: Successfully filled 2939 block(s)
[06:28:33] [Server thread/INFO]: System chat: Successfully filled 2939 block(s)
[06:28:33] [Server thread/INFO]: [Not Secure] [Server] SCAN layer1 minecraft:magma_block
[06:28:33] [Server thread/INFO]: System chat: Successfully filled 4843 block(s)
[06:28:33] [Server thread/INFO]: System chat: Successfully filled 4843 block(s)
[06:28:33] [Server thread/INFO]: [Not Secure] [Server] SCAN layer1 minecraft:gravel
[06:28:33] [Server thread/INFO]: System chat: Successfully filled 3869 block(s)
[06:28:34] [Server thread/INFO]: System chat: Successfully filled 3850 block(s)
[06:28:34] [Server thread/INFO]: [Not Secure] [Server] SCAN layer1 minecraft:crimson_nylium
[06:28:34] [Server thread/INFO]: System chat: Successfully filled 562 block(s)
[06:28:34] [Server thread/INFO]: System chat: Successfully filled 562 block(s)
[06:28:34] [Server thread/INFO]: [Not Secure] [Server] SCAN layer1 minecraft:warped_nylium
[06:28:34] [Server thread/INFO]: System chat: No blocks were filled
[06:28:34] [Server thread/INFO]: System chat: No blocks were filled
[06:28:34] [Server thread/INFO]: [Not Secure] [Server] SCAN layer1 minecraft:crimson_stem
[06:28:35] [Server thread/INFO]: System chat: Successfully filled 94 block(s)
[06:28:35] [Server thread/INFO]: System chat: Successfully filled 94 block(s)
[06:28:35] [Server thread/INFO]: [Not Secure] [Server] SCAN layer1 minecraft:warped_stem
[06:28:35] [Server thread/INFO]: System chat: No blocks were filled
[06:28:35] [Server thread/INFO]: System chat: No blocks were filled
[06:28:35] [Server thread/INFO]: [Not Secure] [Server] SCAN layer1 minecraft:crimson_roots
[06:28:35] [Server thread/INFO]: System chat: Successfully filled 19 block(s)
[06:28:35] [Server thread/INFO]: System chat: Successfully filled 19 block(s)
[06:28:36] [Server thread/INFO]: [Not Secure] [Server] SCAN layer1 minecraft:nether_sprouts
[06:28:36] [Server thread/INFO]: System chat: No blocks were filled
[06:28:36] [Server thread/INFO]: System chat: No blocks were filled
[06:28:36] [Server thread/INFO]: [Not Secure] [Server] SCAN layer1 cgs:sulfur_ore
[06:28:36] [Server thread/INFO]: System chat: Successfully filled 1413 block(s)
[06:28:36] [Server thread/INFO]: System chat: Successfully filled 1413 block(s)
[06:28:36] [Server thread/INFO]: [Not Secure] [Server] SCAN separator0-1 #minecraft:air
[06:28:37] [Server thread/INFO]: System chat: Successfully filled 45943 block(s)
[06:28:37] [Server thread/INFO]: System chat: Successfully filled 45943 block(s)
[06:28:37] [Server thread/INFO]: [Not Secure] [Server] SCAN layer2 minecraft:netherrack
[06:28:39] [Server thread/INFO]: System chat: Successfully filled 695768 block(s)
[06:28:40] [Server thread/INFO]: System chat: Successfully filled 695768 block(s)
[06:28:40] [Server thread/INFO]: [Not Secure] [Server] SCAN layer2 minecraft:lava
[06:28:40] [Server thread/INFO]: System chat: Successfully filled 10846 block(s)
[06:28:40] [Server thread/INFO]: System chat: Successfully filled 10846 block(s)
[06:28:40] [Server thread/INFO]: [Not Secure] [Server] SCAN layer2 minecraft:bedrock
[06:28:40] [Server thread/INFO]: System chat: No blocks were filled
[06:28:40] [Server thread/INFO]: System chat: No blocks were filled
[06:28:40] [Server thread/INFO]: [Not Secure] [Server] SCAN layer2 minecraft:nether_quartz_ore
[06:28:40] [Server thread/INFO]: System chat: Successfully filled 2197 block(s)
[06:28:40] [Server thread/INFO]: System chat: Successfully filled 2197 block(s)
[06:28:40] [Server thread/INFO]: [Not Secure] [Server] SCAN layer2 minecraft:nether_gold_ore
[06:28:40] [Server thread/INFO]: System chat: Successfully filled 711 block(s)
[06:28:40] [Server thread/INFO]: System chat: Successfully filled 711 block(s)
[06:28:40] [Server thread/INFO]: [Not Secure] [Server] SCAN layer2 minecraft:ancient_debris
[06:28:40] [Server thread/INFO]: System chat: Successfully filled 22 block(s)
[06:28:40] [Server thread/INFO]: System chat: Successfully filled 22 block(s)
[06:28:40] [Server thread/INFO]: [Not Secure] [Server] SCAN layer2 minecraft:glowstone
[06:28:40] [Server thread/INFO]: System chat: Successfully filled 86 block(s)
[06:28:40] [Server thread/INFO]: System chat: Successfully filled 86 block(s)
[06:28:40] [Server thread/INFO]: [Not Secure] [Server] SCAN layer2 minecraft:soul_sand
[06:28:40] [Server thread/INFO]: System chat: No blocks were filled
[06:28:40] [Server thread/INFO]: System chat: No blocks were filled
[06:28:40] [Server thread/INFO]: [Not Secure] [Server] SCAN layer2 minecraft:soul_soil
[06:28:40] [Server thread/INFO]: System chat: No blocks were filled
[06:28:41] [Server thread/INFO]: System chat: No blocks were filled
[06:28:41] [Server thread/INFO]: [Not Secure] [Server] SCAN layer2 minecraft:basalt
[06:28:41] [Server thread/INFO]: System chat: No blocks were filled
[06:28:41] [Server thread/INFO]: System chat: No blocks were filled
[06:28:41] [Server thread/INFO]: [Not Secure] [Server] SCAN layer2 minecraft:blackstone
[06:28:41] [Server thread/INFO]: System chat: Successfully filled 1177 block(s)
[06:28:41] [Server thread/INFO]: System chat: Successfully filled 1138 block(s)
[06:28:41] [Server thread/INFO]: [Not Secure] [Server] SCAN layer2 minecraft:magma_block
[06:28:41] [Server thread/INFO]: System chat: Successfully filled 572 block(s)
[06:28:41] [Server thread/INFO]: System chat: Successfully filled 572 block(s)
[06:28:41] [Server thread/INFO]: [Not Secure] [Server] SCAN layer2 minecraft:gravel
[06:28:41] [Server thread/INFO]: System chat: Successfully filled 1547 block(s)
[06:28:42] [Server thread/INFO]: System chat: Successfully filled 1547 block(s)
[06:28:42] [Server thread/INFO]: [Not Secure] [Server] SCAN layer2 minecraft:crimson_nylium
[06:28:42] [Server thread/INFO]: System chat: Successfully filled 13 block(s)
[06:28:42] [Server thread/INFO]: System chat: Successfully filled 13 block(s)
[06:28:42] [Server thread/INFO]: [Not Secure] [Server] SCAN layer2 minecraft:warped_nylium
[06:28:42] [Server thread/INFO]: System chat: No blocks were filled
[06:28:42] [Server thread/INFO]: System chat: No blocks were filled
[06:28:42] [Server thread/INFO]: [Not Secure] [Server] SCAN layer2 minecraft:crimson_stem
[06:28:43] [Server thread/INFO]: System chat: No blocks were filled
[06:28:43] [Server thread/INFO]: System chat: No blocks were filled
[06:28:43] [Server thread/INFO]: [Not Secure] [Server] SCAN layer2 minecraft:warped_stem
[06:28:43] [Server thread/INFO]: System chat: No blocks were filled
[06:28:43] [Server thread/INFO]: System chat: No blocks were filled
[06:28:43] [Server thread/INFO]: [Not Secure] [Server] SCAN layer2 minecraft:crimson_roots
[06:28:43] [Server thread/INFO]: System chat: No blocks were filled
[06:28:43] [Server thread/INFO]: System chat: No blocks were filled
[06:28:44] [Server thread/INFO]: [Not Secure] [Server] SCAN layer2 minecraft:nether_sprouts
[06:28:44] [Server thread/INFO]: System chat: No blocks were filled
[06:28:44] [Server thread/INFO]: System chat: No blocks were filled
[06:28:44] [Server thread/INFO]: [Not Secure] [Server] SCAN layer2 cgs:sulfur_ore
[06:28:44] [Server thread/INFO]: System chat: Successfully filled 1079 block(s)
[06:28:44] [Server thread/INFO]: System chat: Successfully filled 1079 block(s)
[06:28:44] [Server thread/INFO]: [Not Secure] [Server] SCAN separator1-2 #minecraft:air
[06:28:44] [Server thread/INFO]: System chat: Successfully filled 44569 block(s)
[06:28:45] [Server thread/INFO]: System chat: Successfully filled 44569 block(s)
[06:28:45] [Server thread/INFO]: [Not Secure] [Server] SCAN layer3 minecraft:netherrack
[06:28:46] [Server thread/INFO]: System chat: Successfully filled 422946 block(s)
[06:28:46] [Server thread/INFO]: System chat: Successfully filled 422946 block(s)
[06:28:46] [Server thread/INFO]: [Not Secure] [Server] SCAN layer3 minecraft:lava
[06:28:46] [Server thread/INFO]: System chat: Successfully filled 9287 block(s)
[06:28:46] [Server thread/INFO]: System chat: Successfully filled 9287 block(s)
[06:28:46] [Server thread/INFO]: [Not Secure] [Server] SCAN layer3 minecraft:bedrock
[06:28:46] [Server thread/INFO]: System chat: No blocks were filled
[06:28:47] [Server thread/INFO]: System chat: No blocks were filled
[06:28:47] [Server thread/INFO]: [Not Secure] [Server] SCAN layer3 minecraft:nether_quartz_ore
[06:28:47] [Server thread/INFO]: System chat: Successfully filled 931 block(s)
[06:28:47] [Server thread/INFO]: System chat: Successfully filled 931 block(s)
[06:28:47] [Server thread/INFO]: [Not Secure] [Server] SCAN layer3 minecraft:nether_gold_ore
[06:28:47] [Server thread/INFO]: System chat: Successfully filled 333 block(s)
[06:28:47] [Server thread/INFO]: System chat: Successfully filled 333 block(s)
[06:28:47] [Server thread/INFO]: [Not Secure] [Server] SCAN layer3 minecraft:ancient_debris
[06:28:47] [Server thread/INFO]: System chat: Successfully filled 24 block(s)
[06:28:47] [Server thread/INFO]: System chat: Successfully filled 24 block(s)
[06:28:47] [Server thread/WARN]: Can't keep up! Is the server overloaded? Running 2037ms or 40 ticks behind
[06:28:47] [Server thread/INFO]: [Not Secure] [Server] SCAN layer3 minecraft:glowstone
[06:28:47] [Server thread/INFO]: System chat: Successfully filled 26 block(s)
[06:28:47] [Server thread/INFO]: System chat: Successfully filled 26 block(s)
[06:28:47] [Server thread/INFO]: [Not Secure] [Server] SCAN layer3 minecraft:soul_sand
[06:28:48] [Server thread/INFO]: System chat: No blocks were filled
[06:28:48] [Server thread/INFO]: System chat: No blocks were filled
[06:28:48] [Server thread/INFO]: [Not Secure] [Server] SCAN layer3 minecraft:soul_soil
[06:28:48] [Server thread/INFO]: System chat: No blocks were filled
[06:28:48] [Server thread/INFO]: System chat: No blocks were filled
[06:28:48] [Server thread/INFO]: [Not Secure] [Server] SCAN layer3 minecraft:basalt
[06:28:48] [Server thread/INFO]: System chat: No blocks were filled
[06:28:48] [Server thread/INFO]: System chat: No blocks were filled
[06:28:48] [Server thread/INFO]: [Not Secure] [Server] SCAN layer3 minecraft:blackstone
[06:28:49] [Server thread/INFO]: System chat: Successfully filled 2074 block(s)
[06:28:49] [Server thread/INFO]: System chat: Successfully filled 2074 block(s)
[06:28:49] [Server thread/INFO]: [Not Secure] [Server] SCAN layer3 minecraft:magma_block
[06:28:49] [Server thread/INFO]: System chat: Successfully filled 2415 block(s)
[06:28:49] [Server thread/INFO]: System chat: Successfully filled 2415 block(s)
[06:28:49] [Server thread/INFO]: [Not Secure] [Server] SCAN layer3 minecraft:gravel
[06:28:49] [Server thread/INFO]: System chat: Successfully filled 2135 block(s)
[06:28:49] [Server thread/INFO]: System chat: Successfully filled 2135 block(s)
[06:28:50] [Server thread/INFO]: [Not Secure] [Server] SCAN layer3 minecraft:crimson_nylium
[06:28:50] [Server thread/INFO]: System chat: Successfully filled 11139 block(s)
[06:28:50] [Server thread/INFO]: System chat: Successfully filled 11139 block(s)
[06:28:50] [Server thread/INFO]: [Not Secure] [Server] SCAN layer3 minecraft:warped_nylium
[06:28:50] [Server thread/INFO]: System chat: No blocks were filled
[06:28:50] [Server thread/INFO]: System chat: No blocks were filled
[06:28:50] [Server thread/INFO]: [Not Secure] [Server] SCAN layer3 minecraft:crimson_stem
[06:28:50] [Server thread/INFO]: System chat: Successfully filled 3410 block(s)
[06:28:51] [Server thread/INFO]: System chat: Successfully filled 3410 block(s)
[06:28:51] [Server thread/INFO]: [Not Secure] [Server] SCAN layer3 minecraft:warped_stem
[06:28:51] [Server thread/INFO]: System chat: No blocks were filled
[06:28:51] [Server thread/INFO]: System chat: No blocks were filled
[06:28:51] [Server thread/INFO]: [Not Secure] [Server] SCAN layer3 minecraft:crimson_roots
[06:28:51] [Server thread/INFO]: System chat: Successfully filled 700 block(s)
[06:28:51] [Server thread/INFO]: System chat: Successfully filled 700 block(s)
[06:28:51] [Server thread/INFO]: [Not Secure] [Server] SCAN layer3 minecraft:nether_sprouts
[06:28:52] [Server thread/INFO]: System chat: No blocks were filled
[06:28:52] [Server thread/INFO]: System chat: No blocks were filled
[06:28:52] [Server thread/INFO]: [Not Secure] [Server] SCAN layer3 cgs:sulfur_ore
[06:28:52] [Server thread/INFO]: System chat: Successfully filled 334 block(s)
[06:28:52] [Server thread/INFO]: System chat: Successfully filled 334 block(s)
[06:28:52] [Server thread/INFO]: [Not Secure] [Server] SCAN separator2-3 #minecraft:air
[06:28:52] [Server thread/INFO]: System chat: Successfully filled 4644 block(s)
[06:28:52] [Server thread/INFO]: System chat: Successfully filled 4644 block(s)
[06:28:53] [Server thread/INFO]: [Not Secure] [Server] SCAN layer4 minecraft:netherrack
[06:28:54] [Server thread/INFO]: System chat: Successfully filled 939877 block(s)
[06:28:56] [Server thread/INFO]: System chat: Successfully filled 939877 block(s)
[06:28:56] [Server thread/INFO]: [Not Secure] [Server] SCAN layer4 minecraft:lava
[06:28:56] [Server thread/INFO]: System chat: Successfully filled 9955 block(s)
[06:28:56] [Server thread/INFO]: System chat: Successfully filled 9955 block(s)
[06:28:56] [Server thread/INFO]: [Not Secure] [Server] SCAN layer4 minecraft:bedrock
[06:28:56] [Server thread/INFO]: System chat: No blocks were filled
[06:28:56] [Server thread/INFO]: System chat: No blocks were filled
[06:28:56] [Server thread/INFO]: [Not Secure] [Server] SCAN layer4 minecraft:nether_quartz_ore
[06:28:56] [Server thread/INFO]: System chat: Successfully filled 2726 block(s)
[06:28:56] [Server thread/INFO]: System chat: Successfully filled 2726 block(s)
[06:28:56] [Server thread/INFO]: [Not Secure] [Server] SCAN layer4 minecraft:nether_gold_ore
[06:28:56] [Server thread/INFO]: System chat: Successfully filled 1023 block(s)
[06:28:56] [Server thread/INFO]: System chat: Successfully filled 1023 block(s)
[06:28:56] [Server thread/INFO]: [Not Secure] [Server] SCAN layer4 minecraft:ancient_debris
[06:28:56] [Server thread/INFO]: System chat: Successfully filled 27 block(s)
[06:28:56] [Server thread/INFO]: System chat: Successfully filled 27 block(s)
[06:28:56] [Server thread/INFO]: [Not Secure] [Server] SCAN layer4 minecraft:glowstone
[06:28:56] [Server thread/INFO]: System chat: Successfully filled 146 block(s)
[06:28:56] [Server thread/INFO]: System chat: Successfully filled 146 block(s)
[06:28:56] [Server thread/INFO]: [Not Secure] [Server] SCAN layer4 minecraft:soul_sand
[06:28:56] [Server thread/INFO]: System chat: Successfully filled 1 block(s)
[06:28:56] [Server thread/INFO]: System chat: Successfully filled 1 block(s)
[06:28:56] [Server thread/INFO]: [Not Secure] [Server] SCAN layer4 minecraft:soul_soil
[06:28:56] [Server thread/INFO]: System chat: No blocks were filled
[06:28:56] [Server thread/INFO]: System chat: No blocks were filled
[06:28:56] [Server thread/INFO]: [Not Secure] [Server] SCAN layer4 minecraft:basalt
[06:28:56] [Server thread/INFO]: System chat: No blocks were filled
[06:28:56] [Server thread/INFO]: System chat: No blocks were filled
[06:28:56] [Server thread/INFO]: [Not Secure] [Server] SCAN layer4 minecraft:blackstone
[06:28:57] [Server thread/INFO]: System chat: Successfully filled 3679 block(s)
[06:28:57] [Server thread/INFO]: System chat: Successfully filled 3679 block(s)
[06:28:57] [Server thread/INFO]: [Not Secure] [Server] SCAN layer4 minecraft:magma_block
[06:28:57] [Server thread/INFO]: System chat: Successfully filled 4148 block(s)
[06:28:57] [Server thread/INFO]: System chat: Successfully filled 4144 block(s)
[06:28:57] [Server thread/INFO]: [Not Secure] [Server] SCAN layer4 minecraft:gravel
[06:28:57] [Server thread/INFO]: System chat: Successfully filled 2258 block(s)
[06:28:57] [Server thread/INFO]: System chat: Successfully filled 2250 block(s)
[06:28:57] [Server thread/INFO]: [Not Secure] [Server] SCAN layer4 minecraft:crimson_nylium
[06:28:58] [Server thread/INFO]: System chat: No blocks were filled
[06:28:58] [Server thread/INFO]: System chat: No blocks were filled
[06:28:58] [Server thread/INFO]: [Not Secure] [Server] SCAN layer4 minecraft:warped_nylium
[06:28:58] [Server thread/INFO]: System chat: No blocks were filled
[06:28:58] [Server thread/INFO]: System chat: No blocks were filled
[06:28:58] [Server thread/INFO]: [Not Secure] [Server] SCAN layer4 minecraft:crimson_stem
[06:28:58] [Server thread/INFO]: System chat: No blocks were filled
[06:28:59] [Server thread/INFO]: System chat: No blocks were filled
[06:28:59] [Server thread/INFO]: [Not Secure] [Server] SCAN layer4 minecraft:warped_stem
[06:28:59] [Server thread/INFO]: System chat: No blocks were filled
[06:28:59] [Server thread/INFO]: System chat: No blocks were filled
[06:28:59] [Server thread/INFO]: [Not Secure] [Server] SCAN layer4 minecraft:crimson_roots
[06:28:59] [Server thread/INFO]: System chat: No blocks were filled
[06:28:59] [Server thread/INFO]: System chat: No blocks were filled
[06:28:59] [Server thread/INFO]: [Not Secure] [Server] SCAN layer4 minecraft:nether_sprouts
[06:29:00] [Server thread/INFO]: System chat: No blocks were filled
[06:29:00] [Server thread/INFO]: System chat: No blocks were filled
[06:29:00] [Server thread/INFO]: [Not Secure] [Server] SCAN layer4 cgs:sulfur_ore
[06:29:00] [Server thread/INFO]: System chat: Successfully filled 1122 block(s)
[06:29:00] [Server thread/INFO]: System chat: Successfully filled 1122 block(s)
[06:29:00] [Server thread/INFO]: [Not Secure] [Server] SCAN separator3-4 #minecraft:air
[06:29:00] [Server thread/INFO]: System chat: Successfully filled 26381 block(s)
[06:29:00] [Server thread/INFO]: System chat: Successfully filled 26381 block(s)
[06:29:00] [Server thread/INFO]: [Not Secure] [Server] SCAN layer5 minecraft:netherrack
[06:29:02] [Server thread/INFO]: System chat: Successfully filled 688208 block(s)
[06:29:03] [Server thread/INFO]: System chat: Successfully filled 688208 block(s)
[06:29:03] [Server thread/INFO]: [Not Secure] [Server] SCAN layer5 minecraft:lava
[06:29:03] [Server thread/INFO]: System chat: Successfully filled 5512 block(s)
[06:29:03] [Server thread/INFO]: System chat: Successfully filled 5512 block(s)
[06:29:03] [Server thread/INFO]: [Not Secure] [Server] SCAN layer5 minecraft:bedrock
[06:29:03] [Server thread/INFO]: System chat: No blocks were filled
[06:29:03] [Server thread/INFO]: System chat: No blocks were filled
[06:29:03] [Server thread/INFO]: [Not Secure] [Server] SCAN layer5 minecraft:nether_quartz_ore
[06:29:03] [Server thread/INFO]: System chat: Successfully filled 1997 block(s)
[06:29:03] [Server thread/INFO]: System chat: Successfully filled 1997 block(s)
[06:29:03] [Server thread/INFO]: [Not Secure] [Server] SCAN layer5 minecraft:nether_gold_ore
[06:29:03] [Server thread/INFO]: System chat: Successfully filled 710 block(s)
[06:29:03] [Server thread/INFO]: System chat: Successfully filled 710 block(s)
[06:29:03] [Server thread/INFO]: [Not Secure] [Server] SCAN layer5 minecraft:ancient_debris
[06:29:03] [Server thread/INFO]: System chat: Successfully filled 20 block(s)
[06:29:04] [Server thread/INFO]: System chat: Successfully filled 20 block(s)
[06:29:04] [Server thread/INFO]: [Not Secure] [Server] SCAN layer5 minecraft:glowstone
[06:29:04] [Server thread/INFO]: System chat: Successfully filled 26 block(s)
[06:29:04] [Server thread/INFO]: System chat: Successfully filled 26 block(s)
[06:29:04] [Server thread/INFO]: [Not Secure] [Server] SCAN layer5 minecraft:soul_sand
[06:29:04] [Server thread/INFO]: System chat: Successfully filled 17581 block(s)
[06:29:04] [Server thread/INFO]: System chat: Successfully filled 17581 block(s)
[06:29:04] [Server thread/INFO]: [Not Secure] [Server] SCAN layer5 minecraft:soul_soil
[06:29:04] [Server thread/INFO]: System chat: Successfully filled 5992 block(s)
[06:29:04] [Server thread/INFO]: System chat: Successfully filled 5992 block(s)
[06:29:04] [Server thread/INFO]: [Not Secure] [Server] SCAN layer5 minecraft:basalt
[06:29:04] [Server thread/INFO]: System chat: Successfully filled 1063 block(s)
[06:29:04] [Server thread/INFO]: System chat: Successfully filled 1063 block(s)
[06:29:04] [Server thread/WARN]: Can't keep up! Is the server overloaded? Running 2339ms or 46 ticks behind
[06:29:04] [Server thread/INFO]: [Not Secure] [Server] SCAN layer5 minecraft:blackstone
[06:29:04] [Server thread/INFO]: System chat: Successfully filled 4078 block(s)
[06:29:05] [Server thread/INFO]: System chat: Successfully filled 4078 block(s)
[06:29:05] [Server thread/INFO]: [Not Secure] [Server] SCAN layer5 minecraft:magma_block
[06:29:05] [Server thread/INFO]: System chat: Successfully filled 3235 block(s)
[06:29:05] [Server thread/INFO]: System chat: Successfully filled 3235 block(s)
[06:29:05] [Server thread/INFO]: [Not Secure] [Server] SCAN layer5 minecraft:gravel
[06:29:05] [Server thread/INFO]: System chat: Successfully filled 2548 block(s)
[06:29:05] [Server thread/INFO]: System chat: Successfully filled 2548 block(s)
[06:29:05] [Server thread/INFO]: [Not Secure] [Server] SCAN layer5 minecraft:crimson_nylium
[06:29:06] [Server thread/INFO]: System chat: No blocks were filled
[06:29:06] [Server thread/INFO]: System chat: No blocks were filled
[06:29:06] [Server thread/INFO]: [Not Secure] [Server] SCAN layer5 minecraft:warped_nylium
[06:29:06] [Server thread/INFO]: System chat: No blocks were filled
[06:29:06] [Server thread/INFO]: System chat: No blocks were filled
[06:29:06] [Server thread/INFO]: [Not Secure] [Server] SCAN layer5 minecraft:crimson_stem
[06:29:06] [Server thread/INFO]: System chat: No blocks were filled
[06:29:06] [Server thread/INFO]: System chat: No blocks were filled
[06:29:06] [Server thread/INFO]: [Not Secure] [Server] SCAN layer5 minecraft:warped_stem
[06:29:07] [Server thread/INFO]: System chat: No blocks were filled
[06:29:07] [Server thread/INFO]: System chat: No blocks were filled
[06:29:07] [Server thread/INFO]: [Not Secure] [Server] SCAN layer5 minecraft:crimson_roots
[06:29:07] [Server thread/INFO]: System chat: No blocks were filled
[06:29:07] [Server thread/INFO]: System chat: No blocks were filled
[06:29:07] [Server thread/INFO]: [Not Secure] [Server] SCAN layer5 minecraft:nether_sprouts
[06:29:07] [Server thread/INFO]: System chat: No blocks were filled
[06:29:08] [Server thread/INFO]: System chat: No blocks were filled
[06:29:08] [Server thread/INFO]: [Not Secure] [Server] SCAN layer5 cgs:sulfur_ore
[06:29:08] [Server thread/INFO]: System chat: Successfully filled 803 block(s)
[06:29:08] [Server thread/INFO]: System chat: Successfully filled 803 block(s)
[06:29:08] [Server thread/INFO]: [Not Secure] [Server] SCAN separator4-5 #minecraft:air
[06:29:08] [Server thread/INFO]: System chat: Successfully filled 32502 block(s)
[06:29:08] [Server thread/INFO]: System chat: Successfully filled 32502 block(s)
[06:29:08] [Server thread/INFO]: [Not Secure] [Server] SCAN layer6 minecraft:netherrack
[06:29:10] [Server thread/INFO]: System chat: Successfully filled 746804 block(s)
[06:29:11] [Server thread/INFO]: System chat: Successfully filled 746804 block(s)
[06:29:11] [Server thread/INFO]: [Not Secure] [Server] SCAN layer6 minecraft:lava
[06:29:11] [Server thread/INFO]: System chat: Successfully filled 342 block(s)
[06:29:11] [Server thread/INFO]: System chat: Successfully filled 342 block(s)
[06:29:11] [Server thread/INFO]: [Not Secure] [Server] SCAN layer6 minecraft:bedrock
[06:29:11] [Server thread/INFO]: System chat: No blocks were filled
[06:29:11] [Server thread/INFO]: System chat: No blocks were filled
[06:29:11] [Server thread/INFO]: [Not Secure] [Server] SCAN layer6 minecraft:nether_quartz_ore
[06:29:11] [Server thread/INFO]: System chat: Successfully filled 2322 block(s)
[06:29:11] [Server thread/INFO]: System chat: Successfully filled 2322 block(s)
[06:29:11] [Server thread/INFO]: [Not Secure] [Server] SCAN layer6 minecraft:nether_gold_ore
[06:29:11] [Server thread/INFO]: System chat: Successfully filled 703 block(s)
[06:29:11] [Server thread/INFO]: System chat: Successfully filled 703 block(s)
[06:29:11] [Server thread/INFO]: [Not Secure] [Server] SCAN layer6 minecraft:ancient_debris
[06:29:11] [Server thread/INFO]: System chat: Successfully filled 25 block(s)
[06:29:11] [Server thread/INFO]: System chat: Successfully filled 25 block(s)
[06:29:11] [Server thread/INFO]: [Not Secure] [Server] SCAN layer6 minecraft:glowstone
[06:29:11] [Server thread/INFO]: System chat: Successfully filled 69 block(s)
[06:29:11] [Server thread/INFO]: System chat: Successfully filled 69 block(s)
[06:29:11] [Server thread/INFO]: [Not Secure] [Server] SCAN layer6 minecraft:soul_sand
[06:29:12] [Server thread/INFO]: System chat: No blocks were filled
[06:29:12] [Server thread/INFO]: System chat: No blocks were filled
[06:29:12] [Server thread/INFO]: [Not Secure] [Server] SCAN layer6 minecraft:soul_soil
[06:29:12] [Server thread/INFO]: System chat: No blocks were filled
[06:29:12] [Server thread/INFO]: System chat: No blocks were filled
[06:29:12] [Server thread/INFO]: [Not Secure] [Server] SCAN layer6 minecraft:basalt
[06:29:12] [Server thread/INFO]: System chat: Successfully filled 918 block(s)
[06:29:12] [Server thread/INFO]: System chat: Successfully filled 918 block(s)
[06:29:12] [Server thread/INFO]: [Not Secure] [Server] SCAN layer6 minecraft:blackstone
[06:29:12] [Server thread/INFO]: System chat: Successfully filled 3193 block(s)
[06:29:12] [Server thread/INFO]: System chat: Successfully filled 3193 block(s)
[06:29:12] [Server thread/INFO]: [Not Secure] [Server] SCAN layer6 minecraft:magma_block
[06:29:13] [Server thread/INFO]: System chat: Successfully filled 4986 block(s)
[06:29:13] [Server thread/INFO]: System chat: Successfully filled 4986 block(s)
[06:29:13] [Server thread/INFO]: [Not Secure] [Server] SCAN layer6 minecraft:gravel
[06:29:13] [Server thread/INFO]: System chat: Successfully filled 3769 block(s)
[06:29:13] [Server thread/INFO]: System chat: Successfully filled 3769 block(s)
[06:29:13] [Server thread/INFO]: [Not Secure] [Server] SCAN layer6 minecraft:crimson_nylium
[06:29:13] [Server thread/INFO]: System chat: Successfully filled 12609 block(s)
[06:29:14] [Server thread/INFO]: System chat: Successfully filled 12609 block(s)
[06:29:14] [Server thread/INFO]: [Not Secure] [Server] SCAN layer6 minecraft:warped_nylium
[06:29:14] [Server thread/INFO]: System chat: No blocks were filled
[06:29:14] [Server thread/INFO]: System chat: No blocks were filled
[06:29:14] [Server thread/INFO]: [Not Secure] [Server] SCAN layer6 minecraft:crimson_stem
[06:29:14] [Server thread/INFO]: System chat: Successfully filled 2448 block(s)
[06:29:14] [Server thread/INFO]: System chat: Successfully filled 2448 block(s)
[06:29:14] [Server thread/INFO]: [Not Secure] [Server] SCAN layer6 minecraft:warped_stem
[06:29:15] [Server thread/INFO]: System chat: No blocks were filled
[06:29:15] [Server thread/INFO]: System chat: No blocks were filled
[06:29:15] [Server thread/INFO]: [Not Secure] [Server] SCAN layer6 minecraft:crimson_roots
[06:29:15] [Server thread/INFO]: System chat: Successfully filled 646 block(s)
[06:29:15] [Server thread/INFO]: System chat: Successfully filled 646 block(s)
[06:29:15] [Server thread/INFO]: [Not Secure] [Server] SCAN layer6 minecraft:nether_sprouts
[06:29:15] [Server thread/INFO]: System chat: No blocks were filled
[06:29:15] [Server thread/INFO]: System chat: No blocks were filled
[06:29:15] [Server thread/INFO]: [Not Secure] [Server] SCAN layer6 cgs:sulfur_ore
[06:29:16] [Server thread/INFO]: System chat: Successfully filled 976 block(s)
[06:29:16] [Server thread/INFO]: System chat: Successfully filled 976 block(s)
[06:29:16] [Server thread/INFO]: [Not Secure] [Server] SCAN separator5-6 #minecraft:air
[06:29:16] [Server thread/INFO]: System chat: Successfully filled 4832 block(s)
[06:29:16] [Server thread/INFO]: System chat: Successfully filled 4832 block(s)
[06:29:16] [Server thread/INFO]: [Not Secure] [Server] SCAN layer7 minecraft:netherrack
[06:29:18] [Server thread/INFO]: System chat: Successfully filled 1008003 block(s)
[06:29:20] [Server thread/INFO]: System chat: Successfully filled 1008003 block(s)
[06:29:20] [Server thread/INFO]: [Not Secure] [Server] SCAN layer7 minecraft:lava
[06:29:20] [Server thread/INFO]: System chat: Successfully filled 7279 block(s)
[06:29:20] [Server thread/INFO]: System chat: Successfully filled 7279 block(s)
[06:29:20] [Server thread/INFO]: [Not Secure] [Server] SCAN layer7 minecraft:bedrock
[06:29:20] [Server thread/INFO]: System chat: No blocks were filled
[06:29:20] [Server thread/INFO]: System chat: No blocks were filled
[06:29:20] [Server thread/INFO]: [Not Secure] [Server] SCAN layer7 minecraft:nether_quartz_ore
[06:29:20] [Server thread/INFO]: System chat: Successfully filled 2848 block(s)
[06:29:20] [Server thread/INFO]: System chat: Successfully filled 2848 block(s)
[06:29:20] [Server thread/INFO]: [Not Secure] [Server] SCAN layer7 minecraft:nether_gold_ore
[06:29:20] [Server thread/INFO]: System chat: Successfully filled 827 block(s)
[06:29:20] [Server thread/INFO]: System chat: Successfully filled 827 block(s)
[06:29:20] [Server thread/INFO]: [Not Secure] [Server] SCAN layer7 minecraft:ancient_debris
[06:29:20] [Server thread/INFO]: System chat: Successfully filled 36 block(s)
[06:29:20] [Server thread/INFO]: System chat: Successfully filled 36 block(s)
[06:29:20] [Server thread/INFO]: [Not Secure] [Server] SCAN layer7 minecraft:glowstone
[06:29:21] [Server thread/INFO]: System chat: Successfully filled 102 block(s)
[06:29:21] [Server thread/INFO]: System chat: Successfully filled 102 block(s)
[06:29:21] [Server thread/INFO]: [Not Secure] [Server] SCAN layer7 minecraft:soul_sand
[06:29:21] [Server thread/INFO]: System chat: No blocks were filled
[06:29:21] [Server thread/INFO]: System chat: No blocks were filled
[06:29:21] [Server thread/INFO]: [Not Secure] [Server] SCAN layer7 minecraft:soul_soil
[06:29:21] [Server thread/INFO]: System chat: No blocks were filled
[06:29:21] [Server thread/INFO]: System chat: No blocks were filled
[06:29:21] [Server thread/INFO]: [Not Secure] [Server] SCAN layer7 minecraft:basalt
[06:29:21] [Server thread/INFO]: System chat: Successfully filled 9866 block(s)
[06:29:21] [Server thread/INFO]: System chat: Successfully filled 9866 block(s)
[06:29:21] [Server thread/INFO]: [Not Secure] [Server] SCAN layer7 minecraft:blackstone
[06:29:21] [Server thread/INFO]: System chat: Successfully filled 6438 block(s)
[06:29:21] [Server thread/INFO]: System chat: Successfully filled 6438 block(s)
[06:29:21] [Server thread/INFO]: [Not Secure] [Server] SCAN layer7 minecraft:magma_block
[06:29:21] [Server thread/INFO]: System chat: Successfully filled 3349 block(s)
[06:29:21] [Server thread/INFO]: System chat: Successfully filled 3349 block(s)
[06:29:21] [Server thread/INFO]: [Not Secure] [Server] SCAN layer7 minecraft:gravel
[06:29:21] [Server thread/INFO]: System chat: Successfully filled 3017 block(s)
[06:29:21] [Server thread/INFO]: System chat: Successfully filled 3017 block(s)
[06:29:21] [Server thread/INFO]: [Not Secure] [Server] SCAN layer7 minecraft:crimson_nylium
[06:29:21] [Server thread/INFO]: System chat: No blocks were filled
[06:29:21] [Server thread/INFO]: System chat: No blocks were filled
[06:29:21] [Server thread/INFO]: [Not Secure] [Server] SCAN layer7 minecraft:warped_nylium
[06:29:22] [Server thread/INFO]: System chat: No blocks were filled
[06:29:22] [Server thread/INFO]: System chat: No blocks were filled
[06:29:22] [Server thread/INFO]: [Not Secure] [Server] SCAN layer7 minecraft:crimson_stem
[06:29:22] [Server thread/INFO]: System chat: No blocks were filled
[06:29:22] [Server thread/INFO]: System chat: No blocks were filled
[06:29:22] [Server thread/INFO]: [Not Secure] [Server] SCAN layer7 minecraft:warped_stem
[06:29:22] [Server thread/WARN]: Can't keep up! Is the server overloaded? Running 3163ms or 63 ticks behind
[06:29:22] [Server thread/INFO]: System chat: No blocks were filled
[06:29:23] [Server thread/INFO]: System chat: No blocks were filled
[06:29:23] [Server thread/INFO]: [Not Secure] [Server] SCAN layer7 minecraft:crimson_roots
[06:29:23] [Server thread/INFO]: System chat: No blocks were filled
[06:29:23] [Server thread/INFO]: System chat: No blocks were filled
[06:29:23] [Server thread/INFO]: [Not Secure] [Server] SCAN layer7 minecraft:nether_sprouts
[06:29:23] [Server thread/INFO]: System chat: No blocks were filled
[06:29:23] [Server thread/INFO]: System chat: No blocks were filled
[06:29:23] [Server thread/INFO]: [Not Secure] [Server] SCAN layer7 cgs:sulfur_ore
[06:29:24] [Server thread/INFO]: System chat: Successfully filled 1310 block(s)
[06:29:24] [Server thread/INFO]: System chat: Successfully filled 1310 block(s)
[06:29:24] [Server thread/INFO]: [Not Secure] [Server] SCAN separator6-7 #minecraft:air
[06:29:24] [Server thread/INFO]: System chat: Successfully filled 37529 block(s)
[06:29:24] [Server thread/INFO]: System chat: Successfully filled 37529 block(s)
[06:29:24] [Server thread/INFO]: [Not Secure] [Server] SCAN layer8 minecraft:netherrack
[06:29:25] [Server thread/INFO]: System chat: Successfully filled 294448 block(s)
[06:29:25] [Server thread/INFO]: System chat: Successfully filled 294448 block(s)
[06:29:25] [Server thread/INFO]: [Not Secure] [Server] SCAN layer8 minecraft:lava
[06:29:25] [Server thread/INFO]: System chat: Successfully filled 4408 block(s)
[06:29:25] [Server thread/INFO]: System chat: Successfully filled 4408 block(s)
[06:29:25] [Server thread/INFO]: [Not Secure] [Server] SCAN layer8 minecraft:bedrock
[06:29:25] [Server thread/INFO]: System chat: No blocks were filled
[06:29:25] [Server thread/INFO]: System chat: No blocks were filled
[06:29:25] [Server thread/INFO]: [Not Secure] [Server] SCAN layer8 minecraft:nether_quartz_ore
[06:29:25] [Server thread/INFO]: System chat: Successfully filled 1953 block(s)
[06:29:26] [Server thread/INFO]: System chat: Successfully filled 1953 block(s)
[06:29:26] [Server thread/INFO]: [Not Secure] [Server] SCAN layer8 minecraft:nether_gold_ore
[06:29:26] [Server thread/INFO]: System chat: Successfully filled 620 block(s)
[06:29:26] [Server thread/INFO]: System chat: Successfully filled 620 block(s)
[06:29:26] [Server thread/INFO]: [Not Secure] [Server] SCAN layer8 minecraft:ancient_debris
[06:29:26] [Server thread/INFO]: System chat: Successfully filled 31 block(s)
[06:29:26] [Server thread/INFO]: System chat: Successfully filled 31 block(s)
[06:29:26] [Server thread/INFO]: [Not Secure] [Server] SCAN layer8 minecraft:glowstone
[06:29:27] [Server thread/INFO]: System chat: Successfully filled 14 block(s)
[06:29:27] [Server thread/INFO]: System chat: Successfully filled 14 block(s)
[06:29:27] [Server thread/INFO]: [Not Secure] [Server] SCAN layer8 minecraft:soul_sand
[06:29:27] [Server thread/INFO]: System chat: No blocks were filled
[06:29:27] [Server thread/INFO]: System chat: No blocks were filled
[06:29:27] [Server thread/INFO]: [Not Secure] [Server] SCAN layer8 minecraft:soul_soil
[06:29:27] [Server thread/INFO]: System chat: No blocks were filled
[06:29:28] [Server thread/INFO]: System chat: No blocks were filled
[06:29:28] [Server thread/INFO]: [Not Secure] [Server] SCAN layer8 minecraft:basalt
[06:29:28] [Server thread/INFO]: System chat: Successfully filled 390191 block(s)
[06:29:29] [Server thread/INFO]: System chat: Successfully filled 390191 block(s)
[06:29:29] [Server thread/INFO]: [Not Secure] [Server] SCAN layer8 minecraft:blackstone
[06:29:29] [Server thread/INFO]: System chat: Successfully filled 102183 block(s)
[06:29:29] [Server thread/INFO]: System chat: Successfully filled 102183 block(s)
[06:29:29] [Server thread/INFO]: [Not Secure] [Server] SCAN layer8 minecraft:magma_block
[06:29:29] [Server thread/INFO]: System chat: Successfully filled 4149 block(s)
[06:29:29] [Server thread/INFO]: System chat: Successfully filled 4149 block(s)
[06:29:29] [Server thread/INFO]: [Not Secure] [Server] SCAN layer8 minecraft:gravel
[06:29:29] [Server thread/INFO]: System chat: Successfully filled 58 block(s)
[06:29:29] [Server thread/INFO]: System chat: Successfully filled 58 block(s)
[06:29:29] [Server thread/INFO]: [Not Secure] [Server] SCAN layer8 minecraft:crimson_nylium
[06:29:30] [Server thread/INFO]: System chat: Successfully filled 3 block(s)
[06:29:30] [Server thread/INFO]: System chat: Successfully filled 3 block(s)
[06:29:30] [Server thread/INFO]: [Not Secure] [Server] SCAN layer8 minecraft:warped_nylium
[06:29:30] [Server thread/INFO]: System chat: No blocks were filled
[06:29:30] [Server thread/INFO]: System chat: No blocks were filled
[06:29:30] [Server thread/INFO]: [Not Secure] [Server] SCAN layer8 minecraft:crimson_stem
[06:29:30] [Server thread/INFO]: System chat: No blocks were filled
[06:29:30] [Server thread/INFO]: System chat: No blocks were filled
[06:29:30] [Server thread/INFO]: [Not Secure] [Server] SCAN layer8 minecraft:warped_stem
[06:29:30] [Server thread/INFO]: System chat: No blocks were filled
[06:29:31] [Server thread/INFO]: System chat: No blocks were filled
[06:29:31] [Server thread/INFO]: [Not Secure] [Server] SCAN layer8 minecraft:crimson_roots
[06:29:31] [Server thread/INFO]: System chat: No blocks were filled
[06:29:31] [Server thread/INFO]: System chat: No blocks were filled
[06:29:31] [Server thread/INFO]: [Not Secure] [Server] SCAN layer8 minecraft:nether_sprouts
[06:29:31] [Server thread/INFO]: System chat: No blocks were filled
[06:29:31] [Server thread/INFO]: System chat: No blocks were filled
[06:29:31] [Server thread/INFO]: [Not Secure] [Server] SCAN layer8 cgs:sulfur_ore
[06:29:32] [Server thread/INFO]: System chat: Successfully filled 726 block(s)
[06:29:32] [Server thread/INFO]: System chat: Successfully filled 726 block(s)
[06:29:32] [Server thread/INFO]: [Not Secure] [Server] SCAN separator7-8 #minecraft:air
[06:29:32] [Server thread/INFO]: System chat: Successfully filled 32225 block(s)
[06:29:32] [Server thread/INFO]: System chat: Successfully filled 32225 block(s)
[06:29:32] [Server thread/INFO]: [Not Secure] [Server] SCAN layer9 minecraft:netherrack
[06:29:33] [Server thread/INFO]: System chat: Successfully filled 299214 block(s)
[06:29:33] [Server thread/INFO]: System chat: Successfully filled 299214 block(s)
[06:29:33] [Server thread/INFO]: [Not Secure] [Server] SCAN layer9 minecraft:lava
[06:29:33] [Server thread/INFO]: System chat: Successfully filled 11734 block(s)
[06:29:33] [Server thread/INFO]: System chat: Successfully filled 11734 block(s)
[06:29:33] [Server thread/INFO]: [Not Secure] [Server] SCAN layer9 minecraft:bedrock
[06:29:33] [Server thread/INFO]: System chat: No blocks were filled
[06:29:33] [Server thread/INFO]: System chat: No blocks were filled
[06:29:33] [Server thread/INFO]: [Not Secure] [Server] SCAN layer9 minecraft:nether_quartz_ore
[06:29:33] [Server thread/INFO]: System chat: Successfully filled 670 block(s)
[06:29:34] [Server thread/INFO]: System chat: Successfully filled 670 block(s)
[06:29:34] [Server thread/INFO]: [Not Secure] [Server] SCAN layer9 minecraft:nether_gold_ore
[06:29:34] [Server thread/INFO]: System chat: Successfully filled 276 block(s)
[06:29:34] [Server thread/INFO]: System chat: Successfully filled 276 block(s)
[06:29:34] [Server thread/INFO]: [Not Secure] [Server] SCAN layer9 minecraft:ancient_debris
[06:29:34] [Server thread/INFO]: System chat: Successfully filled 17 block(s)
[06:29:34] [Server thread/INFO]: System chat: Successfully filled 17 block(s)
[06:29:34] [Server thread/INFO]: [Not Secure] [Server] SCAN layer9 minecraft:glowstone
[06:29:35] [Server thread/INFO]: System chat: Successfully filled 21 block(s)
[06:29:35] [Server thread/INFO]: System chat: Successfully filled 21 block(s)
[06:29:35] [Server thread/INFO]: [Not Secure] [Server] SCAN layer9 minecraft:soul_sand
[06:29:35] [Server thread/INFO]: System chat: No blocks were filled
[06:29:35] [Server thread/INFO]: System chat: No blocks were filled
[06:29:35] [Server thread/INFO]: [Not Secure] [Server] SCAN layer9 minecraft:soul_soil
[06:29:35] [Server thread/INFO]: System chat: No blocks were filled
[06:29:35] [Server thread/INFO]: System chat: No blocks were filled
[06:29:35] [Server thread/INFO]: [Not Secure] [Server] SCAN layer9 minecraft:basalt
[06:29:36] [Server thread/INFO]: System chat: Successfully filled 1390 block(s)
[06:29:36] [Server thread/INFO]: System chat: Successfully filled 1390 block(s)
[06:29:36] [Server thread/INFO]: [Not Secure] [Server] SCAN layer9 minecraft:blackstone
[06:29:36] [Server thread/INFO]: System chat: Successfully filled 2397 block(s)
[06:29:36] [Server thread/INFO]: System chat: Successfully filled 2397 block(s)
[06:29:36] [Server thread/INFO]: [Not Secure] [Server] SCAN layer9 minecraft:magma_block
[06:29:36] [Server thread/INFO]: System chat: Successfully filled 2146 block(s)
[06:29:37] [Server thread/INFO]: System chat: Successfully filled 2146 block(s)
[06:29:37] [Server thread/INFO]: [Not Secure] [Server] SCAN layer9 minecraft:gravel
[06:29:37] [Server thread/INFO]: System chat: Successfully filled 1520 block(s)
[06:29:37] [Server thread/INFO]: System chat: Successfully filled 1520 block(s)
[06:29:37] [Server thread/INFO]: [Not Secure] [Server] SCAN layer9 minecraft:crimson_nylium
[06:29:37] [Server thread/INFO]: System chat: Successfully filled 5719 block(s)
[06:29:37] [Server thread/INFO]: System chat: Successfully filled 5719 block(s)
[06:29:37] [Server thread/INFO]: [Not Secure] [Server] SCAN layer9 minecraft:warped_nylium
[06:29:38] [Server thread/INFO]: System chat: No blocks were filled
[06:29:38] [Server thread/INFO]: System chat: No blocks were filled
[06:29:38] [Server thread/INFO]: [Not Secure] [Server] SCAN layer9 minecraft:crimson_stem
[06:29:38] [Server thread/INFO]: System chat: Successfully filled 1765 block(s)
[06:29:38] [Server thread/INFO]: System chat: Successfully filled 1765 block(s)
[06:29:38] [Server thread/INFO]: [Not Secure] [Server] SCAN layer9 minecraft:warped_stem
[06:29:38] [Server thread/INFO]: System chat: No blocks were filled
[06:29:38] [Server thread/INFO]: System chat: No blocks were filled
[06:29:38] [Server thread/INFO]: [Not Secure] [Server] SCAN layer9 minecraft:crimson_roots
[06:29:39] [Server thread/INFO]: System chat: Successfully filled 353 block(s)
[06:29:39] [Server thread/INFO]: System chat: Successfully filled 353 block(s)
[06:29:39] [Server thread/INFO]: [Not Secure] [Server] SCAN layer9 minecraft:nether_sprouts
[06:29:39] [Server thread/INFO]: System chat: No blocks were filled
[06:29:39] [Server thread/INFO]: System chat: No blocks were filled
[06:29:39] [Server thread/INFO]: [Not Secure] [Server] SCAN layer9 cgs:sulfur_ore
[06:29:39] [Server thread/INFO]: System chat: Successfully filled 365 block(s)
[06:29:40] [Server thread/INFO]: System chat: Successfully filled 365 block(s)
[06:29:40] [Server thread/INFO]: [Not Secure] [Server] SCAN separator8-9 #minecraft:air
[06:29:40] [Server thread/INFO]: System chat: Successfully filled 22527 block(s)
[06:29:40] [Server thread/INFO]: System chat: Successfully filled 22527 block(s)
[06:29:40] [Server thread/INFO]: [Not Secure] [Server] SCAN layer10 minecraft:netherrack
[06:29:42] [Server thread/INFO]: System chat: Successfully filled 1173109 block(s)
[06:29:43] [Server thread/INFO]: System chat: Successfully filled 1173109 block(s)
[06:29:43] [Server thread/INFO]: [Not Secure] [Server] SCAN layer10 minecraft:lava
[06:29:43] [Server thread/INFO]: System chat: Successfully filled 3556 block(s)
[06:29:44] [Server thread/INFO]: System chat: Successfully filled 3556 block(s)
[06:29:44] [Server thread/INFO]: [Not Secure] [Server] SCAN layer10 minecraft:bedrock
[06:29:44] [Server thread/INFO]: System chat: No blocks were filled
[06:29:44] [Server thread/INFO]: System chat: No blocks were filled
[06:29:44] [Server thread/INFO]: [Not Secure] [Server] SCAN layer10 minecraft:nether_quartz_ore
[06:29:44] [Server thread/INFO]: System chat: Successfully filled 2973 block(s)
[06:29:44] [Server thread/INFO]: System chat: Successfully filled 2973 block(s)
[06:29:44] [Server thread/INFO]: [Not Secure] [Server] SCAN layer10 minecraft:nether_gold_ore
[06:29:44] [Server thread/INFO]: System chat: Successfully filled 1151 block(s)
[06:29:44] [Server thread/INFO]: System chat: Successfully filled 1151 block(s)
[06:29:44] [Server thread/INFO]: [Not Secure] [Server] SCAN layer10 minecraft:ancient_debris
[06:29:44] [Server thread/INFO]: System chat: Successfully filled 25 block(s)
[06:29:44] [Server thread/INFO]: System chat: Successfully filled 25 block(s)
[06:29:44] [Server thread/INFO]: [Not Secure] [Server] SCAN layer10 minecraft:glowstone
[06:29:44] [Server thread/INFO]: System chat: Successfully filled 20 block(s)
[06:29:44] [Server thread/INFO]: System chat: Successfully filled 20 block(s)
[06:29:44] [Server thread/INFO]: [Not Secure] [Server] SCAN layer10 minecraft:soul_sand
[06:29:44] [Server thread/INFO]: System chat: No blocks were filled
[06:29:44] [Server thread/INFO]: System chat: No blocks were filled
[06:29:44] [Server thread/INFO]: [Not Secure] [Server] SCAN layer10 minecraft:soul_soil
[06:29:44] [Server thread/INFO]: System chat: No blocks were filled
[06:29:44] [Server thread/INFO]: System chat: No blocks were filled
[06:29:44] [Server thread/INFO]: [Not Secure] [Server] SCAN layer10 minecraft:basalt
[06:29:44] [Server thread/INFO]: System chat: No blocks were filled
[06:29:44] [Server thread/INFO]: System chat: No blocks were filled
[06:29:44] [Server thread/INFO]: [Not Secure] [Server] SCAN layer10 minecraft:blackstone
[06:29:45] [Server thread/INFO]: System chat: Successfully filled 1493 block(s)
[06:29:45] [Server thread/INFO]: System chat: Successfully filled 1493 block(s)
[06:29:45] [Server thread/INFO]: [Not Secure] [Server] SCAN layer10 minecraft:magma_block
[06:29:45] [Server thread/INFO]: System chat: Successfully filled 4849 block(s)
[06:29:45] [Server thread/INFO]: System chat: Successfully filled 4849 block(s)
[06:29:45] [Server thread/INFO]: [Not Secure] [Server] SCAN layer10 minecraft:gravel
[06:29:45] [Server thread/INFO]: System chat: Successfully filled 2606 block(s)
[06:29:45] [Server thread/INFO]: System chat: Successfully filled 2606 block(s)
[06:29:45] [Server thread/INFO]: [Not Secure] [Server] SCAN layer10 minecraft:crimson_nylium
[06:29:45] [Server thread/WARN]: Can't keep up! Is the server overloaded? Running 4812ms or 96 ticks behind
[06:29:45] [Server thread/INFO]: System chat: Successfully filled 18 block(s)
[06:29:45] [Server thread/INFO]: System chat: Successfully filled 18 block(s)
[06:29:45] [Server thread/INFO]: [Not Secure] [Server] SCAN layer10 minecraft:warped_nylium
[06:29:45] [Server thread/INFO]: System chat: No blocks were filled
[06:29:46] [Server thread/INFO]: System chat: No blocks were filled
[06:29:46] [Server thread/INFO]: [Not Secure] [Server] SCAN layer10 minecraft:crimson_stem
[06:29:46] [Server thread/INFO]: System chat: No blocks were filled
[06:29:46] [Server thread/INFO]: System chat: No blocks were filled
[06:29:46] [Server thread/INFO]: [Not Secure] [Server] SCAN layer10 minecraft:warped_stem
[06:29:46] [Server thread/INFO]: System chat: No blocks were filled
[06:29:46] [Server thread/INFO]: System chat: No blocks were filled
[06:29:46] [Server thread/INFO]: [Not Secure] [Server] SCAN layer10 minecraft:crimson_roots
[06:29:47] [Server thread/INFO]: System chat: No blocks were filled
[06:29:47] [Server thread/INFO]: System chat: No blocks were filled
[06:29:47] [Server thread/INFO]: [Not Secure] [Server] SCAN layer10 minecraft:nether_sprouts
[06:29:47] [Server thread/INFO]: System chat: No blocks were filled
[06:29:47] [Server thread/INFO]: System chat: No blocks were filled
[06:29:47] [Server thread/INFO]: [Not Secure] [Server] SCAN layer10 cgs:sulfur_ore
[06:29:47] [Server thread/INFO]: System chat: Successfully filled 1292 block(s)
[06:29:47] [Server thread/INFO]: System chat: Successfully filled 1292 block(s)
[06:29:47] [Server thread/INFO]: [Not Secure] [Server] SCAN separator9-10 #minecraft:air
[06:29:48] [Server thread/INFO]: System chat: Successfully filled 42922 block(s)
[06:29:48] [Server thread/INFO]: System chat: Successfully filled 42918 block(s)
[06:29:48] [Server thread/INFO]: [Not Secure] [Server] SCAN layer11 minecraft:netherrack
[06:29:49] [Server thread/INFO]: System chat: Successfully filled 711070 block(s)
[06:29:50] [Server thread/INFO]: System chat: Successfully filled 711070 block(s)
[06:29:50] [Server thread/INFO]: [Not Secure] [Server] SCAN layer11 minecraft:lava
[06:29:50] [Server thread/INFO]: System chat: Successfully filled 1123 block(s)
[06:29:50] [Server thread/INFO]: System chat: Successfully filled 1123 block(s)
[06:29:50] [Server thread/INFO]: [Not Secure] [Server] SCAN layer11 minecraft:bedrock
[06:29:50] [Server thread/INFO]: System chat: Successfully filled 12352 block(s)
[06:29:51] [Server thread/INFO]: System chat: Successfully filled 12352 block(s)
[06:29:51] [Server thread/INFO]: [Not Secure] [Server] SCAN layer11 minecraft:nether_quartz_ore
[06:29:51] [Server thread/INFO]: System chat: Successfully filled 1602 block(s)
[06:29:51] [Server thread/INFO]: System chat: Successfully filled 1602 block(s)
[06:29:51] [Server thread/INFO]: [Not Secure] [Server] SCAN layer11 minecraft:nether_gold_ore
[06:29:51] [Server thread/INFO]: System chat: Successfully filled 441 block(s)
[06:29:51] [Server thread/INFO]: System chat: Successfully filled 441 block(s)
[06:29:51] [Server thread/INFO]: [Not Secure] [Server] SCAN layer11 minecraft:ancient_debris
[06:29:51] [Server thread/INFO]: System chat: Successfully filled 22 block(s)
[06:29:51] [Server thread/INFO]: System chat: Successfully filled 22 block(s)
[06:29:51] [Server thread/INFO]: [Not Secure] [Server] SCAN layer11 minecraft:glowstone
[06:29:51] [Server thread/INFO]: System chat: Successfully filled 41 block(s)
[06:29:51] [Server thread/INFO]: System chat: Successfully filled 41 block(s)
[06:29:51] [Server thread/INFO]: [Not Secure] [Server] SCAN layer11 minecraft:soul_sand
[06:29:51] [Server thread/INFO]: System chat: No blocks were filled
[06:29:51] [Server thread/INFO]: System chat: No blocks were filled
[06:29:51] [Server thread/INFO]: [Not Secure] [Server] SCAN layer11 minecraft:soul_soil
[06:29:51] [Server thread/INFO]: System chat: No blocks were filled
[06:29:51] [Server thread/INFO]: System chat: No blocks were filled
[06:29:51] [Server thread/INFO]: [Not Secure] [Server] SCAN layer11 minecraft:basalt
[06:29:51] [Server thread/INFO]: System chat: No blocks were filled
[06:29:52] [Server thread/INFO]: System chat: No blocks were filled
[06:29:52] [Server thread/INFO]: [Not Secure] [Server] SCAN layer11 minecraft:blackstone
[06:29:52] [Server thread/INFO]: System chat: Successfully filled 3117 block(s)
[06:29:52] [Server thread/INFO]: System chat: Successfully filled 3117 block(s)
[06:29:52] [Server thread/INFO]: [Not Secure] [Server] SCAN layer11 minecraft:magma_block
[06:29:52] [Server thread/INFO]: System chat: Successfully filled 5450 block(s)
[06:29:52] [Server thread/INFO]: System chat: Successfully filled 5450 block(s)
[06:29:52] [Server thread/INFO]: [Not Secure] [Server] SCAN layer11 minecraft:gravel
[06:29:53] [Server thread/INFO]: System chat: Successfully filled 2911 block(s)
[06:29:53] [Server thread/INFO]: System chat: Successfully filled 2911 block(s)
[06:29:53] [Server thread/INFO]: [Not Secure] [Server] SCAN layer11 minecraft:crimson_nylium
[06:29:53] [Server thread/INFO]: System chat: Successfully filled 14840 block(s)
[06:29:53] [Server thread/INFO]: System chat: Successfully filled 14840 block(s)
[06:29:53] [Server thread/INFO]: [Not Secure] [Server] SCAN layer11 minecraft:warped_nylium
[06:29:53] [Server thread/INFO]: System chat: No blocks were filled
[06:29:53] [Server thread/INFO]: System chat: No blocks were filled
[06:29:54] [Server thread/INFO]: [Not Secure] [Server] SCAN layer11 minecraft:crimson_stem
[06:29:54] [Server thread/INFO]: System chat: Successfully filled 2936 block(s)
[06:29:54] [Server thread/INFO]: System chat: Successfully filled 2936 block(s)
[06:29:54] [Server thread/INFO]: [Not Secure] [Server] SCAN layer11 minecraft:warped_stem
[06:29:54] [Server thread/INFO]: System chat: No blocks were filled
[06:29:54] [Server thread/INFO]: System chat: No blocks were filled
[06:29:54] [Server thread/INFO]: [Not Secure] [Server] SCAN layer11 minecraft:crimson_roots
[06:29:54] [Server thread/INFO]: System chat: Successfully filled 848 block(s)
[06:29:55] [Server thread/INFO]: System chat: Successfully filled 848 block(s)
[06:29:55] [Server thread/INFO]: [Not Secure] [Server] SCAN layer11 minecraft:nether_sprouts
[06:29:55] [Server thread/INFO]: System chat: No blocks were filled
[06:29:55] [Server thread/INFO]: System chat: No blocks were filled
[06:29:55] [Server thread/INFO]: [Not Secure] [Server] SCAN layer11 cgs:sulfur_ore
[06:29:55] [Server thread/INFO]: System chat: Successfully filled 642 block(s)
[06:29:55] [Server thread/INFO]: System chat: Successfully filled 642 block(s)
[06:29:55] [Server thread/INFO]: [Not Secure] [Server] SCAN separator10-11 #minecraft:air
[06:29:56] [Server thread/INFO]: System chat: Successfully filled 8952 block(s)
[06:29:56] [Server thread/INFO]: System chat: Successfully filled 8952 block(s)
[06:29:56] [Server thread/INFO]: [Not Secure] [Server] SCAN bottom-pad minecraft:bedrock
[06:29:56] [Server thread/INFO]: System chat: Successfully filled 12286 block(s)
[06:29:56] [Server thread/INFO]: System chat: Successfully filled 12286 block(s)
[06:29:56] [Server thread/INFO]: [Not Secure] [Server] SCAN bottom-pad minecraft:netherrack
[06:29:57] [Server thread/INFO]: System chat: Successfully filled 53250 block(s)
[06:29:57] [Server thread/INFO]: System chat: Successfully filled 53250 block(s)
[06:29:57] [Server thread/INFO]: [Not Secure] [Server] SCAN bottom-pad minecraft:lava
[06:29:57] [Server thread/INFO]: System chat: No blocks were filled
[06:29:57] [Server thread/INFO]: System chat: No blocks were filled
[06:29:57] [Server thread/INFO]: [Not Secure] [Server] SCAN bottom-pad #minecraft:air
[06:29:57] [Server thread/INFO]: System chat: No blocks were filled
[06:29:57] [Server thread/INFO]: System chat: No blocks were filled
[06:29:57] [Server thread/INFO]: System chat: Unmarked all force loaded chunks in minecraft:the_nether
[06:29:57] [Server thread/INFO]: [Not Secure] [Server] SECTION structures
[06:29:58] [Server thread/INFO]: [Not Secure] [Server] LOCATE fortress
[06:29:58] [Server thread/INFO]: System chat: That position is not loaded
[06:29:58] [Server thread/INFO]: System chat: The nearest minecraft:fortress is at [-128, ~, 192] (230 blocks away)
[06:29:58] [Server thread/INFO]: Locating element minecraft:fortress took 0 ms
[06:30:33] [Server thread/INFO]: System chat: Marked 25 chunks in minecraft:the_nether from [-10, 10] to [-6, 14] to be force loaded
[06:30:33] [Server thread/INFO]: [Not Secure] [Server] SCAN fortress-layer0 minecraft:nether_bricks
[06:30:34] [Server thread/INFO]: System chat: No blocks were filled
[06:30:34] [Server thread/INFO]: System chat: No blocks were filled
[06:30:34] [Server thread/INFO]: [Not Secure] [Server] SCAN fortress-layer1 minecraft:nether_bricks
[06:30:34] [Server thread/INFO]: System chat: No blocks were filled
[06:30:34] [Server thread/INFO]: System chat: No blocks were filled
[06:30:34] [Server thread/INFO]: [Not Secure] [Server] SCAN fortress-layer2 minecraft:nether_bricks
[06:30:34] [Server thread/INFO]: System chat: No blocks were filled
[06:30:34] [Server thread/INFO]: System chat: No blocks were filled
[06:30:34] [Server thread/INFO]: [Not Secure] [Server] SCAN fortress-layer3 minecraft:nether_bricks
[06:30:34] [Server thread/INFO]: System chat: No blocks were filled
[06:30:34] [Server thread/INFO]: System chat: No blocks were filled
[06:30:34] [Server thread/INFO]: [Not Secure] [Server] SCAN fortress-layer4 minecraft:nether_bricks
[06:30:35] [Server thread/INFO]: System chat: No blocks were filled
[06:30:35] [Server thread/INFO]: System chat: No blocks were filled
[06:30:35] [Server thread/INFO]: [Not Secure] [Server] SCAN fortress-layer5 minecraft:nether_bricks
[06:30:35] [Server thread/INFO]: System chat: No blocks were filled
[06:30:35] [Server thread/INFO]: System chat: No blocks were filled
[06:30:35] [Server thread/INFO]: [Not Secure] [Server] SCAN fortress-layer6 minecraft:nether_bricks
[06:30:37] [Server thread/INFO]: System chat: Successfully filled 58579 block(s)
[06:30:38] [Server thread/INFO]: System chat: Successfully filled 58579 block(s)
[06:30:38] [Server thread/INFO]: [Not Secure] [Server] SCAN fortress-layer7 minecraft:nether_bricks
[06:30:38] [Server thread/INFO]: System chat: No blocks were filled
[06:30:38] [Server thread/INFO]: System chat: No blocks were filled
[06:30:38] [Server thread/INFO]: [Not Secure] [Server] SCAN fortress-layer8 minecraft:nether_bricks
[06:30:38] [Server thread/INFO]: System chat: No blocks were filled
[06:30:38] [Server thread/INFO]: System chat: No blocks were filled
[06:30:38] [Server thread/INFO]: [Not Secure] [Server] SCAN fortress-layer9 minecraft:nether_bricks
[06:30:38] [Server thread/INFO]: System chat: No blocks were filled
[06:30:39] [Server thread/INFO]: System chat: No blocks were filled
[06:30:39] [Server thread/INFO]: [Not Secure] [Server] SCAN fortress-layer10 minecraft:nether_bricks
[06:30:39] [Server thread/INFO]: System chat: No blocks were filled
[06:30:39] [Server thread/INFO]: System chat: No blocks were filled
[06:30:39] [Server thread/INFO]: [Not Secure] [Server] SCAN fortress-layer11 minecraft:nether_bricks
[06:30:39] [Server thread/INFO]: System chat: No blocks were filled
[06:30:39] [Server thread/INFO]: System chat: No blocks were filled
[06:30:39] [Server thread/INFO]: System chat: Unmarked all force loaded chunks in minecraft:the_nether
[06:30:39] [Server thread/INFO]: [Not Secure] [Server] LOCATE bastion0
[06:30:39] [Server thread/INFO]: System chat: That position is not loaded
[06:30:39] [Server thread/INFO]: System chat: The nearest minecraft:bastion_remnant is at [32, ~, 16] (35 blocks away)
[06:30:39] [Server thread/INFO]: Locating element minecraft:bastion_remnant took 0 ms
[06:30:39] [Server thread/WARN]: Can't keep up! Is the server overloaded? Running 39329ms or 786 ticks behind
[06:30:41] [Server thread/INFO]: System chat: Marked 25 chunks in minecraft:the_nether from [0, -1] to [4, 3] to be force loaded
[06:30:42] [Server thread/INFO]: [Not Secure] [Server] SCAN bastion0-layer0 minecraft:polished_blackstone_bricks
[06:30:42] [Server thread/INFO]: System chat: No blocks were filled
[06:30:42] [Server thread/INFO]: System chat: No blocks were filled
[06:30:42] [Server thread/INFO]: [Not Secure] [Server] SCAN bastion0-layer1 minecraft:polished_blackstone_bricks
[06:30:43] [Server thread/INFO]: System chat: No blocks were filled
[06:30:43] [Server thread/INFO]: System chat: No blocks were filled
[06:30:43] [Server thread/INFO]: [Not Secure] [Server] SCAN bastion0-layer2 minecraft:polished_blackstone_bricks
[06:30:43] [Server thread/INFO]: System chat: No blocks were filled
[06:30:43] [Server thread/INFO]: System chat: No blocks were filled
[06:30:43] [Server thread/INFO]: [Not Secure] [Server] SCAN bastion0-layer3 minecraft:polished_blackstone_bricks
[06:30:43] [Server thread/INFO]: System chat: No blocks were filled
[06:30:43] [Server thread/INFO]: System chat: No blocks were filled
[06:30:43] [Server thread/INFO]: [Not Secure] [Server] SCAN bastion0-layer4 minecraft:polished_blackstone_bricks
[06:30:44] [Server thread/INFO]: System chat: No blocks were filled
[06:30:44] [Server thread/INFO]: System chat: No blocks were filled
[06:30:44] [Server thread/INFO]: [Not Secure] [Server] SCAN bastion0-layer5 minecraft:polished_blackstone_bricks
[06:30:44] [Server thread/INFO]: System chat: No blocks were filled
[06:30:44] [Server thread/INFO]: System chat: No blocks were filled
[06:30:44] [Server thread/INFO]: [Not Secure] [Server] SCAN bastion0-layer6 minecraft:polished_blackstone_bricks
[06:30:44] [Server thread/INFO]: System chat: Successfully filled 5705 block(s)
[06:30:45] [Server thread/INFO]: System chat: Successfully filled 5705 block(s)
[06:30:45] [Server thread/INFO]: [Not Secure] [Server] SCAN bastion0-layer7 minecraft:polished_blackstone_bricks
[06:30:45] [Server thread/INFO]: System chat: No blocks were filled
[06:30:45] [Server thread/INFO]: System chat: No blocks were filled
[06:30:45] [Server thread/INFO]: [Not Secure] [Server] SCAN bastion0-layer8 minecraft:polished_blackstone_bricks
[06:30:45] [Server thread/INFO]: System chat: No blocks were filled
[06:30:45] [Server thread/INFO]: System chat: No blocks were filled
[06:30:45] [Server thread/INFO]: [Not Secure] [Server] SCAN bastion0-layer9 minecraft:polished_blackstone_bricks
[06:30:46] [Server thread/INFO]: System chat: No blocks were filled
[06:30:46] [Server thread/INFO]: System chat: No blocks were filled
[06:30:46] [Server thread/INFO]: [Not Secure] [Server] SCAN bastion0-layer10 minecraft:polished_blackstone_bricks
[06:30:46] [Server thread/INFO]: System chat: No blocks were filled
[06:30:46] [Server thread/INFO]: System chat: No blocks were filled
[06:30:46] [Server thread/INFO]: [Not Secure] [Server] SCAN bastion0-layer11 minecraft:polished_blackstone_bricks
[06:30:46] [Server thread/INFO]: System chat: No blocks were filled
[06:30:47] [Server thread/INFO]: System chat: No blocks were filled
[06:30:47] [Server thread/INFO]: System chat: Unmarked all force loaded chunks in minecraft:the_nether
[06:30:47] [Server thread/INFO]: [Not Secure] [Server] LOCATE bastion1
[06:30:47] [Server thread/INFO]: System chat: That position is not loaded
[06:30:47] [Server thread/INFO]: System chat: The nearest minecraft:bastion_remnant is at [1440, ~, 1504] (60 blocks away)
[06:30:47] [Server thread/INFO]: Locating element minecraft:bastion_remnant took 47 ms
[06:31:22] [Server thread/INFO]: System chat: Marked 25 chunks in minecraft:the_nether from [88, 92] to [92, 96] to be force loaded
[06:31:22] [Server thread/INFO]: [Not Secure] [Server] SCAN bastion1-layer0 minecraft:polished_blackstone_bricks
[06:31:22] [Server thread/INFO]: System chat: No blocks were filled
[06:31:23] [Server thread/INFO]: System chat: No blocks were filled
[06:31:23] [Server thread/INFO]: [Not Secure] [Server] SCAN bastion1-layer1 minecraft:polished_blackstone_bricks
[06:31:23] [Server thread/INFO]: System chat: No blocks were filled
[06:31:23] [Server thread/INFO]: System chat: No blocks were filled
[06:31:23] [Server thread/INFO]: [Not Secure] [Server] SCAN bastion1-layer2 minecraft:polished_blackstone_bricks
[06:31:23] [Server thread/INFO]: System chat: No blocks were filled
[06:31:23] [Server thread/INFO]: System chat: No blocks were filled
[06:31:23] [Server thread/INFO]: [Not Secure] [Server] SCAN bastion1-layer3 minecraft:polished_blackstone_bricks
[06:31:23] [Server thread/INFO]: System chat: No blocks were filled
[06:31:23] [Server thread/INFO]: System chat: No blocks were filled
[06:31:23] [Server thread/INFO]: [Not Secure] [Server] SCAN bastion1-layer4 minecraft:polished_blackstone_bricks
[06:31:24] [Server thread/INFO]: System chat: No blocks were filled
[06:31:24] [Server thread/INFO]: System chat: No blocks were filled
[06:31:24] [Server thread/INFO]: [Not Secure] [Server] SCAN bastion1-layer5 minecraft:polished_blackstone_bricks
[06:31:24] [Server thread/INFO]: System chat: No blocks were filled
[06:31:24] [Server thread/INFO]: System chat: No blocks were filled
[06:31:24] [Server thread/INFO]: [Not Secure] [Server] SCAN bastion1-layer6 minecraft:polished_blackstone_bricks
[06:31:24] [Server thread/INFO]: System chat: No blocks were filled
[06:31:24] [Server thread/INFO]: System chat: No blocks were filled
[06:31:24] [Server thread/INFO]: [Not Secure] [Server] SCAN bastion1-layer7 minecraft:polished_blackstone_bricks
[06:31:24] [Server thread/INFO]: System chat: No blocks were filled
[06:31:25] [Server thread/INFO]: System chat: No blocks were filled
[06:31:25] [Server thread/INFO]: [Not Secure] [Server] SCAN bastion1-layer8 minecraft:polished_blackstone_bricks
[06:31:26] [Server thread/INFO]: System chat: Successfully filled 13586 block(s)
[06:31:26] [Server thread/INFO]: System chat: Successfully filled 13586 block(s)
[06:31:26] [Server thread/INFO]: [Not Secure] [Server] SCAN bastion1-layer9 minecraft:polished_blackstone_bricks
[06:31:26] [Server thread/INFO]: System chat: No blocks were filled
[06:31:27] [Server thread/INFO]: System chat: No blocks were filled
[06:31:27] [Server thread/INFO]: [Not Secure] [Server] SCAN bastion1-layer10 minecraft:polished_blackstone_bricks
[06:31:27] [Server thread/INFO]: System chat: No blocks were filled
[06:31:27] [Server thread/INFO]: System chat: No blocks were filled
[06:31:27] [Server thread/INFO]: [Not Secure] [Server] SCAN bastion1-layer11 minecraft:polished_blackstone_bricks
[06:31:27] [Server thread/INFO]: System chat: No blocks were filled
[06:31:27] [Server thread/INFO]: System chat: No blocks were filled
[06:31:27] [Server thread/INFO]: System chat: Unmarked all force loaded chunks in minecraft:the_nether
[06:31:27] [Server thread/INFO]: [Not Secure] [Server] LOCATE bastion2
[06:31:27] [Server thread/INFO]: System chat: That position is not loaded
[06:31:27] [Server thread/INFO]: System chat: The nearest minecraft:bastion_remnant is at [-2064, ~, 848] (80 blocks away)
[06:31:27] [Server thread/INFO]: Locating element minecraft:bastion_remnant took 163 ms
[06:31:27] [Server thread/WARN]: Can't keep up! Is the server overloaded? Running 33175ms or 663 ticks behind
[06:32:06] [Server thread/INFO]: System chat: Marked 25 chunks in minecraft:the_nether from [-131, 51] to [-127, 55] to be force loaded
[06:32:06] [Server thread/INFO]: [Not Secure] [Server] SCAN bastion2-layer0 minecraft:polished_blackstone_bricks
[06:32:06] [Server thread/INFO]: System chat: No blocks were filled
[06:32:06] [Server thread/INFO]: System chat: No blocks were filled
[06:32:06] [Server thread/INFO]: [Not Secure] [Server] SCAN bastion2-layer1 minecraft:polished_blackstone_bricks
[06:32:06] [Server thread/INFO]: System chat: No blocks were filled
[06:32:06] [Server thread/INFO]: System chat: No blocks were filled
[06:32:06] [Server thread/INFO]: [Not Secure] [Server] SCAN bastion2-layer2 minecraft:polished_blackstone_bricks
[06:32:06] [Server thread/INFO]: System chat: No blocks were filled
[06:32:06] [Server thread/INFO]: System chat: No blocks were filled
[06:32:06] [Server thread/INFO]: [Not Secure] [Server] SCAN bastion2-layer3 minecraft:polished_blackstone_bricks
[06:32:07] [Server thread/INFO]: System chat: No blocks were filled
[06:32:07] [Server thread/INFO]: System chat: No blocks were filled
[06:32:07] [Server thread/INFO]: [Not Secure] [Server] SCAN bastion2-layer4 minecraft:polished_blackstone_bricks
[06:32:07] [Server thread/INFO]: System chat: No blocks were filled
[06:32:07] [Server thread/INFO]: System chat: No blocks were filled
[06:32:07] [Server thread/INFO]: [Not Secure] [Server] SCAN bastion2-layer5 minecraft:polished_blackstone_bricks
[06:32:07] [Server thread/INFO]: System chat: No blocks were filled
[06:32:07] [Server thread/INFO]: System chat: No blocks were filled
[06:32:07] [Server thread/INFO]: [Not Secure] [Server] SCAN bastion2-layer6 minecraft:polished_blackstone_bricks
[06:32:07] [Server thread/INFO]: System chat: Successfully filled 9128 block(s)
[06:32:08] [Server thread/INFO]: System chat: Successfully filled 9128 block(s)
[06:32:08] [Server thread/INFO]: [Not Secure] [Server] SCAN bastion2-layer7 minecraft:polished_blackstone_bricks
[06:32:08] [Server thread/INFO]: System chat: No blocks were filled
[06:32:08] [Server thread/INFO]: System chat: No blocks were filled
[06:32:08] [Server thread/INFO]: [Not Secure] [Server] SCAN bastion2-layer8 minecraft:polished_blackstone_bricks
[06:32:08] [Server thread/INFO]: System chat: No blocks were filled
[06:32:08] [Server thread/INFO]: System chat: No blocks were filled
[06:32:08] [Server thread/INFO]: [Not Secure] [Server] SCAN bastion2-layer9 minecraft:polished_blackstone_bricks
[06:32:08] [Server thread/INFO]: System chat: No blocks were filled
[06:32:08] [Server thread/INFO]: System chat: No blocks were filled
[06:32:08] [Server thread/INFO]: [Not Secure] [Server] SCAN bastion2-layer10 minecraft:polished_blackstone_bricks
[06:32:09] [Server thread/INFO]: System chat: No blocks were filled
[06:32:09] [Server thread/INFO]: System chat: No blocks were filled
[06:32:09] [Server thread/INFO]: [Not Secure] [Server] SCAN bastion2-layer11 minecraft:polished_blackstone_bricks
[06:32:09] [Server thread/INFO]: System chat: No blocks were filled
[06:32:09] [Server thread/INFO]: System chat: No blocks were filled
[06:32:09] [Server thread/INFO]: System chat: Unmarked all force loaded chunks in minecraft:the_nether
[06:32:09] [Server thread/INFO]: [Not Secure] [Server] LOCATE ruined-portal
[06:32:09] [Server thread/INFO]: System chat: That position is not loaded
[06:32:10] [Server thread/INFO]: System chat: The nearest minecraft:ruined_portal_nether is at [384, ~, 48] (386 blocks away)
[06:32:10] [Server thread/INFO]: Locating element minecraft:ruined_portal_nether took 479 ms
[06:32:10] [Server thread/WARN]: Can't keep up! Is the server overloaded? Running 27326ms or 546 ticks behind
[06:32:46] [Server thread/INFO]: System chat: Marked 25 chunks in minecraft:the_nether from [22, 1] to [26, 5] to be force loaded
[06:32:46] [Server thread/INFO]: [Not Secure] [Server] SCAN ruined-portal-layer0 minecraft:obsidian
[06:32:46] [Server thread/INFO]: System chat: No blocks were filled
[06:32:46] [Server thread/INFO]: System chat: No blocks were filled
[06:32:46] [Server thread/INFO]: [Not Secure] [Server] SCAN ruined-portal-layer1 minecraft:obsidian
[06:32:46] [Server thread/INFO]: System chat: No blocks were filled
[06:32:46] [Server thread/INFO]: System chat: No blocks were filled
[06:32:46] [Server thread/INFO]: [Not Secure] [Server] SCAN ruined-portal-layer2 minecraft:obsidian
[06:32:46] [Server thread/INFO]: System chat: No blocks were filled
[06:32:46] [Server thread/INFO]: System chat: No blocks were filled
[06:32:46] [Server thread/INFO]: [Not Secure] [Server] SCAN ruined-portal-layer3 minecraft:obsidian
[06:32:47] [Server thread/INFO]: System chat: No blocks were filled
[06:32:47] [Server thread/INFO]: System chat: No blocks were filled
[06:32:47] [Server thread/INFO]: [Not Secure] [Server] SCAN ruined-portal-layer4 minecraft:obsidian
[06:32:47] [Server thread/INFO]: System chat: No blocks were filled
[06:32:47] [Server thread/INFO]: System chat: No blocks were filled
[06:32:47] [Server thread/INFO]: [Not Secure] [Server] SCAN ruined-portal-layer5 minecraft:obsidian
[06:32:47] [Server thread/INFO]: System chat: No blocks were filled
[06:32:47] [Server thread/INFO]: System chat: No blocks were filled
[06:32:47] [Server thread/INFO]: [Not Secure] [Server] SCAN ruined-portal-layer6 minecraft:obsidian
[06:32:47] [Server thread/INFO]: System chat: Successfully filled 9 block(s)
[06:32:48] [Server thread/INFO]: System chat: Successfully filled 9 block(s)
[06:32:48] [Server thread/INFO]: [Not Secure] [Server] SCAN ruined-portal-layer7 minecraft:obsidian
[06:32:48] [Server thread/INFO]: System chat: No blocks were filled
[06:32:48] [Server thread/INFO]: System chat: No blocks were filled
[06:32:48] [Server thread/INFO]: [Not Secure] [Server] SCAN ruined-portal-layer8 minecraft:obsidian
[06:32:48] [Server thread/INFO]: System chat: No blocks were filled
[06:32:48] [Server thread/INFO]: System chat: No blocks were filled
[06:32:48] [Server thread/INFO]: [Not Secure] [Server] SCAN ruined-portal-layer9 minecraft:obsidian
[06:32:48] [Server thread/INFO]: System chat: No blocks were filled
[06:32:49] [Server thread/INFO]: System chat: No blocks were filled
[06:32:49] [Server thread/INFO]: [Not Secure] [Server] SCAN ruined-portal-layer10 minecraft:obsidian
[06:32:49] [Server thread/INFO]: System chat: No blocks were filled
[06:32:49] [Server thread/INFO]: System chat: No blocks were filled
[06:32:49] [Server thread/INFO]: [Not Secure] [Server] SCAN ruined-portal-layer11 minecraft:obsidian
[06:32:49] [Server thread/INFO]: System chat: No blocks were filled
[06:32:49] [Server thread/INFO]: System chat: No blocks were filled
[06:32:49] [Server thread/INFO]: System chat: Unmarked all force loaded chunks in minecraft:the_nether
[06:32:49] [Server thread/INFO]: [Not Secure] [Server] LOCATE fossil
[06:32:49] [Server thread/INFO]: System chat: That position is not loaded
[06:32:49] [Server thread/INFO]: System chat: The nearest minecraft:nether_fossil is at [-32, ~, -32] (45 blocks away)
[06:32:49] [Server thread/INFO]: Locating element minecraft:nether_fossil took 0 ms
[06:32:49] [Server thread/WARN]: Can't keep up! Is the server overloaded? Running 24710ms or 494 ticks behind
[06:33:05] [Server thread/INFO]: System chat: Marked 25 chunks in minecraft:the_nether from [-4, -4] to [0, 0] to be force loaded
[06:33:05] [Server thread/INFO]: [Not Secure] [Server] SCAN fossil-layer0 minecraft:bone_block
[06:33:06] [Server thread/INFO]: System chat: No blocks were filled
[06:33:06] [Server thread/INFO]: System chat: No blocks were filled
[06:33:06] [Server thread/INFO]: [Not Secure] [Server] SCAN fossil-layer1 minecraft:bone_block
[06:33:06] [Server thread/INFO]: System chat: No blocks were filled
[06:33:06] [Server thread/INFO]: System chat: No blocks were filled
[06:33:06] [Server thread/INFO]: [Not Secure] [Server] SCAN fossil-layer2 minecraft:bone_block
[06:33:06] [Server thread/INFO]: System chat: No blocks were filled
[06:33:06] [Server thread/INFO]: System chat: No blocks were filled
[06:33:06] [Server thread/INFO]: [Not Secure] [Server] SCAN fossil-layer3 minecraft:bone_block
[06:33:06] [Server thread/INFO]: System chat: No blocks were filled
[06:33:07] [Server thread/INFO]: System chat: No blocks were filled
[06:33:07] [Server thread/INFO]: [Not Secure] [Server] SCAN fossil-layer4 minecraft:bone_block
[06:33:07] [Server thread/INFO]: System chat: No blocks were filled
[06:33:07] [Server thread/INFO]: System chat: No blocks were filled
[06:33:07] [Server thread/INFO]: [Not Secure] [Server] SCAN fossil-layer5 minecraft:bone_block
[06:33:07] [Server thread/INFO]: System chat: Successfully filled 51 block(s)
[06:33:07] [Server thread/INFO]: System chat: Successfully filled 51 block(s)
[06:33:07] [Server thread/INFO]: [Not Secure] [Server] SCAN fossil-layer6 minecraft:bone_block
[06:33:07] [Server thread/INFO]: System chat: No blocks were filled
[06:33:07] [Server thread/INFO]: System chat: No blocks were filled
[06:33:07] [Server thread/INFO]: [Not Secure] [Server] SCAN fossil-layer7 minecraft:bone_block
[06:33:08] [Server thread/INFO]: System chat: No blocks were filled
[06:33:08] [Server thread/INFO]: System chat: No blocks were filled
[06:33:08] [Server thread/INFO]: [Not Secure] [Server] SCAN fossil-layer8 minecraft:bone_block
[06:33:08] [Server thread/INFO]: System chat: No blocks were filled
[06:33:08] [Server thread/INFO]: System chat: No blocks were filled
[06:33:08] [Server thread/INFO]: [Not Secure] [Server] SCAN fossil-layer9 minecraft:bone_block
[06:33:08] [Server thread/INFO]: System chat: No blocks were filled
[06:33:08] [Server thread/INFO]: System chat: No blocks were filled
[06:33:08] [Server thread/INFO]: [Not Secure] [Server] SCAN fossil-layer10 minecraft:bone_block
[06:33:08] [Server thread/INFO]: System chat: No blocks were filled
[06:33:09] [Server thread/INFO]: System chat: No blocks were filled
[06:33:09] [Server thread/INFO]: [Not Secure] [Server] SCAN fossil-layer11 minecraft:bone_block
[06:33:09] [Server thread/INFO]: System chat: No blocks were filled
[06:33:09] [Server thread/INFO]: System chat: No blocks were filled
[06:33:09] [Server thread/INFO]: System chat: Unmarked all force loaded chunks in minecraft:the_nether
[06:33:09] [Server thread/INFO]: System chat: The game is running normally
[06:33:09] [Server thread/INFO]: System chat: Target tick rate: 20.0 per second.
Average time per tick: 0.1ms (Target: 50.0ms)
[06:33:09] [Server thread/INFO]: System chat: Percentiles: P50: 0.0ms P95: 0.1ms P99: 7.8ms. Sample: 100
[06:33:09] [Server thread/INFO]: [Not Secure] [Server] SECTION end nether
[06:33:09] [Server thread/INFO]: [Not Secure] [Server] CHECK commands done
[06:33:09] [Server thread/WARN]: Can't keep up! Is the server overloaded? Running 4686ms or 93 ticks behind
[06:34:10] [Server thread/INFO]: packtest[/127.0.0.1:51598] logged in with entity id 15948 at (10.5, 56.0, 7.5)
[06:34:10] [Server thread/INFO]: System chat: packtest joined the game
[06:34:10] [Server thread/WARN]: Can't keep up! Is the server overloaded? Running 3547ms or 70 ticks behind
[06:34:51] [Server thread/INFO]: [Not Secure] [Server] SECTION client
[06:34:52] [Server thread/INFO]: System chat: Set minecraft:overworld to time marker minecraft:noon
[06:34:52] [Server thread/INFO]: [Not Secure] [Server] SECTION layer 6
[06:34:52] [Server thread/INFO]: System chat: Marked chunk [4, 2] in minecraft:the_nether to be force loaded
[06:34:55] [Server thread/INFO]: System chat: Successfully filled 25 block(s)
[06:34:55] [Server thread/INFO]: System chat: No blocks were filled
[06:34:56] [Server thread/INFO]: System chat: packtest has made the advancement [We Need to Go Deeper]
[06:34:56] [Server thread/INFO]: System chat: Teleported packtest to 72.500000, 68.000000, 40.500000
[06:35:04] [Server thread/WARN]: Can't keep up! Is the server overloaded? Running 2017ms or 40 ticks behind
[06:35:25] [Server thread/WARN]: Can't keep up! Is the server overloaded? Running 5363ms or 107 ticks behind
[06:35:49] [Server thread/WARN]: Can't keep up! Is the server overloaded? Running 8857ms or 177 ticks behind
[06:36:11] [Server thread/INFO]: [Not Secure] [Server] VIEW layer6 yaw 0 pitch 10
[06:36:11] [Server thread/INFO]: System chat: Teleported packtest to 72.500000, 68.000000, 40.500000
[06:36:12] [Server thread/WARN]: Can't keep up! Is the server overloaded? Running 7849ms or 156 ticks behind
[06:36:22] [Server thread/INFO]: [Not Secure] [Server] VIEW layer6 yaw 90 pitch 25
[06:36:22] [Server thread/INFO]: System chat: Teleported packtest to 72.500000, 68.000000, 40.500000
[06:36:33] [Server thread/INFO]: [Not Secure] [Server] VIEW layer6 yaw 180 pitch -20
[06:36:33] [Server thread/INFO]: System chat: Teleported packtest to 72.500000, 68.000000, 40.500000
[06:36:34] [Server thread/WARN]: Can't keep up! Is the server overloaded? Running 7399ms or 147 ticks behind
[06:36:45] [Server thread/INFO]: [Not Secure] [Server] VIEW layer6 yaw 270 pitch 40
[06:36:45] [Server thread/INFO]: System chat: Teleported packtest to 72.500000, 68.000000, 40.500000
[06:36:56] [Server thread/INFO]: [Not Secure] [Server] VIEW layer6 yaw 0 pitch 89
[06:36:56] [Server thread/INFO]: System chat: Teleported packtest to 72.500000, 68.000000, 40.500000
[06:36:58] [Server thread/WARN]: Can't keep up! Is the server overloaded? Running 8797ms or 175 ticks behind
[06:37:07] [Server thread/INFO]: System chat: Set packtest's game mode to Survival Mode
[06:37:07] [Server thread/INFO]: System chat: Applied effect Resistance to packtest
[06:37:07] [Server thread/INFO]: System chat: Applied effect Fire Resistance to packtest
[06:37:07] [Server thread/INFO]: System chat: Killed 5399 entities
[06:39:08] [Server thread/INFO]: [Not Secure] [Server] COUNT layer6-120s strider
[06:39:08] [Server thread/INFO]: System chat: Test passed. Count: 18
[06:39:08] [Server thread/INFO]: [Not Secure] [Server] COUNT layer6-120s piglin
[06:39:08] [Server thread/INFO]: System chat: Test passed. Count: 60
[06:39:08] [Server thread/INFO]: [Not Secure] [Server] COUNT layer6-120s zombified_piglin
[06:39:09] [Server thread/INFO]: System chat: Test passed. Count: 13
[06:39:09] [Server thread/INFO]: [Not Secure] [Server] COUNT layer6-120s ghast
[06:39:09] [Server thread/INFO]: System chat: Test failed
[06:39:09] [Server thread/INFO]: [Not Secure] [Server] COUNT layer6-120s magma_cube
[06:39:09] [Server thread/INFO]: System chat: Test failed
[06:39:09] [Server thread/INFO]: [Not Secure] [Server] COUNT layer6-120s hoglin
[06:39:10] [Server thread/INFO]: System chat: Test passed. Count: 15
[06:39:10] [Server thread/INFO]: [Not Secure] [Server] COUNT layer6-120s enderman
[06:39:10] [Server thread/INFO]: System chat: Test failed
[06:39:10] [Server thread/INFO]: [Not Secure] [Server] COUNT layer6-120s skeleton
[06:39:10] [Server thread/INFO]: System chat: Test failed
[06:39:11] [Server thread/INFO]: [Not Secure] [Server] COUNT layer6-120s blaze
[06:39:11] [Server thread/INFO]: System chat: Test failed
[06:39:11] [Server thread/INFO]: [Not Secure] [Server] COUNT layer6-120s wither_skeleton
[06:39:11] [Server thread/INFO]: System chat: Test failed
[06:39:11] [Server thread/INFO]: System chat: The game is running normally
[06:39:11] [Server thread/INFO]: System chat: Target tick rate: 20.0 per second.
Average time per tick: 29.6ms (Target: 50.0ms)
[06:39:11] [Server thread/INFO]: System chat: Percentiles: P50: 30.3ms P95: 46.3ms P99: 61.0ms. Sample: 100
[06:41:12] [Server thread/INFO]: [Not Secure] [Server] COUNT layer6-240s strider
[06:41:13] [Server thread/INFO]: System chat: Test passed. Count: 17
[06:41:13] [Server thread/INFO]: [Not Secure] [Server] COUNT layer6-240s piglin
[06:41:13] [Server thread/INFO]: System chat: Test passed. Count: 81
[06:41:13] [Server thread/INFO]: [Not Secure] [Server] COUNT layer6-240s zombified_piglin
[06:41:13] [Server thread/INFO]: System chat: Test passed. Count: 11
[06:41:14] [Server thread/INFO]: [Not Secure] [Server] COUNT layer6-240s ghast
[06:41:14] [Server thread/INFO]: System chat: Test passed. Count: 1
[06:41:14] [Server thread/INFO]: [Not Secure] [Server] COUNT layer6-240s magma_cube
[06:41:14] [Server thread/INFO]: System chat: Test failed
[06:41:14] [Server thread/INFO]: [Not Secure] [Server] COUNT layer6-240s hoglin
[06:41:15] [Server thread/INFO]: System chat: Test passed. Count: 34
[06:41:15] [Server thread/INFO]: [Not Secure] [Server] COUNT layer6-240s enderman
[06:41:15] [Server thread/INFO]: System chat: Test failed
[06:41:15] [Server thread/INFO]: [Not Secure] [Server] COUNT layer6-240s skeleton
[06:41:15] [Server thread/INFO]: System chat: Test failed
[06:41:15] [Server thread/INFO]: [Not Secure] [Server] COUNT layer6-240s blaze
[06:41:16] [Server thread/INFO]: System chat: Test failed
[06:41:16] [Server thread/INFO]: [Not Secure] [Server] COUNT layer6-240s wither_skeleton
[06:41:16] [Server thread/INFO]: System chat: Test failed
[06:41:16] [Server thread/INFO]: System chat: Set packtest's game mode to Creative Mode
[06:41:17] [Server thread/INFO]: System chat: Unmarked all force loaded chunks in minecraft:the_nether
[06:41:17] [Server thread/INFO]: [Not Secure] [Server] SECTION layer 9
[06:41:17] [Server thread/INFO]: System chat: Marked chunk [4, 2] in minecraft:the_nether to be force loaded
[06:41:20] [Server thread/INFO]: System chat: Successfully filled 25 block(s)
[06:41:20] [Server thread/INFO]: System chat: Successfully filled 100 block(s)
[06:41:20] [Server thread/INFO]: System chat: Teleported packtest to 72.500000, 1028.000000, 40.500000
[06:42:36] [Server thread/INFO]: [Not Secure] [Server] VIEW layer9 yaw 0 pitch 10
[06:42:36] [Server thread/INFO]: System chat: Teleported packtest to 72.500000, 1028.000000, 40.500000
[06:42:46] [Server thread/INFO]: [Not Secure] [Server] VIEW layer9 yaw 90 pitch 25
[06:42:46] [Server thread/INFO]: System chat: Teleported packtest to 72.500000, 1028.000000, 40.500000
[06:42:55] [Server thread/INFO]: [Not Secure] [Server] VIEW layer9 yaw 180 pitch -20
[06:42:56] [Server thread/INFO]: System chat: Teleported packtest to 72.500000, 1028.000000, 40.500000
[06:43:05] [Server thread/INFO]: [Not Secure] [Server] VIEW layer9 yaw 270 pitch 40
[06:43:05] [Server thread/INFO]: System chat: Teleported packtest to 72.500000, 1028.000000, 40.500000
[06:43:15] [Server thread/INFO]: [Not Secure] [Server] VIEW layer9 yaw 0 pitch 89
[06:43:15] [Server thread/INFO]: System chat: Teleported packtest to 72.500000, 1028.000000, 40.500000
[06:43:25] [Server thread/INFO]: System chat: Set packtest's game mode to Survival Mode
[06:43:25] [Server thread/INFO]: System chat: Unable to apply this effect (target is either immune to effects, or has something stronger)
[06:43:25] [Server thread/INFO]: System chat: Unable to apply this effect (target is either immune to effects, or has something stronger)
[06:43:25] [Server thread/INFO]: System chat: Killed 232 entities
[06:45:25] [Server thread/INFO]: [Not Secure] [Server] COUNT layer9-120s strider
[06:45:25] [Server thread/INFO]: System chat: Test passed. Count: 12
[06:45:26] [Server thread/INFO]: [Not Secure] [Server] COUNT layer9-120s piglin
[06:45:26] [Server thread/INFO]: System chat: Test passed. Count: 22
[06:45:26] [Server thread/INFO]: [Not Secure] [Server] COUNT layer9-120s zombified_piglin
[06:45:26] [Server thread/INFO]: System chat: Test passed. Count: 2
[06:45:26] [Server thread/INFO]: [Not Secure] [Server] COUNT layer9-120s ghast
[06:45:26] [Server thread/INFO]: System chat: Test failed
[06:45:27] [Server thread/INFO]: [Not Secure] [Server] COUNT layer9-120s magma_cube
[06:45:27] [Server thread/INFO]: System chat: Test failed
[06:45:27] [Server thread/INFO]: [Not Secure] [Server] COUNT layer9-120s hoglin
[06:45:27] [Server thread/INFO]: System chat: Test passed. Count: 19
[06:45:27] [Server thread/INFO]: [Not Secure] [Server] COUNT layer9-120s enderman
[06:45:27] [Server thread/INFO]: System chat: Test failed
[06:45:28] [Server thread/INFO]: [Not Secure] [Server] COUNT layer9-120s skeleton
[06:45:28] [Server thread/INFO]: System chat: Test passed. Count: 8
[06:45:28] [Server thread/INFO]: [Not Secure] [Server] COUNT layer9-120s blaze
[06:45:28] [Server thread/INFO]: System chat: Test failed
[06:45:28] [Server thread/INFO]: [Not Secure] [Server] COUNT layer9-120s wither_skeleton
[06:45:28] [Server thread/INFO]: System chat: Test failed
[06:45:29] [Server thread/INFO]: System chat: The game is running normally
[06:45:29] [Server thread/INFO]: System chat: Target tick rate: 20.0 per second.
Average time per tick: 13.6ms (Target: 50.0ms)
[06:45:29] [Server thread/INFO]: System chat: Percentiles: P50: 14.1ms P95: 19.3ms P99: 21.7ms. Sample: 100
[06:47:29] [Server thread/INFO]: [Not Secure] [Server] COUNT layer9-240s strider
[06:47:29] [Server thread/INFO]: System chat: Test passed. Count: 10
[06:47:29] [Server thread/INFO]: [Not Secure] [Server] COUNT layer9-240s piglin
[06:47:30] [Server thread/INFO]: System chat: Test passed. Count: 34
[06:47:30] [Server thread/INFO]: [Not Secure] [Server] COUNT layer9-240s zombified_piglin
[06:47:30] [Server thread/INFO]: System chat: Test passed. Count: 3
[06:47:30] [Server thread/INFO]: [Not Secure] [Server] COUNT layer9-240s ghast
[06:47:30] [Server thread/INFO]: System chat: Test passed. Count: 2
[06:47:30] [Server thread/INFO]: [Not Secure] [Server] COUNT layer9-240s magma_cube
[06:47:31] [Server thread/INFO]: System chat: Test failed
[06:47:31] [Server thread/INFO]: [Not Secure] [Server] COUNT layer9-240s hoglin
[06:47:31] [Server thread/INFO]: System chat: Test passed. Count: 10
[06:47:31] [Server thread/INFO]: [Not Secure] [Server] COUNT layer9-240s enderman
[06:47:31] [Server thread/INFO]: System chat: Test passed. Count: 1
[06:47:31] [Server thread/INFO]: [Not Secure] [Server] COUNT layer9-240s skeleton
[06:47:32] [Server thread/INFO]: System chat: Test passed. Count: 2
[06:47:32] [Server thread/INFO]: [Not Secure] [Server] COUNT layer9-240s blaze
[06:47:32] [Server thread/INFO]: System chat: Test failed
[06:47:32] [Server thread/INFO]: [Not Secure] [Server] COUNT layer9-240s wither_skeleton
[06:47:32] [Server thread/INFO]: System chat: Test failed
[06:47:32] [Server thread/INFO]: System chat: Set packtest's game mode to Creative Mode
[06:47:33] [Server thread/INFO]: System chat: Unmarked all force loaded chunks in minecraft:the_nether
[06:47:33] [Server thread/INFO]: [Not Secure] [Server] SECTION portals
[06:47:33] [Server thread/INFO]: [Not Secure] [Server] PORTALTEST overworld-low island M4 top -1350
[06:47:35] [Server thread/INFO]: System chat: Marked chunk [69, -196] in minecraft:overworld to be force loaded
[06:47:35] [Server thread/INFO]: System chat: Teleported packtest to 1114.500000, -1320.000000, -3125.500000
[06:47:44] [Server thread/INFO]: Player packtest standing on air - force-sending blocks below
[06:47:58] [Server thread/INFO]: System chat: Summoned new Marker
[06:47:59] [Server thread/INFO]: System chat: Marker has the following entity data: [1114.5d, -1351.0d, -3125.5d]
[06:47:59] [Server thread/INFO]: System chat: Successfully filled 20 block(s)
[06:47:59] [Server thread/INFO]: System chat: Successfully filled 6 block(s)
[06:47:59] [Server thread/INFO]: System chat: Changed the block at 1114, -1351, -3126
[06:48:26] [Server thread/INFO]: [Not Secure] [Server] PORTAL lit
[06:48:26] [Server thread/INFO]: System chat: Teleported packtest to 1115.000000, -1351.000000, -3125.000000
[06:48:26] [Server thread/WARN]: Can't keep up! Is the server overloaded? Running 26718ms or 534 ticks behind
[06:48:40] [Server thread/INFO]: [Not Secure] [Server] CHECK through the overworld-low portal
[06:48:40] [Server thread/INFO]: System chat: packtest has the following entity data: "minecraft:overworld"
[06:48:40] [Server thread/INFO]: System chat: packtest has the following entity data: [1115.0d, -1351.0d, -3125.0d]
[06:48:40] [Server thread/INFO]: System chat: Running function packtest:nfeet
[06:48:40] [Server thread/INFO]: [Not Secure] [Server] UNDER sand
[06:48:40] [Server thread/INFO]: [Not Secure] [Server] UNDER solid
[06:48:40] [Server thread/INFO]: System chat: Running function packtest:nbiome
[06:48:41] [Server thread/INFO]: System chat: Teleported packtest to 1118.000000, -1351.000000, -3122.000000
[06:48:41] [Server thread/INFO]: Player packtest standing on air - force-sending blocks below
[06:48:43] [Server thread/INFO]: System chat: Unmarked all force loaded chunks in minecraft:overworld
[06:48:44] [Server thread/INFO]: [Not Secure] [Server] PORTALTEST overworld-high island K6 top 1402
[06:48:46] [Server thread/INFO]: System chat: Marked chunk [-156, -81] in minecraft:overworld to be force loaded
[06:48:46] [Server thread/INFO]: System chat: Teleported packtest to -2485.500000, 1432.000000, -1285.500000
[06:48:46] [Server thread/WARN]: Can't keep up! Is the server overloaded? Running 2670ms or 53 ticks behind
[06:49:09] [Server thread/INFO]: System chat: Summoned new Marker
[06:49:09] [Server thread/INFO]: System chat: Marker has the following entity data: [-2485.5d, 1375.0d, -1285.5d]
[06:49:09] [Server thread/INFO]: System chat: Successfully filled 20 block(s)
[06:49:10] [Server thread/INFO]: Player packtest standing on air - force-sending blocks below
[06:49:10] [Server thread/INFO]: System chat: Successfully filled 6 block(s)
[06:49:10] [Server thread/INFO]: System chat: Changed the block at -2486, 1375, -1286
[06:49:36] [Server thread/INFO]: [Not Secure] [Server] PORTAL lit
[06:49:36] [Server thread/INFO]: System chat: Teleported packtest to -2485.000000, 1375.000000, -1285.000000
[06:49:36] [Server thread/WARN]: Can't keep up! Is the server overloaded? Running 26356ms or 527 ticks behind
[06:49:50] [Server thread/INFO]: [Not Secure] [Server] CHECK through the overworld-high portal
[06:49:51] [Server thread/INFO]: System chat: packtest has the following entity data: "minecraft:overworld"
[06:49:51] [Server thread/INFO]: System chat: packtest has the following entity data: [-2485.0d, 1375.0d, -1285.0d]
[06:49:51] [Server thread/INFO]: System chat: Running function packtest:nfeet
[06:49:51] [Server thread/INFO]: [Not Secure] [Server] AT air
[06:49:51] [Server thread/INFO]: [Not Secure] [Server] UNDER solid
[06:49:51] [Server thread/INFO]: System chat: Running function packtest:nbiome
[06:49:52] [Server thread/INFO]: System chat: Teleported packtest to -2482.000000, 1375.000000, -1282.000000
[06:49:52] [Server thread/INFO]: Player packtest standing on air - force-sending blocks below
[06:49:54] [Server thread/INFO]: System chat: Unmarked all force loaded chunks in minecraft:overworld
[06:49:54] [Server thread/INFO]: [Not Secure] [Server] PORTALTEST nether-layer2-under-S1 at 300 -1257 300
[06:49:54] [Server thread/INFO]: System chat: Teleported packtest to 300.500000, -1257.000000, 302.500000
[06:50:02] [Server thread/WARN]: Can't keep up! Is the server overloaded? Running 7354ms or 147 ticks behind
[06:50:24] [Server thread/INFO]: System chat: Successfully filled 56 block(s)
[06:50:25] [Server thread/INFO]: System chat: Successfully filled 280 block(s)
[06:50:25] [Server thread/INFO]: System chat: Successfully filled 20 block(s)
[06:50:25] [Server thread/INFO]: System chat: Successfully filled 6 block(s)
[06:50:25] [Server thread/INFO]: System chat: Changed the block at 300, -1257, 300
[06:50:25] [Server thread/INFO]: [Not Secure] [Server] PORTAL lit
[06:50:25] [Server thread/INFO]: System chat: Teleported packtest to 300.500000, -1257.000000, 300.500000
[06:50:35] [Server thread/WARN]: Can't keep up! Is the server overloaded? Running 8937ms or 178 ticks behind
[06:51:06] [Server thread/INFO]: [Not Secure] [Server] CHECK through the nether-layer2-under-S1 portal
[06:51:06] [Server thread/INFO]: System chat: packtest has the following entity data: "minecraft:overworld"
[06:51:06] [Server thread/INFO]: System chat: packtest has the following entity data: [290.5d, 53.0d, 315.5d]
[06:51:06] [Server thread/INFO]: System chat: Running function packtest:nfeet
[06:51:06] [Server thread/INFO]: [Not Secure] [Server] UNDER obsidian
[06:51:06] [Server thread/INFO]: [Not Secure] [Server] AT nether_portal
[06:51:06] [Server thread/INFO]: [Not Secure] [Server] UNDER solid
[06:51:06] [Server thread/INFO]: System chat: Running function packtest:nbiome
[06:51:07] [Server thread/INFO]: System chat: Teleported packtest to 293.500000, 53.000000, 318.500000
[06:51:10] [Server thread/INFO]: [Not Secure] [Server] PORTALTEST nether-layer9-void at 2000 1023 -1000
[06:51:10] [Server thread/INFO]: System chat: Teleported packtest to 2000.500000, 1023.000000, -997.500000
[06:51:29] [Server thread/WARN]: Can't keep up! Is the server overloaded? Running 18878ms or 377 ticks behind
[06:51:40] [Server thread/INFO]: System chat: Successfully filled 55 block(s)
[06:51:40] [Server thread/INFO]: System chat: Successfully filled 5 block(s)
[06:51:40] [Server thread/INFO]: System chat: Successfully filled 20 block(s)
[06:51:40] [Server thread/INFO]: System chat: Successfully filled 6 block(s)
[06:51:41] [Server thread/INFO]: System chat: Changed the block at 2000, 1023, -1000
[06:51:41] [Server thread/INFO]: [Not Secure] [Server] PORTAL lit
[06:51:41] [Server thread/INFO]: System chat: Teleported packtest to 2000.500000, 1023.000000, -999.500000
[06:51:57] [Server thread/WARN]: Can't keep up! Is the server overloaded? Running 13105ms or 262 ticks behind
[06:52:21] [Server thread/INFO]: [Not Secure] [Server] CHECK through the nether-layer9-void portal
[06:52:21] [Server thread/INFO]: System chat: packtest has the following entity data: "minecraft:overworld"
[06:52:21] [Server thread/INFO]: System chat: packtest has the following entity data: [1999.5d, 1023.0d, -999.5d]
[06:52:22] [Server thread/INFO]: System chat: Running function packtest:nfeet
[06:52:22] [Server thread/INFO]: [Not Secure] [Server] UNDER obsidian
[06:52:22] [Server thread/INFO]: [Not Secure] [Server] AT nether_portal
[06:52:22] [Server thread/INFO]: [Not Secure] [Server] UNDER solid
[06:52:22] [Server thread/INFO]: System chat: Running function packtest:nbiome
[06:52:22] [Server thread/INFO]: System chat: Teleported packtest to 2002.500000, 1023.000000, -996.500000
[06:52:24] [Server thread/INFO]: System chat: The game is running normally
[06:52:24] [Server thread/INFO]: System chat: Target tick rate: 20.0 per second.
Average time per tick: 12.2ms (Target: 50.0ms)
[06:52:24] [Server thread/INFO]: System chat: Percentiles: P50: 11.2ms P95: 20.7ms P99: 31.2ms. Sample: 100
[06:52:25] [Server thread/INFO]: [Not Secure] [Server] SECTION end client
[06:52:25] [Server thread/INFO]: packtest lost connection: Disconnected
[06:52:25] [Server thread/INFO]: System chat: packtest left the game
[06:52:31] [Server thread/INFO]: System chat: Stopping the server
[06:52:31] [Server thread/INFO]: Stopping server
[06:52:31] [Server thread/INFO]: Saving players
[06:52:31] [Server thread/INFO]: Saving worlds
[06:52:31] [Server thread/INFO]: Saving chunks for level 'ServerLevel[world]'/minecraft:overworld
[06:52:31] [Server thread/INFO]: Saving chunks for level 'ServerLevel[world]'/the_sift:the_sift
[06:52:31] [Server thread/INFO]: Saving chunks for level 'ServerLevel[world]'/minecraft:the_end
[06:52:31] [Server thread/INFO]: Saving chunks for level 'ServerLevel[world]'/minecraft:the_nether
[06:52:31] [C2ME Storage #3/INFO]: Storage thread Thread[#66,C2ME Storage #3,5,main] stopped
[06:52:31] [C2ME Storage #2/INFO]: Storage thread Thread[#65,C2ME Storage #2,5,main] stopped
[06:52:31] [C2ME Storage #1/INFO]: Storage thread Thread[#64,C2ME Storage #1,5,main] stopped
[06:52:31] [C2ME Storage #6/INFO]: Storage thread Thread[#72,C2ME Storage #6,5,main] stopped
[06:52:31] [C2ME Storage #5/INFO]: Storage thread Thread[#71,C2ME Storage #5,5,main] stopped
[06:52:31] [C2ME Storage #4/INFO]: Storage thread Thread[#70,C2ME Storage #4,5,main] stopped
[06:52:31] [C2ME Storage #9/INFO]: Storage thread Thread[#75,C2ME Storage #9,5,main] stopped
[06:52:31] [C2ME Storage #8/INFO]: Storage thread Thread[#74,C2ME Storage #8,5,main] stopped
[06:52:31] [C2ME Storage #7/INFO]: Storage thread Thread[#73,C2ME Storage #7,5,main] stopped
[06:52:31] [C2ME Storage #12/INFO]: Storage thread Thread[#78,C2ME Storage #12,5,main] stopped
[06:52:31] [C2ME Storage #11/INFO]: Storage thread Thread[#77,C2ME Storage #11,5,main] stopped
[06:52:31] [C2ME Storage #10/INFO]: Storage thread Thread[#76,C2ME Storage #10,5,main] stopped
EXIT 0
