Downloading Minecraft server
Installing Fabric Loader 0.19.5(26.3) on the server
Downloading required files
Downloading library org.ow2.asm:asm:9.10.1
Downloading library org.ow2.asm:asm-analysis:9.10.1
Downloading library org.ow2.asm:asm-commons:9.10.1
Downloading library org.ow2.asm:asm-tree:9.10.1
Downloading library org.ow2.asm:asm-util:9.10.1
Downloading library net.fabricmc:sponge-mixin:0.17.4+mixin.0.8.7
Downloading library net.fabricmc:fabric-loader:0.19.5
Generating server launch JAR
Unpacking 26.3/server-26.3.jar (versions:26.3) to versions/26.3/server-26.3.jar
Unpacking at/yawk/lz4/lz4-java/1.10.1/lz4-java-1.10.1.jar (libraries:at.yawk.lz4:lz4-java:1.10.1) to libraries/at/yawk/lz4/lz4-java/1.10.1/lz4-java-1.10.1.jar
Unpacking com/azure/azure-json/1.4.0/azure-json-1.4.0.jar (libraries:com.azure:azure-json:1.4.0) to libraries/com/azure/azure-json/1.4.0/azure-json-1.4.0.jar
Unpacking com/github/oshi/oshi-core/6.9.0/oshi-core-6.9.0.jar (libraries:com.github.oshi:oshi-core:6.9.0) to libraries/com/github/oshi/oshi-core/6.9.0/oshi-core-6.9.0.jar
Unpacking com/google/code/gson/gson/2.14.0/gson-2.14.0.jar (libraries:com.google.code.gson:gson:2.14.0) to libraries/com/google/code/gson/gson/2.14.0/gson-2.14.0.jar
Unpacking com/google/guava/failureaccess/1.0.3/failureaccess-1.0.3.jar (libraries:com.google.guava:failureaccess:1.0.3) to libraries/com/google/guava/failureaccess/1.0.3/failureaccess-1.0.3.jar
Unpacking com/google/guava/guava/33.6.0-jre/guava-33.6.0-jre.jar (libraries:com.google.guava:guava:33.6.0-jre) to libraries/com/google/guava/guava/33.6.0-jre/guava-33.6.0-jre.jar
Unpacking com/microsoft/azure/msal4j/1.24.1/msal4j-1.24.1.jar (libraries:com.microsoft.azure:msal4j:1.24.1) to libraries/com/microsoft/azure/msal4j/1.24.1/msal4j-1.24.1.jar
Unpacking com/mojang/authlib/10.0.77/authlib-10.0.77.jar (libraries:com.mojang:authlib:10.0.77) to libraries/com/mojang/authlib/10.0.77/authlib-10.0.77.jar
Unpacking com/mojang/brigadier/1.3.11/brigadier-1.3.11.jar (libraries:com.mojang:brigadier:1.3.11) to libraries/com/mojang/brigadier/1.3.11/brigadier-1.3.11.jar
Unpacking com/mojang/datafixerupper/10.0.21/datafixerupper-10.0.21.jar (libraries:com.mojang:datafixerupper:10.0.21) to libraries/com/mojang/datafixerupper/10.0.21/datafixerupper-10.0.21.jar
Unpacking com/mojang/jtracy/1.14.38/jtracy-1.14.38.jar (libraries:com.mojang:jtracy:1.14.38) to libraries/com/mojang/jtracy/1.14.38/jtracy-1.14.38.jar
Unpacking com/mojang/logging/1.7.12/logging-1.7.12.jar (libraries:com.mojang:logging:1.7.12) to libraries/com/mojang/logging/1.7.12/logging-1.7.12.jar
Unpacking commons-io/commons-io/2.20.0/commons-io-2.20.0.jar (libraries:commons-io:commons-io:2.20.0) to libraries/commons-io/commons-io/2.20.0/commons-io-2.20.0.jar
Unpacking io/netty/netty-buffer/4.2.16.Final/netty-buffer-4.2.16.Final.jar (libraries:io.netty:netty-buffer:4.2.16.Final) to libraries/io/netty/netty-buffer/4.2.16.Final/netty-buffer-4.2.16.Final.jar
Unpacking io/netty/netty-codec-base/4.2.16.Final/netty-codec-base-4.2.16.Final.jar (libraries:io.netty:netty-codec-base:4.2.16.Final) to libraries/io/netty/netty-codec-base/4.2.16.Final/netty-codec-base-4.2.16.Final.jar
Unpacking io/netty/netty-codec-compression/4.2.16.Final/netty-codec-compression-4.2.16.Final.jar (libraries:io.netty:netty-codec-compression:4.2.16.Final) to libraries/io/netty/netty-codec-compression/4.2.16.Final/netty-codec-compression-4.2.16.Final.jar
Unpacking io/netty/netty-codec-http/4.2.16.Final/netty-codec-http-4.2.16.Final.jar (libraries:io.netty:netty-codec-http:4.2.16.Final) to libraries/io/netty/netty-codec-http/4.2.16.Final/netty-codec-http-4.2.16.Final.jar
Unpacking io/netty/netty-common/4.2.16.Final/netty-common-4.2.16.Final.jar (libraries:io.netty:netty-common:4.2.16.Final) to libraries/io/netty/netty-common/4.2.16.Final/netty-common-4.2.16.Final.jar
Unpacking io/netty/netty-handler/4.2.16.Final/netty-handler-4.2.16.Final.jar (libraries:io.netty:netty-handler:4.2.16.Final) to libraries/io/netty/netty-handler/4.2.16.Final/netty-handler-4.2.16.Final.jar
Unpacking io/netty/netty-resolver/4.2.16.Final/netty-resolver-4.2.16.Final.jar (libraries:io.netty:netty-resolver:4.2.16.Final) to libraries/io/netty/netty-resolver/4.2.16.Final/netty-resolver-4.2.16.Final.jar
Unpacking io/netty/netty-transport/4.2.16.Final/netty-transport-4.2.16.Final.jar (libraries:io.netty:netty-transport:4.2.16.Final) to libraries/io/netty/netty-transport/4.2.16.Final/netty-transport-4.2.16.Final.jar
Unpacking io/netty/netty-transport-classes-epoll/4.2.16.Final/netty-transport-classes-epoll-4.2.16.Final.jar (libraries:io.netty:netty-transport-classes-epoll:4.2.16.Final) to libraries/io/netty/netty-transport-classes-epoll/4.2.16.Final/netty-transport-classes-epoll-4.2.16.Final.jar
Unpacking io/netty/netty-transport-classes-kqueue/4.2.16.Final/netty-transport-classes-kqueue-4.2.16.Final.jar (libraries:io.netty:netty-transport-classes-kqueue:4.2.16.Final) to libraries/io/netty/netty-transport-classes-kqueue/4.2.16.Final/netty-transport-classes-kqueue-4.2.16.Final.jar
Unpacking io/netty/netty-transport-native-epoll/4.2.16.Final/netty-transport-native-epoll-4.2.16.Final-linux-x86_64.jar (libraries:io.netty:netty-transport-native-epoll:4.2.16.Final:linux-x86_64) to libraries/io/netty/netty-transport-native-epoll/4.2.16.Final/netty-transport-native-epoll-4.2.16.Final-linux-x86_64.jar
Unpacking io/netty/netty-transport-native-epoll/4.2.16.Final/netty-transport-native-epoll-4.2.16.Final-linux-aarch_64.jar (libraries:io.netty:netty-transport-native-epoll:4.2.16.Final:linux-aarch_64) to libraries/io/netty/netty-transport-native-epoll/4.2.16.Final/netty-transport-native-epoll-4.2.16.Final-linux-aarch_64.jar
Unpacking io/netty/netty-transport-native-kqueue/4.2.16.Final/netty-transport-native-kqueue-4.2.16.Final-osx-x86_64.jar (libraries:io.netty:netty-transport-native-kqueue:4.2.16.Final:osx-x86_64) to libraries/io/netty/netty-transport-native-kqueue/4.2.16.Final/netty-transport-native-kqueue-4.2.16.Final-osx-x86_64.jar
Unpacking io/netty/netty-transport-native-kqueue/4.2.16.Final/netty-transport-native-kqueue-4.2.16.Final-osx-aarch_64.jar (libraries:io.netty:netty-transport-native-kqueue:4.2.16.Final:osx-aarch_64) to libraries/io/netty/netty-transport-native-kqueue/4.2.16.Final/netty-transport-native-kqueue-4.2.16.Final-osx-aarch_64.jar
Unpacking io/netty/netty-transport-native-unix-common/4.2.16.Final/netty-transport-native-unix-common-4.2.16.Final.jar (libraries:io.netty:netty-transport-native-unix-common:4.2.16.Final) to libraries/io/netty/netty-transport-native-unix-common/4.2.16.Final/netty-transport-native-unix-common-4.2.16.Final.jar
Unpacking it/unimi/dsi/fastutil/8.5.18/fastutil-8.5.18.jar (libraries:it.unimi.dsi:fastutil:8.5.18) to libraries/it/unimi/dsi/fastutil/8.5.18/fastutil-8.5.18.jar
Unpacking net/java/dev/jna/jna/5.17.0/jna-5.17.0.jar (libraries:net.java.dev.jna:jna:5.17.0) to libraries/net/java/dev/jna/jna/5.17.0/jna-5.17.0.jar
Unpacking net/java/dev/jna/jna-platform/5.17.0/jna-platform-5.17.0.jar (libraries:net.java.dev.jna:jna-platform:5.17.0) to libraries/net/java/dev/jna/jna-platform/5.17.0/jna-platform-5.17.0.jar
Unpacking net/sf/jopt-simple/jopt-simple/5.0.4/jopt-simple-5.0.4.jar (libraries:net.sf.jopt-simple:jopt-simple:5.0.4) to libraries/net/sf/jopt-simple/jopt-simple/5.0.4/jopt-simple-5.0.4.jar
Unpacking org/apache/commons/commons-lang3/3.20.0/commons-lang3-3.20.0.jar (libraries:org.apache.commons:commons-lang3:3.20.0) to libraries/org/apache/commons/commons-lang3/3.20.0/commons-lang3-3.20.0.jar
Unpacking org/apache/logging/log4j/log4j-api/2.26.0/log4j-api-2.26.0.jar (libraries:org.apache.logging.log4j:log4j-api:2.26.0) to libraries/org/apache/logging/log4j/log4j-api/2.26.0/log4j-api-2.26.0.jar
Unpacking org/apache/logging/log4j/log4j-core/2.26.0/log4j-core-2.26.0.jar (libraries:org.apache.logging.log4j:log4j-core:2.26.0) to libraries/org/apache/logging/log4j/log4j-core/2.26.0/log4j-core-2.26.0.jar
Unpacking org/apache/logging/log4j/log4j-slf4j2-impl/2.26.0/log4j-slf4j2-impl-2.26.0.jar (libraries:org.apache.logging.log4j:log4j-slf4j2-impl:2.26.0) to libraries/org/apache/logging/log4j/log4j-slf4j2-impl/2.26.0/log4j-slf4j2-impl-2.26.0.jar
Unpacking org/joml/joml/1.10.9/joml-1.10.9.jar (libraries:org.joml:joml:1.10.9) to libraries/org/joml/joml/1.10.9/joml-1.10.9.jar
Unpacking org/jspecify/jspecify/1.0.0/jspecify-1.0.0.jar (libraries:org.jspecify:jspecify:1.0.0) to libraries/org/jspecify/jspecify/1.0.0/jspecify-1.0.0.jar
Unpacking org/slf4j/slf4j-api/2.0.17/slf4j-api-2.0.17.jar (libraries:org.slf4j:slf4j-api:2.0.17) to libraries/org/slf4j/slf4j-api/2.0.17/slf4j-api-2.0.17.jar
Starting net.fabricmc.loader.impl.game.minecraft.BundlerClassPathCapture
[12:12:58] [main/INFO]: Loading Minecraft 26.3 with Fabric Loader 0.19.5
[12:12:58] [main/INFO]: Mappings not present!
[12:12:58] [main/INFO]: Loading 42 mods:
	- fabric-api 0.161.0+26.3
	   |-- fabric-advancement-api-v1 1.0.0+38c7a2d55d
	   |-- fabric-api-base 2.0.6+fcdff87f5d
	   |-- fabric-api-lookup-api-v1 2.0.24+3434d6d95d
	   |-- fabric-biome-api-v1 20.0.9+74ed1ea55d
	   |-- fabric-block-api-v1 3.1.0+0ae6f9115d
	   |-- fabric-block-getter-api-v2 2.0.9+3434d6d95d
	   |-- fabric-command-api-v2 3.1.2+fcdff87f5d
	   |-- fabric-content-registries-v0 15.0.4+74ed1ea55d
	   |-- fabric-convention-tags-v2 4.10.3+6b5b47fd5d
	   |-- fabric-crash-report-info-v1 1.0.7+fcdff87f5d
	   |-- fabric-creative-tab-api-v1 5.0.21+fcdff87f5d
	   |-- fabric-data-attachment-api-v1 2.2.30+3434d6d95d
	   |-- fabric-data-generation-api-v1 27.2.4+427eab975d
	   |-- fabric-debug-api-v1 1.0.4+3434d6d95d
	   |-- fabric-dimensions-v1 5.1.19+47f74c985d
	   |-- fabric-entity-events-v1 6.0.4+3434d6d95d
	   |-- fabric-events-interaction-v0 5.3.6+3434d6d95d
	   |-- fabric-game-rule-api-v1 4.0.10+3434d6d95d
	   |-- fabric-item-api-v1 14.7.0+cf6bc2db5d
	   |-- fabric-lifecycle-events-v1 4.1.9+ffef5f675d
	   |-- fabric-loot-api-v3 4.0.8+4068fd645d
	   |-- fabric-menu-api-v1 2.0.27+ed66f0a35d
	   |-- fabric-message-api-v1 7.0.10+3434d6d95d
	   |-- fabric-networking-api-v1 6.3.8+fcdff87f5d
	   |-- fabric-object-builder-api-v1 24.1.9+3434d6d95d
	   |-- fabric-particles-v1 5.0.24+3434d6d95d
	   |-- fabric-permission-api-v1 1.0.8+fcdff87f5d
	   |-- fabric-recipe-api-v1 10.0.8+fcdff87f5d
	   |-- fabric-registry-sync-v0 8.0.1+fcdff87f5d
	   |-- fabric-rendering-fluids-v1 6.0.6+3434d6d95d
	   |-- fabric-resource-conditions-api-v1 6.1.5+3434d6d95d
	   |-- fabric-resource-loader-v0 3.3.26+4fc5413f5d
	   |-- fabric-resource-loader-v1 3.0.4+fcdff87f5d
	   |-- fabric-serialization-api-v1 2.0.7+74ed1ea55d
	   |-- fabric-tag-api-v1 2.1.10+fcdff87f5d
	   |-- fabric-transfer-api-v1 8.0.25+fcdff87f5d
	   \-- fabric-transitive-access-wideners-v1 8.1.16+52268a0e5d
	- fabricloader 0.19.5
	   \-- mixinextras 0.5.5
	- java 25
	- minecraft 26.3
[12:12:59] [main/INFO]: SpongePowered MIXIN Subsystem Version=0.8.7 Source=file:/tmp/work/perf-nosulfur/libraries/net/fabricmc/sponge-mixin/0.17.4+mixin.0.8.7/sponge-mixin-0.17.4+mixin.0.8.7.jar Service=Knot/Fabric Env=SERVER
[12:12:59] [main/INFO]: Initializing MixinExtras via com.llamalad7.mixinextras.service.MixinExtrasServiceImpl(version=0.5.5).
WARNING: A terminally deprecated method in sun.misc.Unsafe has been called
WARNING: sun.misc.Unsafe::objectFieldOffset has been called by org.joml.MemUtil$MemUtilUnsafe (file:/tmp/work/perf-nosulfur/libraries/org/joml/joml/1.10.9/joml-1.10.9.jar)
WARNING: Please consider reporting this to the maintainers of class org.joml.MemUtil$MemUtilUnsafe
WARNING: sun.misc.Unsafe::objectFieldOffset will be removed in a future release
[12:13:06] [main/INFO]: Environment: Environment[discoveryUrl=https://discovery.minecraftservices.com/minecraft/client, name=PROD]
[12:13:06] [main/INFO]: Found new data pack file/packtest-probes, loading it automatically
[12:13:06] [main/INFO]: Found new data pack file/the-isles.zip, loading it automatically
[12:13:07] [Worker-Main-1/INFO]: No existing world data, creating new world
[12:13:08] [Worker-Main-1/INFO]: Loaded 1866 advancements
[12:13:09] [main/INFO]: Applied 0 biome modifications to 0 of 68 new biomes in 1.530 ms
[12:13:09] [Server thread/INFO]: Starting minecraft server version 26.3
[12:13:09] [Server thread/INFO]: Loading properties
[12:13:09] [Server thread/INFO]: Default game type: CREATIVE
[12:13:09] [Server thread/INFO]: Generating keypair
[12:13:09] [Server thread/INFO]: Starting Minecraft server on *:25565
[12:13:09] [Server thread/WARN]: **** SERVER IS RUNNING IN OFFLINE/INSECURE MODE!
[12:13:09] [Server thread/WARN]: The server will make no attempt to authenticate usernames. Beware.
[12:13:09] [Server thread/WARN]: While this makes the game possible to play without internet access, it also opens up the ability for hackers to connect with any username they choose.
[12:13:09] [Server thread/WARN]: To change this, set "online-mode" to "true" in the server.properties file.
[12:13:09] [Server thread/INFO]: Preparing level "world"
[12:13:09] [Server thread/INFO]: Selecting global world spawn...
[12:13:09] [Worker-Main-2/WARN]: Compiling a MIN function between two non-overlapping inputs: BinaryFunction[type=SUB, left=PreparedCache[id=214, range=[36.0; 70.0], domainAxes=5, cachingSampler=CachingDensitySampler[id=214, input=YSampler[input=SubSampler[left=ConstSubSampler[left=64.0, right=ConstMulSampler[left=ConstSubSampler[left=1.0, right=CachingDensitySampler[id=215, input=YSampler[input=Sampler[noise=net.minecraft.world.level.levelgen.synth.NoiseStack$Perlin@6d3d3247, xzScale=1.0, yScale=0.0], y=0]]], right=6.0]], right=ConstMulSampler[left=ConstSubSampler[left=1.0, right=Sampler[input=ConstMulSampler[left=CachingDensitySampler[id=94, input=YSampler[input=SubSampler[left=ConstSubSampler[left=1.0, right=ConstMulSampler[left=YSampler[input=Sampler[x=0, y=0, z=0, metric=EUCLIDEAN], y=0], right=8.3333335E-4]], right=ConstMulSampler[left=ConstAddSampler[left=CachingDensitySampler[id=1, input=YSampler[input=Sampler[noise=net.minecraft.world.level.levelgen.synth.NoiseStack$Perlin@1685443b, xzScale=1.0, yScale=0.0], y=0]], right=1.0], right=0.07333333]], y=0]], right=1.6666666], min=0.0, max=1.0]], right=10.0]], y=0]]], right=ConstantFunction[value=12.0]] ([24.0; 58.0]) and ConstantFunction[value=16.0] ([16.0; 16.0])
[12:13:09] [Worker-Main-2/WARN]: Compiling a MIN function between two non-overlapping inputs: BinaryFunction[type=SUB, left=PreparedCache[id=214, range=[36.0; 70.0], domainAxes=5, cachingSampler=CachingDensitySampler[id=214, input=YSampler[input=SubSampler[left=ConstSubSampler[left=64.0, right=ConstMulSampler[left=ConstSubSampler[left=1.0, right=CachingDensitySampler[id=215, input=YSampler[input=Sampler[noise=net.minecraft.world.level.levelgen.synth.NoiseStack$Perlin@6d3d3247, xzScale=1.0, yScale=0.0], y=0]]], right=6.0]], right=ConstMulSampler[left=ConstSubSampler[left=1.0, right=Sampler[input=ConstMulSampler[left=CachingDensitySampler[id=94, input=YSampler[input=SubSampler[left=ConstSubSampler[left=1.0, right=ConstMulSampler[left=YSampler[input=Sampler[x=0, y=0, z=0, metric=EUCLIDEAN], y=0], right=8.3333335E-4]], right=ConstMulSampler[left=ConstAddSampler[left=CachingDensitySampler[id=1, input=YSampler[input=Sampler[noise=net.minecraft.world.level.levelgen.synth.NoiseStack$Perlin@1685443b, xzScale=1.0, yScale=0.0], y=0]], right=1.0], right=0.07333333]], y=0]], right=1.6666666], min=0.0, max=1.0]], right=10.0]], y=0]]], right=ConstantFunction[value=12.0]] ([24.0; 58.0]) and ConstantFunction[value=16.0] ([16.0; 16.0])
[12:13:09] [Worker-Main-2/WARN]: Compiling a MIN function between two non-overlapping inputs: BinaryFunction[type=SUB, left=PreparedCache[id=217, range=[-11.6; 22.0], domainAxes=5, cachingSampler=CachingDensitySampler[id=217, input=YSampler[input=SubSampler[left=ConstSubSampler[left=16.0, right=ConstMulSampler[left=ConstSubSampler[left=1.0, right=CachingDensitySampler[id=215, input=YSampler[input=Sampler[noise=net.minecraft.world.level.levelgen.synth.NoiseStack$Perlin@6d3d3247, xzScale=1.0, yScale=0.0], y=0]]], right=6.0]], right=ConstMulSampler[left=ConstSubSampler[left=1.0, right=Sampler[input=ConstMulSampler[left=CachingDensitySampler[id=127, input=YSampler[input=SubSampler[left=ConstSubSampler[left=1.0, right=ConstMulSampler[left=YSampler[input=Sampler[x=501, y=0, z=1282, metric=EUCLIDEAN], y=0], right=0.008130081]], right=ConstMulSampler[left=ConstAddSampler[left=CachingDensitySampler[id=1, input=YSampler[input=Sampler[noise=net.minecraft.world.level.levelgen.synth.NoiseStack$Perlin@1685443b, xzScale=1.0, yScale=0.0], y=0]], right=1.0], right=0.2]], y=0]], right=1.6666666], min=0.0, max=1.0]], right=9.6]], y=0]]], right=ConstantFunction[value=12.0]] ([-23.6; 10.0]) and ConstantFunction[value=-32.0] ([-32.0; -32.0])
[12:13:09] [Worker-Main-2/WARN]: Compiling a MIN function between two non-overlapping inputs: BinaryFunction[type=SUB, left=PreparedCache[id=217, range=[-11.6; 22.0], domainAxes=5, cachingSampler=CachingDensitySampler[id=217, input=YSampler[input=SubSampler[left=ConstSubSampler[left=16.0, right=ConstMulSampler[left=ConstSubSampler[left=1.0, right=CachingDensitySampler[id=215, input=YSampler[input=Sampler[noise=net.minecraft.world.level.levelgen.synth.NoiseStack$Perlin@6d3d3247, xzScale=1.0, yScale=0.0], y=0]]], right=6.0]], right=ConstMulSampler[left=ConstSubSampler[left=1.0, right=Sampler[input=ConstMulSampler[left=CachingDensitySampler[id=127, input=YSampler[input=SubSampler[left=ConstSubSampler[left=1.0, right=ConstMulSampler[left=YSampler[input=Sampler[x=501, y=0, z=1282, metric=EUCLIDEAN], y=0], right=0.008130081]], right=ConstMulSampler[left=ConstAddSampler[left=CachingDensitySampler[id=1, input=YSampler[input=Sampler[noise=net.minecraft.world.level.levelgen.synth.NoiseStack$Perlin@1685443b, xzScale=1.0, yScale=0.0], y=0]], right=1.0], right=0.2]], y=0]], right=1.6666666], min=0.0, max=1.0]], right=9.6]], y=0]]], right=ConstantFunction[value=12.0]] ([-23.6; 10.0]) and ConstantFunction[value=-32.0] ([-32.0; -32.0])
[12:13:09] [Worker-Main-2/WARN]: Compiling a MIN function between two non-overlapping inputs: BinaryFunction[type=SUB, left=PreparedCache[id=219, range=[-57.05; 1.25], domainAxes=5, cachingSampler=CachingDensitySampler[id=219, input=YSampler[input=SubSampler[left=ConstSubSampler[left=-12.0, right=ConstMulSampler[left=ConstSubSampler[left=1.0, right=CachingDensitySampler[id=215, input=YSampler[input=Sampler[noise=net.minecraft.world.level.levelgen.synth.NoiseStack$Perlin@6d3d3247, xzScale=1.0, yScale=0.0], y=0]]], right=13.25]], right=ConstMulSampler[left=ConstSubSampler[left=1.0, right=Sampler[input=ConstMulSampler[left=CachingDensitySampler[id=106, input=YSampler[input=SubSampler[left=ConstSubSampler[left=1.0, right=ConstMulSampler[left=YSampler[input=Sampler[x=-811, y=0, z=-998, metric=EUCLIDEAN], y=0], right=0.01754386]], right=ConstMulSampler[left=ConstAddSampler[left=CachingDensitySampler[id=1, input=YSampler[input=Sampler[noise=net.minecraft.world.level.levelgen.synth.NoiseStack$Perlin@1685443b, xzScale=1.0, yScale=0.0], y=0]], right=1.0], right=0.2]], y=0]], right=1.6666666], min=0.0, max=1.0]], right=5.3]], y=0]]], right=ConstantFunction[value=12.0]] ([-69.05; -10.75]) and ConstantFunction[value=-74.0] ([-74.0; -74.0])
[12:13:09] [Worker-Main-2/WARN]: Compiling a MIN function between two non-overlapping inputs: BinaryFunction[type=SUB, left=PreparedCache[id=219, range=[-57.05; 1.25], domainAxes=5, cachingSampler=CachingDensitySampler[id=219, input=YSampler[input=SubSampler[left=ConstSubSampler[left=-12.0, right=ConstMulSampler[left=ConstSubSampler[left=1.0, right=CachingDensitySampler[id=215, input=YSampler[input=Sampler[noise=net.minecraft.world.level.levelgen.synth.NoiseStack$Perlin@6d3d3247, xzScale=1.0, yScale=0.0], y=0]]], right=13.25]], right=ConstMulSampler[left=ConstSubSampler[left=1.0, right=Sampler[input=ConstMulSampler[left=CachingDensitySampler[id=106, input=YSampler[input=SubSampler[left=ConstSubSampler[left=1.0, right=ConstMulSampler[left=YSampler[input=Sampler[x=-811, y=0, z=-998, metric=EUCLIDEAN], y=0], right=0.01754386]], right=ConstMulSampler[left=ConstAddSampler[left=CachingDensitySampler[id=1, input=YSampler[input=Sampler[noise=net.minecraft.world.level.levelgen.synth.NoiseStack$Perlin@1685443b, xzScale=1.0, yScale=0.0], y=0]], right=1.0], right=0.2]], y=0]], right=1.6666666], min=0.0, max=1.0]], right=5.3]], y=0]]], right=ConstantFunction[value=12.0]] ([-69.05; -10.75]) and ConstantFunction[value=-74.0] ([-74.0; -74.0])
[12:13:09] [Worker-Main-2/WARN]: Compiling a MIN function between two non-overlapping inputs: BinaryFunction[type=SUB, left=PreparedCache[id=221, range=[64.0; 98.0], domainAxes=5, cachingSampler=CachingDensitySampler[id=221, input=YSampler[input=SubSampler[left=ConstSubSampler[left=92.0, right=ConstMulSampler[left=ConstSubSampler[left=1.0, right=CachingDensitySampler[id=215, input=YSampler[input=Sampler[noise=net.minecraft.world.level.levelgen.synth.NoiseStack$Perlin@6d3d3247, xzScale=1.0, yScale=0.0], y=0]]], right=6.0]], right=ConstMulSampler[left=ConstSubSampler[left=1.0, right=Sampler[input=ConstMulSampler[left=CachingDensitySampler[id=138, input=YSampler[input=SubSampler[left=ConstSubSampler[left=1.0, right=ConstMulSampler[left=YSampler[input=Sampler[x=817, y=0, z=1410, metric=EUCLIDEAN], y=0], right=0.007194245]], right=ConstMulSampler[left=ConstAddSampler[left=CachingDensitySampler[id=1, input=YSampler[input=Sampler[noise=net.minecraft.world.level.levelgen.synth.NoiseStack$Perlin@1685443b, xzScale=1.0, yScale=0.0], y=0]], right=1.0], right=0.2]], y=0]], right=1.6666666], min=0.0, max=1.0]], right=10.0]], y=0]]], right=ConstantFunction[value=12.0]] ([52.0; 86.0]) and ConstantFunction[value=44.0] ([44.0; 44.0])
[12:13:09] [Worker-Main-2/WARN]: Compiling a MIN function between two non-overlapping inputs: BinaryFunction[type=SUB, left=PreparedCache[id=221, range=[64.0; 98.0], domainAxes=5, cachingSampler=CachingDensitySampler[id=221, input=YSampler[input=SubSampler[left=ConstSubSampler[left=92.0, right=ConstMulSampler[left=ConstSubSampler[left=1.0, right=CachingDensitySampler[id=215, input=YSampler[input=Sampler[noise=net.minecraft.world.level.levelgen.synth.NoiseStack$Perlin@6d3d3247, xzScale=1.0, yScale=0.0], y=0]]], right=6.0]], right=ConstMulSampler[left=ConstSubSampler[left=1.0, right=Sampler[input=ConstMulSampler[left=CachingDensitySampler[id=138, input=YSampler[input=SubSampler[left=ConstSubSampler[left=1.0, right=ConstMulSampler[left=YSampler[input=Sampler[x=817, y=0, z=1410, metric=EUCLIDEAN], y=0], right=0.007194245]], right=ConstMulSampler[left=ConstAddSampler[left=CachingDensitySampler[id=1, input=YSampler[input=Sampler[noise=net.minecraft.world.level.levelgen.synth.NoiseStack$Perlin@1685443b, xzScale=1.0, yScale=0.0], y=0]], right=1.0], right=0.2]], y=0]], right=1.6666666], min=0.0, max=1.0]], right=10.0]], y=0]]], right=ConstantFunction[value=12.0]] ([52.0; 86.0]) and ConstantFunction[value=44.0] ([44.0; 44.0])
[12:13:09] [Worker-Main-2/WARN]: Compiling a MIN function between two non-overlapping inputs: BinaryFunction[type=SUB, left=PreparedCache[id=223, range=[32.0; 66.0], domainAxes=5, cachingSampler=CachingDensitySampler[id=223, input=YSampler[input=SubSampler[left=ConstSubSampler[left=60.0, right=ConstMulSampler[left=ConstSubSampler[left=1.0, right=CachingDensitySampler[id=215, input=YSampler[input=Sampler[noise=net.minecraft.world.level.levelgen.synth.NoiseStack$Perlin@6d3d3247, xzScale=1.0, yScale=0.0], y=0]]], right=6.0]], right=ConstMulSampler[left=ConstSubSampler[left=1.0, right=Sampler[input=ConstMulSampler[left=CachingDensitySampler[id=117, input=YSampler[input=SubSampler[left=ConstSubSampler[left=1.0, right=ConstMulSampler[left=YSampler[input=Sampler[x=155, y=0, z=1444, metric=EUCLIDEAN], y=0], right=0.0054347827]], right=ConstMulSampler[left=ConstAddSampler[left=CachingDensitySampler[id=1, input=YSampler[input=Sampler[noise=net.minecraft.world.level.levelgen.synth.NoiseStack$Perlin@1685443b, xzScale=1.0, yScale=0.0], y=0]], right=1.0], right=0.2]], y=0]], right=1.6666666], min=0.0, max=1.0]], right=10.0]], y=0]]], right=ConstantFunction[value=12.0]] ([20.0; 54.0]) and ConstantFunction[value=12.0] ([12.0; 12.0])
[12:13:09] [Worker-Main-2/WARN]: Compiling a MIN function between two non-overlapping inputs: BinaryFunction[type=SUB, left=PreparedCache[id=223, range=[32.0; 66.0], domainAxes=5, cachingSampler=CachingDensitySampler[id=223, input=YSampler[input=SubSampler[left=ConstSubSampler[left=60.0, right=ConstMulSampler[left=ConstSubSampler[left=1.0, right=CachingDensitySampler[id=215, input=YSampler[input=Sampler[noise=net.minecraft.world.level.levelgen.synth.NoiseStack$Perlin@6d3d3247, xzScale=1.0, yScale=0.0], y=0]]], right=6.0]], right=ConstMulSampler[left=ConstSubSampler[left=1.0, right=Sampler[input=ConstMulSampler[left=CachingDensitySampler[id=117, input=YSampler[input=SubSampler[left=ConstSubSampler[left=1.0, right=ConstMulSampler[left=YSampler[input=Sampler[x=155, y=0, z=1444, metric=EUCLIDEAN], y=0], right=0.0054347827]], right=ConstMulSampler[left=ConstAddSampler[left=CachingDensitySampler[id=1, input=YSampler[input=Sampler[noise=net.minecraft.world.level.levelgen.synth.NoiseStack$Perlin@1685443b, xzScale=1.0, yScale=0.0], y=0]], right=1.0], right=0.2]], y=0]], right=1.6666666], min=0.0, max=1.0]], right=10.0]], y=0]]], right=ConstantFunction[value=12.0]] ([20.0; 54.0]) and ConstantFunction[value=12.0] ([12.0; 12.0])
[12:13:09] [Worker-Main-2/WARN]: Compiling a MIN function between two non-overlapping inputs: BinaryFunction[type=SUB, left=PreparedCache[id=227, range=[83.2; 136.0], domainAxes=5, cachingSampler=CachingDensitySampler[id=227, input=YSampler[input=SubSampler[left=ConstSubSampler[left=124.0, right=ConstMulSampler[left=ConstSubSampler[left=1.0, right=CachingDensitySampler[id=215, input=YSampler[input=Sampler[noise=net.minecraft.world.level.levelgen.synth.NoiseStack$Perlin@6d3d3247, xzScale=1.0, yScale=0.0], y=0]]], right=12.0]], right=ConstMulSampler[left=ConstSubSampler[left=1.0, right=Sampler[input=ConstMulSampler[left=CachingDensitySampler[id=107, input=YSampler[input=SubSampler[left=ConstSubSampler[left=1.0, right=ConstMulSampler[left=YSampler[input=Sampler[x=-936, y=0, z=-1116, metric=EUCLIDEAN], y=0], right=0.016949153]], right=ConstMulSampler[left=ConstAddSampler[left=CachingDensitySampler[id=1, input=YSampler[input=Sampler[noise=net.minecraft.world.level.levelgen.synth.NoiseStack$Perlin@1685443b, xzScale=1.0, yScale=0.0], y=0]], right=1.0], right=0.2]], y=0]], right=1.6666666], min=0.0, max=1.0]], right=4.8]], y=0]]], right=ConstantFunction[value=12.0]] ([71.2; 124.0]) and ConstantFunction[value=64.0] ([64.0; 64.0])
[12:13:09] [Worker-Main-2/WARN]: Compiling a MIN function between two non-overlapping inputs: BinaryFunction[type=SUB, left=PreparedCache[id=227, range=[83.2; 136.0], domainAxes=5, cachingSampler=CachingDensitySampler[id=227, input=YSampler[input=SubSampler[left=ConstSubSampler[left=124.0, right=ConstMulSampler[left=ConstSubSampler[left=1.0, right=CachingDensitySampler[id=215, input=YSampler[input=Sampler[noise=net.minecraft.world.level.levelgen.synth.NoiseStack$Perlin@6d3d3247, xzScale=1.0, yScale=0.0], y=0]]], right=12.0]], right=ConstMulSampler[left=ConstSubSampler[left=1.0, right=Sampler[input=ConstMulSampler[left=CachingDensitySampler[id=107, input=YSampler[input=SubSampler[left=ConstSubSampler[left=1.0, right=ConstMulSampler[left=YSampler[input=Sampler[x=-936, y=0, z=-1116, metric=EUCLIDEAN], y=0], right=0.016949153]], right=ConstMulSampler[left=ConstAddSampler[left=CachingDensitySampler[id=1, input=YSampler[input=Sampler[noise=net.minecraft.world.level.levelgen.synth.NoiseStack$Perlin@1685443b, xzScale=1.0, yScale=0.0], y=0]], right=1.0], right=0.2]], y=0]], right=1.6666666], min=0.0, max=1.0]], right=4.8]], y=0]]], right=ConstantFunction[value=12.0]] ([71.2; 124.0]) and ConstantFunction[value=64.0] ([64.0; 64.0])
[12:13:09] [Worker-Main-2/WARN]: Compiling a MIN function between two non-overlapping inputs: BinaryFunction[type=SUB, left=PreparedCache[id=229, range=[-12.7; 18.0], domainAxes=5, cachingSampler=CachingDensitySampler[id=229, input=YSampler[input=SubSampler[left=ConstSubSampler[left=12.0, right=ConstMulSampler[left=ConstSubSampler[left=1.0, right=CachingDensitySampler[id=215, input=YSampler[input=Sampler[noise=net.minecraft.world.level.levelgen.synth.NoiseStack$Perlin@6d3d3247, xzScale=1.0, yScale=0.0], y=0]]], right=6.0]], right=ConstMulSampler[left=ConstSubSampler[left=1.0, right=Sampler[input=ConstMulSampler[left=CachingDensitySampler[id=78, input=YSampler[input=SubSampler[left=ConstSubSampler[left=1.0, right=ConstMulSampler[left=YSampler[input=Sampler[x=-1479, y=0, z=178, metric=EUCLIDEAN], y=0], right=0.014084507]], right=ConstMulSampler[left=ConstAddSampler[left=CachingDensitySampler[id=1, input=YSampler[input=Sampler[noise=net.minecraft.world.level.levelgen.synth.NoiseStack$Perlin@1685443b, xzScale=1.0, yScale=0.0], y=0]], right=1.0], right=0.2]], y=0]], right=1.6666666], min=0.0, max=1.0]], right=6.7]], y=0]]], right=ConstantFunction[value=12.0]] ([-24.7; 6.0]) and ConstantFunction[value=-36.0] ([-36.0; -36.0])
[12:13:09] [Worker-Main-2/WARN]: Compiling a MIN function between two non-overlapping inputs: BinaryFunction[type=SUB, left=PreparedCache[id=229, range=[-12.7; 18.0], domainAxes=5, cachingSampler=CachingDensitySampler[id=229, input=YSampler[input=SubSampler[left=ConstSubSampler[left=12.0, right=ConstMulSampler[left=ConstSubSampler[left=1.0, right=CachingDensitySampler[id=215, input=YSampler[input=Sampler[noise=net.minecraft.world.level.levelgen.synth.NoiseStack$Perlin@6d3d3247, xzScale=1.0, yScale=0.0], y=0]]], right=6.0]], right=ConstMulSampler[left=ConstSubSampler[left=1.0, right=Sampler[input=ConstMulSampler[left=CachingDensitySampler[id=78, input=YSampler[input=SubSampler[left=ConstSubSampler[left=1.0, right=ConstMulSampler[left=YSampler[input=Sampler[x=-1479, y=0, z=178, metric=EUCLIDEAN], y=0], right=0.014084507]], right=ConstMulSampler[left=ConstAddSampler[left=CachingDensitySampler[id=1, input=YSampler[input=Sampler[noise=net.minecraft.world.level.levelgen.synth.NoiseStack$Perlin@1685443b, xzScale=1.0, yScale=0.0], y=0]], right=1.0], right=0.2]], y=0]], right=1.6666666], min=0.0, max=1.0]], right=6.7]], y=0]]], right=ConstantFunction[value=12.0]] ([-24.7; 6.0]) and ConstantFunction[value=-36.0] ([-36.0; -36.0])
[12:13:09] [Worker-Main-2/WARN]: Compiling a MIN function between two non-overlapping inputs: BinaryFunction[type=SUB, left=PreparedCache[id=231, range=[156.0; 190.0], domainAxes=5, cachingSampler=CachingDensitySampler[id=231, input=YSampler[input=SubSampler[left=ConstSubSampler[left=184.0, right=ConstMulSampler[left=ConstSubSampler[left=1.0, right=CachingDensitySampler[id=215, input=YSampler[input=Sampler[noise=net.minecraft.world.level.levelgen.synth.NoiseStack$Perlin@6d3d3247, xzScale=1.0, yScale=0.0], y=0]]], right=6.0]], right=ConstMulSampler[left=ConstSubSampler[left=1.0, right=Sampler[input=ConstMulSampler[left=CachingDensitySampler[id=79, input=YSampler[input=SubSampler[left=ConstSubSampler[left=1.0, right=ConstMulSampler[left=YSampler[input=Sampler[x=-1675, y=0, z=352, metric=EUCLIDEAN], y=0], right=0.008130081]], right=ConstMulSampler[left=ConstAddSampler[left=CachingDensitySampler[id=1, input=YSampler[input=Sampler[noise=net.minecraft.world.level.levelgen.synth.NoiseStack$Perlin@1685443b, xzScale=1.0, yScale=0.0], y=0]], right=1.0], right=0.2]], y=0]], right=1.6666666], min=0.0, max=1.0]], right=10.0]], y=0]]], right=ConstantFunction[value=12.0]] ([144.0; 178.0]) and ConstantFunction[value=136.0] ([136.0; 136.0])
[12:13:09] [Worker-Main-2/WARN]: Compiling a MIN function between two non-overlapping inputs: BinaryFunction[type=SUB, left=PreparedCache[id=231, range=[156.0; 190.0], domainAxes=5, cachingSampler=CachingDensitySampler[id=231, input=YSampler[input=SubSampler[left=ConstSubSampler[left=184.0, right=ConstMulSampler[left=ConstSubSampler[left=1.0, right=CachingDensitySampler[id=215, input=YSampler[input=Sampler[noise=net.minecraft.world.level.levelgen.synth.NoiseStack$Perlin@6d3d3247, xzScale=1.0, yScale=0.0], y=0]]], right=6.0]], right=ConstMulSampler[left=ConstSubSampler[left=1.0, right=Sampler[input=ConstMulSampler[left=CachingDensitySampler[id=79, input=YSampler[input=SubSampler[left=ConstSubSampler[left=1.0, right=ConstMulSampler[left=YSampler[input=Sampler[x=-1675, y=0, z=352, metric=EUCLIDEAN], y=0], right=0.008130081]], right=ConstMulSampler[left=ConstAddSampler[left=CachingDensitySampler[id=1, input=YSampler[input=Sampler[noise=net.minecraft.world.level.levelgen.synth.NoiseStack$Perlin@1685443b, xzScale=1.0, yScale=0.0], y=0]], right=1.0], right=0.2]], y=0]], right=1.6666666], min=0.0, max=1.0]], right=10.0]], y=0]]], right=ConstantFunction[value=12.0]] ([144.0; 178.0]) and ConstantFunction[value=136.0] ([136.0; 136.0])
[12:13:09] [Worker-Main-2/WARN]: Compiling a MIN function between two non-overlapping inputs: BinaryFunction[type=SUB, left=PreparedCache[id=233, range=[138.45; 207.75], domainAxes=5, cachingSampler=CachingDensitySampler[id=233, input=YSampler[input=SubSampler[left=ConstSubSampler[left=192.0, right=ConstMulSampler[left=ConstSubSampler[left=1.0, right=CachingDensitySampler[id=215, input=YSampler[input=Sampler[noise=net.minecraft.world.level.levelgen.synth.NoiseStack$Perlin@6d3d3247, xzScale=1.0, yScale=0.0], y=0]]], right=15.75]], right=ConstMulSampler[left=ConstSubSampler[left=1.0, right=Sampler[input=ConstMulSampler[left=CachingDensitySampler[id=93, input=YSampler[input=SubSampler[left=ConstSubSampler[left=1.0, right=ConstMulSampler[left=YSampler[input=Sampler[x=-1138, y=0, z=-1107, metric=EUCLIDEAN], y=0], right=0.015625]], right=ConstMulSampler[left=ConstAddSampler[left=CachingDensitySampler[id=1, input=YSampler[input=Sampler[noise=net.minecraft.world.level.levelgen.synth.NoiseStack$Perlin@1685443b, xzScale=1.0, yScale=0.0], y=0]], right=1.0], right=0.2]], y=0]], right=1.6666666], min=0.0, max=1.0]], right=6.3]], y=0]]], right=ConstantFunction[value=12.0]] ([126.45; 195.75]) and ConstantFunction[value=124.0] ([124.0; 124.0])
[12:13:09] [Worker-Main-2/WARN]: Compiling a MIN function between two non-overlapping inputs: BinaryFunction[type=SUB, left=PreparedCache[id=233, range=[138.45; 207.75], domainAxes=5, cachingSampler=CachingDensitySampler[id=233, input=YSampler[input=SubSampler[left=ConstSubSampler[left=192.0, right=ConstMulSampler[left=ConstSubSampler[left=1.0, right=CachingDensitySampler[id=215, input=YSampler[input=Sampler[noise=net.minecraft.world.level.levelgen.synth.NoiseStack$Perlin@6d3d3247, xzScale=1.0, yScale=0.0], y=0]]], right=15.75]], right=ConstMulSampler[left=ConstSubSampler[left=1.0, right=Sampler[input=ConstMulSampler[left=CachingDensitySampler[id=93, input=YSampler[input=SubSampler[left=ConstSubSampler[left=1.0, right=ConstMulSampler[left=YSampler[input=Sampler[x=-1138, y=0, z=-1107, metric=EUCLIDEAN], y=0], right=0.015625]], right=ConstMulSampler[left=ConstAddSampler[left=CachingDensitySampler[id=1, input=YSampler[input=Sampler[noise=net.minecraft.world.level.levelgen.synth.NoiseStack$Perlin@1685443b, xzScale=1.0, yScale=0.0], y=0]], right=1.0], right=0.2]], y=0]], right=1.6666666], min=0.0, max=1.0]], right=6.3]], y=0]]], right=ConstantFunction[value=12.0]] ([126.45; 195.75]) and ConstantFunction[value=124.0] ([124.0; 124.0])
[12:13:09] [Worker-Main-2/WARN]: Compiling a MIN function between two non-overlapping inputs: BinaryFunction[type=SUB, left=PreparedCache[id=237, range=[-143.0; -97.0], domainAxes=5, cachingSampler=CachingDensitySampler[id=237, input=YSampler[input=SubSampler[left=ConstSubSampler[left=-106.0, right=ConstMulSampler[left=ConstSubSampler[left=1.0, right=CachingDensitySampler[id=215, input=YSampler[input=Sampler[noise=net.minecraft.world.level.levelgen.synth.NoiseStack$Perlin@6d3d3247, xzScale=1.0, yScale=0.0], y=0]]], right=9.0]], right=ConstMulSampler[left=ConstSubSampler[left=1.0, right=Sampler[input=ConstMulSampler[left=CachingDensitySampler[id=161, input=YSampler[input=SubSampler[left=ConstSubSampler[left=1.0, right=ConstMulSampler[left=YSampler[input=Sampler[x=2300, y=0, z=0, metric=EUCLIDEAN], y=0], right=0.0035714286]], right=ConstMulSampler[left=ConstAddSampler[left=CachingDensitySampler[id=1, input=YSampler[input=Sampler[noise=net.minecraft.world.level.levelgen.synth.NoiseStack$Perlin@1685443b, xzScale=1.0, yScale=0.0], y=0]], right=1.0], right=0.18285714]], y=0]], right=1.6666666], min=0.0, max=1.0]], right=10.0]], y=0]]], right=ConstantFunction[value=12.0]] ([-155.0; -109.0]) and ConstantFunction[value=-160.0] ([-160.0; -160.0])
[12:13:09] [Worker-Main-2/WARN]: Compiling a MIN function between two non-overlapping inputs: BinaryFunction[type=SUB, left=PreparedCache[id=237, range=[-143.0; -97.0], domainAxes=5, cachingSampler=CachingDensitySampler[id=237, input=YSampler[input=SubSampler[left=ConstSubSampler[left=-106.0, right=ConstMulSampler[left=ConstSubSampler[left=1.0, right=CachingDensitySampler[id=215, input=YSampler[input=Sampler[noise=net.minecraft.world.level.levelgen.synth.NoiseStack$Perlin@6d3d3247, xzScale=1.0, yScale=0.0], y=0]]], right=9.0]], right=ConstMulSampler[left=ConstSubSampler[left=1.0, right=Sampler[input=ConstMulSampler[left=CachingDensitySampler[id=161, input=YSampler[input=SubSampler[left=ConstSubSampler[left=1.0, right=ConstMulSampler[left=YSampler[input=Sampler[x=2300, y=0, z=0, metric=EUCLIDEAN], y=0], right=0.0035714286]], right=ConstMulSampler[left=ConstAddSampler[left=CachingDensitySampler[id=1, input=YSampler[input=Sampler[noise=net.minecraft.world.level.levelgen.synth.NoiseStack$Perlin@1685443b, xzScale=1.0, yScale=0.0], y=0]], right=1.0], right=0.18285714]], y=0]], right=1.6666666], min=0.0, max=1.0]], right=10.0]], y=0]]], right=ConstantFunction[value=12.0]] ([-155.0; -109.0]) and ConstantFunction[value=-160.0] ([-160.0; -160.0])
[12:13:09] [Worker-Main-2/WARN]: Compiling a MIN function between two non-overlapping inputs: BinaryFunction[type=SUB, left=PreparedCache[id=239, range=[-93.9; -53.0], domainAxes=5, cachingSampler=CachingDensitySampler[id=239, input=YSampler[input=SubSampler[left=ConstSubSampler[left=-62.0, right=ConstMulSampler[left=ConstSubSampler[left=1.0, right=CachingDensitySampler[id=215, input=YSampler[input=Sampler[noise=net.minecraft.world.level.levelgen.synth.NoiseStack$Perlin@6d3d3247, xzScale=1.0, yScale=0.0], y=0]]], right=9.0]], right=ConstMulSampler[left=ConstSubSampler[left=1.0, right=Sampler[input=ConstMulSampler[left=CachingDensitySampler[id=162, input=YSampler[input=SubSampler[left=ConstSubSampler[left=1.0, right=ConstMulSampler[left=YSampler[input=Sampler[x=1920, y=0, z=-3, metric=EUCLIDEAN], y=0], right=0.022222223]], right=ConstMulSampler[left=ConstAddSampler[left=CachingDensitySampler[id=1, input=YSampler[input=Sampler[noise=net.minecraft.world.level.levelgen.synth.NoiseStack$Perlin@1685443b, xzScale=1.0, yScale=0.0], y=0]], right=1.0], right=0.2]], y=0]], right=1.6666666], min=0.0, max=1.0]], right=4.9]], y=0]]], right=ConstantFunction[value=12.0]] ([-105.9; -65.0]) and ConstantFunction[value=-116.0] ([-116.0; -116.0])
[12:13:09] [Worker-Main-2/WARN]: Compiling a MIN function between two non-overlapping inputs: BinaryFunction[type=SUB, left=PreparedCache[id=239, range=[-93.9; -53.0], domainAxes=5, cachingSampler=CachingDensitySampler[id=239, input=YSampler[input=SubSampler[left=ConstSubSampler[left=-62.0, right=ConstMulSampler[left=ConstSubSampler[left=1.0, right=CachingDensitySampler[id=215, input=YSampler[input=Sampler[noise=net.minecraft.world.level.levelgen.synth.NoiseStack$Perlin@6d3d3247, xzScale=1.0, yScale=0.0], y=0]]], right=9.0]], right=ConstMulSampler[left=ConstSubSampler[left=1.0, right=Sampler[input=ConstMulSampler[left=CachingDensitySampler[id=162, input=YSampler[input=SubSampler[left=ConstSubSampler[left=1.0, right=ConstMulSampler[left=YSampler[input=Sampler[x=1920, y=0, z=-3, metric=EUCLIDEAN], y=0], right=0.022222223]], right=ConstMulSampler[left=ConstAddSampler[left=CachingDensitySampler[id=1, input=YSampler[input=Sampler[noise=net.minecraft.world.level.levelgen.synth.NoiseStack$Perlin@1685443b, xzScale=1.0, yScale=0.0], y=0]], right=1.0], right=0.2]], y=0]], right=1.6666666], min=0.0, max=1.0]], right=4.9]], y=0]]], right=ConstantFunction[value=12.0]] ([-105.9; -65.0]) and ConstantFunction[value=-116.0] ([-116.0; -116.0])
[12:13:09] [Worker-Main-2/WARN]: Compiling a MIN function between two non-overlapping inputs: BinaryFunction[type=SUB, left=PreparedCache[id=241, range=[-142.7; -97.0], domainAxes=5, cachingSampler=CachingDensitySampler[id=241, input=YSampler[input=SubSampler[left=ConstSubSampler[left=-106.0, right=ConstMulSampler[left=ConstSubSampler[left=1.0, right=CachingDensitySampler[id=215, input=YSampler[input=Sampler[noise=net.minecraft.world.level.levelgen.synth.NoiseStack$Perlin@6d3d3247, xzScale=1.0, yScale=0.0], y=0]]], right=9.0]], right=ConstMulSampler[left=ConstSubSampler[left=1.0, right=Sampler[input=ConstMulSampler[left=CachingDensitySampler[id=163, input=YSampler[input=SubSampler[left=ConstSubSampler[left=1.0, right=ConstMulSampler[left=YSampler[input=Sampler[x=1701, y=0, z=-8, metric=EUCLIDEAN], y=0], right=0.010309278]], right=ConstMulSampler[left=ConstAddSampler[left=CachingDensitySampler[id=1, input=YSampler[input=Sampler[noise=net.minecraft.world.level.levelgen.synth.NoiseStack$Perlin@1685443b, xzScale=1.0, yScale=0.0], y=0]], right=1.0], right=0.2]], y=0]], right=1.6666666], min=0.0, max=1.0]], right=9.7]], y=0]]], right=ConstantFunction[value=12.0]] ([-154.7; -109.0]) and ConstantFunction[value=-160.0] ([-160.0; -160.0])
[12:13:09] [Worker-Main-2/WARN]: Compiling a MIN function between two non-overlapping inputs: BinaryFunction[type=SUB, left=PreparedCache[id=241, range=[-142.7; -97.0], domainAxes=5, cachingSampler=CachingDensitySampler[id=241, input=YSampler[input=SubSampler[left=ConstSubSampler[left=-106.0, right=ConstMulSampler[left=ConstSubSampler[left=1.0, right=CachingDensitySampler[id=215, input=YSampler[input=Sampler[noise=net.minecraft.world.level.levelgen.synth.NoiseStack$Perlin@6d3d3247, xzScale=1.0, yScale=0.0], y=0]]], right=9.0]], right=ConstMulSampler[left=ConstSubSampler[left=1.0, right=Sampler[input=ConstMulSampler[left=CachingDensitySampler[id=163, input=YSampler[input=SubSampler[left=ConstSubSampler[left=1.0, right=ConstMulSampler[left=YSampler[input=Sampler[x=1701, y=0, z=-8, metric=EUCLIDEAN], y=0], right=0.010309278]], right=ConstMulSampler[left=ConstAddSampler[left=CachingDensitySampler[id=1, input=YSampler[input=Sampler[noise=net.minecraft.world.level.levelgen.synth.NoiseStack$Perlin@1685443b, xzScale=1.0, yScale=0.0], y=0]], right=1.0], right=0.2]], y=0]], right=1.6666666], min=0.0, max=1.0]], right=9.7]], y=0]]], right=ConstantFunction[value=12.0]] ([-154.7; -109.0]) and ConstantFunction[value=-160.0] ([-160.0; -160.0])
[12:13:09] [Worker-Main-2/WARN]: Compiling a MIN function between two non-overlapping inputs: BinaryFunction[type=SUB, left=PreparedCache[id=243, range=[-137.5; -97.0], domainAxes=5, cachingSampler=CachingDensitySampler[id=243, input=YSampler[input=SubSampler[left=ConstSubSampler[left=-106.0, right=ConstMulSampler[left=ConstSubSampler[left=1.0, right=CachingDensitySampler[id=215, input=YSampler[input=Sampler[noise=net.minecraft.world.level.levelgen.synth.NoiseStack$Perlin@6d3d3247, xzScale=1.0, yScale=0.0], y=0]]], right=9.0]], right=ConstMulSampler[left=ConstSubSampler[left=1.0, right=Sampler[input=ConstMulSampler[left=CachingDensitySampler[id=164, input=YSampler[input=SubSampler[left=ConstSubSampler[left=1.0, right=ConstMulSampler[left=YSampler[input=Sampler[x=2033, y=0, z=297, metric=EUCLIDEAN], y=0], right=0.022222223]], right=ConstMulSampler[left=ConstAddSampler[left=CachingDensitySampler[id=1, input=YSampler[input=Sampler[noise=net.minecraft.world.level.levelgen.synth.NoiseStack$Perlin@1685443b, xzScale=1.0, yScale=0.0], y=0]], right=1.0], right=0.2]], y=0]], right=1.6666666], min=0.0, max=1.0]], right=4.5]], y=0]]], right=ConstantFunction[value=12.0]] ([-149.5; -109.0]) and ConstantFunction[value=-160.0] ([-160.0; -160.0])
[12:13:09] [Worker-Main-2/WARN]: Compiling a MIN function between two non-overlapping inputs: BinaryFunction[type=SUB, left=PreparedCache[id=243, range=[-137.5; -97.0], domainAxes=5, cachingSampler=CachingDensitySampler[id=243, input=YSampler[input=SubSampler[left=ConstSubSampler[left=-106.0, right=ConstMulSampler[left=ConstSubSampler[left=1.0, right=CachingDensitySampler[id=215, input=YSampler[input=Sampler[noise=net.minecraft.world.level.levelgen.synth.NoiseStack$Perlin@6d3d3247, xzScale=1.0, yScale=0.0], y=0]]], right=9.0]], right=ConstMulSampler[left=ConstSubSampler[left=1.0, right=Sampler[input=ConstMulSampler[left=CachingDensitySampler[id=164, input=YSampler[input=SubSampler[left=ConstSubSampler[left=1.0, right=ConstMulSampler[left=YSampler[input=Sampler[x=2033, y=0, z=297, metric=EUCLIDEAN], y=0], right=0.022222223]], right=ConstMulSampler[left=ConstAddSampler[left=CachingDensitySampler[id=1, input=YSampler[input=Sampler[noise=net.minecraft.world.level.levelgen.synth.NoiseStack$Perlin@1685443b, xzScale=1.0, yScale=0.0], y=0]], right=1.0], right=0.2]], y=0]], right=1.6666666], min=0.0, max=1.0]], right=4.5]], y=0]]], right=ConstantFunction[value=12.0]] ([-149.5; -109.0]) and ConstantFunction[value=-160.0] ([-160.0; -160.0])
[12:13:09] [Worker-Main-2/WARN]: Compiling a MIN function between two non-overlapping inputs: BinaryFunction[type=SUB, left=PreparedCache[id=247, range=[-219.0; -173.0], domainAxes=5, cachingSampler=CachingDensitySampler[id=247, input=YSampler[input=SubSampler[left=ConstSubSampler[left=-182.0, right=ConstMulSampler[left=ConstSubSampler[left=1.0, right=CachingDensitySampler[id=215, input=YSampler[input=Sampler[noise=net.minecraft.world.level.levelgen.synth.NoiseStack$Perlin@6d3d3247, xzScale=1.0, yScale=0.0], y=0]]], right=9.0]], right=ConstMulSampler[left=ConstSubSampler[left=1.0, right=Sampler[input=ConstMulSampler[left=CachingDensitySampler[id=165, input=YSampler[input=SubSampler[left=ConstSubSampler[left=1.0, right=ConstMulSampler[left=YSampler[input=Sampler[x=2145, y=0, z=511, metric=EUCLIDEAN], y=0], right=0.006451613]], right=ConstMulSampler[left=ConstAddSampler[left=CachingDensitySampler[id=1, input=YSampler[input=Sampler[noise=net.minecraft.world.level.levelgen.synth.NoiseStack$Perlin@1685443b, xzScale=1.0, yScale=0.0], y=0]], right=1.0], right=0.2]], y=0]], right=1.6666666], min=0.0, max=1.0]], right=10.0]], y=0]]], right=ConstantFunction[value=12.0]] ([-231.0; -185.0]) and ConstantFunction[value=-236.0] ([-236.0; -236.0])
[12:13:09] [Worker-Main-2/WARN]: Compiling a MIN function between two non-overlapping inputs: BinaryFunction[type=SUB, left=PreparedCache[id=247, range=[-219.0; -173.0], domainAxes=5, cachingSampler=CachingDensitySampler[id=247, input=YSampler[input=SubSampler[left=ConstSubSampler[left=-182.0, right=ConstMulSampler[left=ConstSubSampler[left=1.0, right=CachingDensitySampler[id=215, input=YSampler[input=Sampler[noise=net.minecraft.world.level.levelgen.synth.NoiseStack$Perlin@6d3d3247, xzScale=1.0, yScale=0.0], y=0]]], right=9.0]], right=ConstMulSampler[left=ConstSubSampler[left=1.0, right=Sampler[input=ConstMulSampler[left=CachingDensitySampler[id=165, input=YSampler[input=SubSampler[left=ConstSubSampler[left=1.0, right=ConstMulSampler[left=YSampler[input=Sampler[x=2145, y=0, z=511, metric=EUCLIDEAN], y=0], right=0.006451613]], right=ConstMulSampler[left=ConstAddSampler[left=CachingDensitySampler[id=1, input=YSampler[input=Sampler[noise=net.minecraft.world.level.levelgen.synth.NoiseStack$Perlin@1685443b, xzScale=1.0, yScale=0.0], y=0]], right=1.0], right=0.2]], y=0]], right=1.6666666], min=0.0, max=1.0]], right=10.0]], y=0]]], right=ConstantFunction[value=12.0]] ([-231.0; -185.0]) and ConstantFunction[value=-236.0] ([-236.0; -236.0])
[12:13:09] [Worker-Main-2/WARN]: Compiling a MIN function between two non-overlapping inputs: BinaryFunction[type=SUB, left=PreparedCache[id=249, range=[-239.3; -197.0], domainAxes=5, cachingSampler=CachingDensitySampler[id=249, input=YSampler[input=SubSampler[left=ConstSubSampler[left=-206.0, right=ConstMulSampler[left=ConstSubSampler[left=1.0, right=CachingDensitySampler[id=215, input=YSampler[input=Sampler[noise=net.minecraft.world.level.levelgen.synth.NoiseStack$Perlin@6d3d3247, xzScale=1.0, yScale=0.0], y=0]]], right=9.0]], right=ConstMulSampler[left=ConstSubSampler[left=1.0, right=Sampler[input=ConstMulSampler[left=CachingDensitySampler[id=178, input=YSampler[input=SubSampler[left=ConstSubSampler[left=1.0, right=ConstMulSampler[left=YSampler[input=Sampler[x=2821, y=0, z=-534, metric=EUCLIDEAN], y=0], right=0.014285714]], right=ConstMulSampler[left=ConstAddSampler[left=CachingDensitySampler[id=1, input=YSampler[input=Sampler[noise=net.minecraft.world.level.levelgen.synth.NoiseStack$Perlin@1685443b, xzScale=1.0, yScale=0.0], y=0]], right=1.0], right=0.2]], y=0]], right=1.6666666], min=0.0, max=1.0]], right=6.3]], y=0]]], right=ConstantFunction[value=12.0]] ([-251.3; -209.0]) and ConstantFunction[value=-260.0] ([-260.0; -260.0])
[12:13:09] [Worker-Main-2/WARN]: Compiling a MIN function between two non-overlapping inputs: BinaryFunction[type=SUB, left=PreparedCache[id=249, range=[-239.3; -197.0], domainAxes=5, cachingSampler=CachingDensitySampler[id=249, input=YSampler[input=SubSampler[left=ConstSubSampler[left=-206.0, right=ConstMulSampler[left=ConstSubSampler[left=1.0, right=CachingDensitySampler[id=215, input=YSampler[input=Sampler[noise=net.minecraft.world.level.levelgen.synth.NoiseStack$Perlin@6d3d3247, xzScale=1.0, yScale=0.0], y=0]]], right=9.0]], right=ConstMulSampler[left=ConstSubSampler[left=1.0, right=Sampler[input=ConstMulSampler[left=CachingDensitySampler[id=178, input=YSampler[input=SubSampler[left=ConstSubSampler[left=1.0, right=ConstMulSampler[left=YSampler[input=Sampler[x=2821, y=0, z=-534, metric=EUCLIDEAN], y=0], right=0.014285714]], right=ConstMulSampler[left=ConstAddSampler[left=CachingDensitySampler[id=1, input=YSampler[input=Sampler[noise=net.minecraft.world.level.levelgen.synth.NoiseStack$Perlin@1685443b, xzScale=1.0, yScale=0.0], y=0]], right=1.0], right=0.2]], y=0]], right=1.6666666], min=0.0, max=1.0]], right=6.3]], y=0]]], right=ConstantFunction[value=12.0]] ([-251.3; -209.0]) and ConstantFunction[value=-260.0] ([-260.0; -260.0])
[12:13:09] [Worker-Main-2/WARN]: Compiling a MIN function between two non-overlapping inputs: BinaryFunction[type=SUB, left=PreparedCache[id=251, range=[207.0; 253.0], domainAxes=5, cachingSampler=CachingDensitySampler[id=251, input=YSampler[input=SubSampler[left=ConstSubSampler[left=244.0, right=ConstMulSampler[left=ConstSubSampler[left=1.0, right=CachingDensitySampler[id=215, input=YSampler[input=Sampler[noise=net.minecraft.world.level.levelgen.synth.NoiseStack$Perlin@6d3d3247, xzScale=1.0, yScale=0.0], y=0]]], right=9.0]], right=ConstMulSampler[left=ConstSubSampler[left=1.0, right=Sampler[input=ConstMulSampler[left=CachingDensitySampler[id=139, input=YSampler[input=SubSampler[left=ConstSubSampler[left=1.0, right=ConstMulSampler[left=YSampler[input=Sampler[x=1150, y=0, z=1992, metric=EUCLIDEAN], y=0], right=0.0038461538]], right=ConstMulSampler[left=ConstAddSampler[left=CachingDensitySampler[id=1, input=YSampler[input=Sampler[noise=net.minecraft.world.level.levelgen.synth.NoiseStack$Perlin@1685443b, xzScale=1.0, yScale=0.0], y=0]], right=1.0], right=0.19384615]], y=0]], right=1.6666666], min=0.0, max=1.0]], right=10.0]], y=0]]], right=ConstantFunction[value=12.0]] ([195.0; 241.0]) and ConstantFunction[value=190.0] ([190.0; 190.0])
[12:13:09] [Worker-Main-2/WARN]: Compiling a MIN function between two non-overlapping inputs: BinaryFunction[type=SUB, left=PreparedCache[id=251, range=[207.0; 253.0], domainAxes=5, cachingSampler=CachingDensitySampler[id=251, input=YSampler[input=SubSampler[left=ConstSubSampler[left=244.0, right=ConstMulSampler[left=ConstSubSampler[left=1.0, right=CachingDensitySampler[id=215, input=YSampler[input=Sampler[noise=net.minecraft.world.level.levelgen.synth.NoiseStack$Perlin@6d3d3247, xzScale=1.0, yScale=0.0], y=0]]], right=9.0]], right=ConstMulSampler[left=ConstSubSampler[left=1.0, right=Sampler[input=ConstMulSampler[left=CachingDensitySampler[id=139, input=YSampler[input=SubSampler[left=ConstSubSampler[left=1.0, right=ConstMulSampler[left=YSampler[input=Sampler[x=1150, y=0, z=1992, metric=EUCLIDEAN], y=0], right=0.0038461538]], right=ConstMulSampler[left=ConstAddSampler[left=CachingDensitySampler[id=1, input=YSampler[input=Sampler[noise=net.minecraft.world.level.levelgen.synth.NoiseStack$Perlin@1685443b, xzScale=1.0, yScale=0.0], y=0]], right=1.0], right=0.19384615]], y=0]], right=1.6666666], min=0.0, max=1.0]], right=10.0]], y=0]]], right=ConstantFunction[value=12.0]] ([195.0; 241.0]) and ConstantFunction[value=190.0] ([190.0; 190.0])
[12:13:09] [Worker-Main-2/WARN]: Compiling a MIN function between two non-overlapping inputs: BinaryFunction[type=SUB, left=PreparedCache[id=253, range=[349.5; 404.5], domainAxes=5, cachingSampler=CachingDensitySampler[id=253, input=YSampler[input=SubSampler[left=ConstSubSampler[left=392.0, right=ConstMulSampler[left=ConstSubSampler[left=1.0, right=CachingDensitySampler[id=215, input=YSampler[input=Sampler[noise=net.minecraft.world.level.levelgen.synth.NoiseStack$Perlin@6d3d3247, xzScale=1.0, yScale=0.0], y=0]]], right=12.5]], right=ConstMulSampler[left=ConstSubSampler[left=1.0, right=Sampler[input=ConstMulSampler[left=CachingDensitySampler[id=147, input=YSampler[input=SubSampler[left=ConstSubSampler[left=1.0, right=ConstMulSampler[left=YSampler[input=Sampler[x=1464, y=0, z=1802, metric=EUCLIDEAN], y=0], right=0.020408163]], right=ConstMulSampler[left=ConstAddSampler[left=CachingDensitySampler[id=1, input=YSampler[input=Sampler[noise=net.minecraft.world.level.levelgen.synth.NoiseStack$Perlin@1685443b, xzScale=1.0, yScale=0.0], y=0]], right=1.0], right=0.2]], y=0]], right=1.6666666], min=0.0, max=1.0]], right=5.0]], y=0]]], right=ConstantFunction[value=12.0]] ([337.5; 392.5]) and ConstantFunction[value=331.0] ([331.0; 331.0])
[12:13:09] [Worker-Main-2/WARN]: Compiling a MIN function between two non-overlapping inputs: BinaryFunction[type=SUB, left=PreparedCache[id=253, range=[349.5; 404.5], domainAxes=5, cachingSampler=CachingDensitySampler[id=253, input=YSampler[input=SubSampler[left=ConstSubSampler[left=392.0, right=ConstMulSampler[left=ConstSubSampler[left=1.0, right=CachingDensitySampler[id=215, input=YSampler[input=Sampler[noise=net.minecraft.world.level.levelgen.synth.NoiseStack$Perlin@6d3d3247, xzScale=1.0, yScale=0.0], y=0]]], right=12.5]], right=ConstMulSampler[left=ConstSubSampler[left=1.0, right=Sampler[input=ConstMulSampler[left=CachingDensitySampler[id=147, input=YSampler[input=SubSampler[left=ConstSubSampler[left=1.0, right=ConstMulSampler[left=YSampler[input=Sampler[x=1464, y=0, z=1802, metric=EUCLIDEAN], y=0], right=0.020408163]], right=ConstMulSampler[left=ConstAddSampler[left=CachingDensitySampler[id=1, input=YSampler[input=Sampler[noise=net.minecraft.world.level.levelgen.synth.NoiseStack$Perlin@1685443b, xzScale=1.0, yScale=0.0], y=0]], right=1.0], right=0.2]], y=0]], right=1.6666666], min=0.0, max=1.0]], right=5.0]], y=0]]], right=ConstantFunction[value=12.0]] ([337.5; 392.5]) and ConstantFunction[value=331.0] ([331.0; 331.0])
[12:13:09] [Worker-Main-2/WARN]: Compiling a MIN function between two non-overlapping inputs: BinaryFunction[type=SUB, left=PreparedCache[id=257, range=[98.0; 142.0], domainAxes=5, cachingSampler=CachingDensitySampler[id=257, input=YSampler[input=SubSampler[left=ConstSubSampler[left=132.0, right=ConstMulSampler[left=ConstSubSampler[left=1.0, right=CachingDensitySampler[id=215, input=YSampler[input=Sampler[noise=net.minecraft.world.level.levelgen.synth.NoiseStack$Perlin@6d3d3247, xzScale=1.0, yScale=0.0], y=0]]], right=10.0]], right=ConstMulSampler[left=ConstSubSampler[left=1.0, right=Sampler[input=ConstMulSampler[left=CachingDensitySampler[id=166, input=YSampler[input=SubSampler[left=ConstSubSampler[left=1.0, right=ConstMulSampler[left=YSampler[input=Sampler[x=1851, y=0, z=1692, metric=EUCLIDEAN], y=0], right=0.022222223]], right=ConstMulSampler[left=ConstAddSampler[left=CachingDensitySampler[id=1, input=YSampler[input=Sampler[noise=net.minecraft.world.level.levelgen.synth.NoiseStack$Perlin@1685443b, xzScale=1.0, yScale=0.0], y=0]], right=1.0], right=0.2]], y=0]], right=1.6666666], min=0.0, max=1.0]], right=4.0]], y=0]]], right=ConstantFunction[value=12.0]] ([86.0; 130.0]) and ConstantFunction[value=76.0] ([76.0; 76.0])
[12:13:09] [Worker-Main-2/WARN]: Compiling a MIN function between two non-overlapping inputs: BinaryFunction[type=SUB, left=PreparedCache[id=257, range=[98.0; 142.0], domainAxes=5, cachingSampler=CachingDensitySampler[id=257, input=YSampler[input=SubSampler[left=ConstSubSampler[left=132.0, right=ConstMulSampler[left=ConstSubSampler[left=1.0, right=CachingDensitySampler[id=215, input=YSampler[input=Sampler[noise=net.minecraft.world.level.levelgen.synth.NoiseStack$Perlin@6d3d3247, xzScale=1.0, yScale=0.0], y=0]]], right=10.0]], right=ConstMulSampler[left=ConstSubSampler[left=1.0, right=Sampler[input=ConstMulSampler[left=CachingDensitySampler[id=166, input=YSampler[input=SubSampler[left=ConstSubSampler[left=1.0, right=ConstMulSampler[left=YSampler[input=Sampler[x=1851, y=0, z=1692, metric=EUCLIDEAN], y=0], right=0.022222223]], right=ConstMulSampler[left=ConstAddSampler[left=CachingDensitySampler[id=1, input=YSampler[input=Sampler[noise=net.minecraft.world.level.levelgen.synth.NoiseStack$Perlin@1685443b, xzScale=1.0, yScale=0.0], y=0]], right=1.0], right=0.2]], y=0]], right=1.6666666], min=0.0, max=1.0]], right=4.0]], y=0]]], right=ConstantFunction[value=12.0]] ([86.0; 130.0]) and ConstantFunction[value=76.0] ([76.0; 76.0])
[12:13:09] [Worker-Main-2/WARN]: Compiling a MIN function between two non-overlapping inputs: BinaryFunction[type=SUB, left=PreparedCache[id=259, range=[218.45; 287.75], domainAxes=5, cachingSampler=CachingDensitySampler[id=259, input=YSampler[input=SubSampler[left=ConstSubSampler[left=272.0, right=ConstMulSampler[left=ConstSubSampler[left=1.0, right=CachingDensitySampler[id=215, input=YSampler[input=Sampler[noise=net.minecraft.world.level.levelgen.synth.NoiseStack$Perlin@6d3d3247, xzScale=1.0, yScale=0.0], y=0]]], right=15.75]], right=ConstMulSampler[left=ConstSubSampler[left=1.0, right=Sampler[input=ConstMulSampler[left=CachingDensitySampler[id=146, input=YSampler[input=SubSampler[left=ConstSubSampler[left=1.0, right=ConstMulSampler[left=YSampler[input=Sampler[x=1504, y=0, z=1517, metric=EUCLIDEAN], y=0], right=0.016129032]], right=ConstMulSampler[left=ConstAddSampler[left=CachingDensitySampler[id=1, input=YSampler[input=Sampler[noise=net.minecraft.world.level.levelgen.synth.NoiseStack$Perlin@1685443b, xzScale=1.0, yScale=0.0], y=0]], right=1.0], right=0.2]], y=0]], right=1.6666666], min=0.0, max=1.0]], right=6.3]], y=0]]], right=ConstantFunction[value=12.0]] ([206.45; 275.75]) and ConstantFunction[value=204.0] ([204.0; 204.0])
[12:13:09] [Worker-Main-2/WARN]: Compiling a MIN function between two non-overlapping inputs: BinaryFunction[type=SUB, left=PreparedCache[id=259, range=[218.45; 287.75], domainAxes=5, cachingSampler=CachingDensitySampler[id=259, input=YSampler[input=SubSampler[left=ConstSubSampler[left=272.0, right=ConstMulSampler[left=ConstSubSampler[left=1.0, right=CachingDensitySampler[id=215, input=YSampler[input=Sampler[noise=net.minecraft.world.level.levelgen.synth.NoiseStack$Perlin@6d3d3247, xzScale=1.0, yScale=0.0], y=0]]], right=15.75]], right=ConstMulSampler[left=ConstSubSampler[left=1.0, right=Sampler[input=ConstMulSampler[left=CachingDensitySampler[id=146, input=YSampler[input=SubSampler[left=ConstSubSampler[left=1.0, right=ConstMulSampler[left=YSampler[input=Sampler[x=1504, y=0, z=1517, metric=EUCLIDEAN], y=0], right=0.016129032]], right=ConstMulSampler[left=ConstAddSampler[left=CachingDensitySampler[id=1, input=YSampler[input=Sampler[noise=net.minecraft.world.level.levelgen.synth.NoiseStack$Perlin@1685443b, xzScale=1.0, yScale=0.0], y=0]], right=1.0], right=0.2]], y=0]], right=1.6666666], min=0.0, max=1.0]], right=6.3]], y=0]]], right=ConstantFunction[value=12.0]] ([206.45; 275.75]) and ConstantFunction[value=204.0] ([204.0; 204.0])
[12:13:09] [Worker-Main-2/WARN]: Compiling a MIN function between two non-overlapping inputs: BinaryFunction[type=SUB, left=PreparedCache[id=261, range=[345.3; 385.0], domainAxes=5, cachingSampler=CachingDensitySampler[id=261, input=YSampler[input=SubSampler[left=ConstSubSampler[left=376.0, right=ConstMulSampler[left=ConstSubSampler[left=1.0, right=CachingDensitySampler[id=215, input=YSampler[input=Sampler[noise=net.minecraft.world.level.levelgen.synth.NoiseStack$Perlin@6d3d3247, xzScale=1.0, yScale=0.0], y=0]]], right=9.0]], right=ConstMulSampler[left=ConstSubSampler[left=1.0, right=Sampler[input=ConstMulSampler[left=CachingDensitySampler[id=149, input=YSampler[input=SubSampler[left=ConstSubSampler[left=1.0, right=ConstMulSampler[left=YSampler[input=Sampler[x=1462, y=0, z=2151, metric=EUCLIDEAN], y=0], right=0.025]], right=ConstMulSampler[left=ConstAddSampler[left=CachingDensitySampler[id=1, input=YSampler[input=Sampler[noise=net.minecraft.world.level.levelgen.synth.NoiseStack$Perlin@1685443b, xzScale=1.0, yScale=0.0], y=0]], right=1.0], right=0.2]], y=0]], right=1.6666666], min=0.0, max=1.0]], right=3.7]], y=0]]], right=ConstantFunction[value=12.0]] ([333.3; 373.0]) and ConstantFunction[value=322.0] ([322.0; 322.0])
[12:13:09] [Worker-Main-2/WARN]: Compiling a MIN function between two non-overlapping inputs: BinaryFunction[type=SUB, left=PreparedCache[id=261, range=[345.3; 385.0], domainAxes=5, cachingSampler=CachingDensitySampler[id=261, input=YSampler[input=SubSampler[left=ConstSubSampler[left=376.0, right=ConstMulSampler[left=ConstSubSampler[left=1.0, right=CachingDensitySampler[id=215, input=YSampler[input=Sampler[noise=net.minecraft.world.level.levelgen.synth.NoiseStack$Perlin@6d3d3247, xzScale=1.0, yScale=0.0], y=0]]], right=9.0]], right=ConstMulSampler[left=ConstSubSampler[left=1.0, right=Sampler[input=ConstMulSampler[left=CachingDensitySampler[id=149, input=YSampler[input=SubSampler[left=ConstSubSampler[left=1.0, right=ConstMulSampler[left=YSampler[input=Sampler[x=1462, y=0, z=2151, metric=EUCLIDEAN], y=0], right=0.025]], right=ConstMulSampler[left=ConstAddSampler[left=CachingDensitySampler[id=1, input=YSampler[input=Sampler[noise=net.minecraft.world.level.levelgen.synth.NoiseStack$Perlin@1685443b, xzScale=1.0, yScale=0.0], y=0]], right=1.0], right=0.2]], y=0]], right=1.6666666], min=0.0, max=1.0]], right=3.7]], y=0]]], right=ConstantFunction[value=12.0]] ([333.3; 373.0]) and ConstantFunction[value=322.0] ([322.0; 322.0])
[12:13:09] [Worker-Main-2/WARN]: Compiling a MIN function between two non-overlapping inputs: BinaryFunction[type=SUB, left=PreparedCache[id=263, range=[306.0; 340.0], domainAxes=5, cachingSampler=CachingDensitySampler[id=263, input=YSampler[input=SubSampler[left=ConstSubSampler[left=334.0, right=ConstMulSampler[left=ConstSubSampler[left=1.0, right=CachingDensitySampler[id=215, input=YSampler[input=Sampler[noise=net.minecraft.world.level.levelgen.synth.NoiseStack$Perlin@6d3d3247, xzScale=1.0, yScale=0.0], y=0]]], right=6.0]], right=ConstMulSampler[left=ConstSubSampler[left=1.0, right=Sampler[input=ConstMulSampler[left=CachingDensitySampler[id=97, input=YSampler[input=SubSampler[left=ConstSubSampler[left=1.0, right=ConstMulSampler[left=YSampler[input=Sampler[x=-1150, y=0, z=1992, metric=EUCLIDEAN], y=0], right=0.0033333334]], right=ConstMulSampler[left=ConstAddSampler[left=CachingDensitySampler[id=1, input=YSampler[input=Sampler[noise=net.minecraft.world.level.levelgen.synth.NoiseStack$Perlin@1685443b, xzScale=1.0, yScale=0.0], y=0]], right=1.0], right=0.17333333]], y=0]], right=1.6666666], min=0.0, max=1.0]], right=10.0]], y=0]]], right=ConstantFunction[value=12.0]] ([294.0; 328.0]) and ConstantFunction[value=286.0] ([286.0; 286.0])
[12:13:09] [Worker-Main-2/WARN]: Compiling a MIN function between two non-overlapping inputs: BinaryFunction[type=SUB, left=PreparedCache[id=263, range=[306.0; 340.0], domainAxes=5, cachingSampler=CachingDensitySampler[id=263, input=YSampler[input=SubSampler[left=ConstSubSampler[left=334.0, right=ConstMulSampler[left=ConstSubSampler[left=1.0, right=CachingDensitySampler[id=215, input=YSampler[input=Sampler[noise=net.minecraft.world.level.levelgen.synth.NoiseStack$Perlin@6d3d3247, xzScale=1.0, yScale=0.0], y=0]]], right=6.0]], right=ConstMulSampler[left=ConstSubSampler[left=1.0, right=Sampler[input=ConstMulSampler[left=CachingDensitySampler[id=97, input=YSampler[input=SubSampler[left=ConstSubSampler[left=1.0, right=ConstMulSampler[left=YSampler[input=Sampler[x=-1150, y=0, z=1992, metric=EUCLIDEAN], y=0], right=0.0033333334]], right=ConstMulSampler[left=ConstAddSampler[left=CachingDensitySampler[id=1, input=YSampler[input=Sampler[noise=net.minecraft.world.level.levelgen.synth.NoiseStack$Perlin@1685443b, xzScale=1.0, yScale=0.0], y=0]], right=1.0], right=0.17333333]], y=0]], right=1.6666666], min=0.0, max=1.0]], right=10.0]], y=0]]], right=ConstantFunction[value=12.0]] ([294.0; 328.0]) and ConstantFunction[value=286.0] ([286.0; 286.0])
[12:13:09] [Worker-Main-2/WARN]: Compiling a MIN function between two non-overlapping inputs: BinaryFunction[type=SUB, left=PreparedCache[id=271, range=[270.0; 304.0], domainAxes=5, cachingSampler=CachingDensitySampler[id=271, input=YSampler[input=SubSampler[left=ConstSubSampler[left=298.0, right=ConstMulSampler[left=ConstSubSampler[left=1.0, right=CachingDensitySampler[id=215, input=YSampler[input=Sampler[noise=net.minecraft.world.level.levelgen.synth.NoiseStack$Perlin@6d3d3247, xzScale=1.0, yScale=0.0], y=0]]], right=6.0]], right=ConstMulSampler[left=ConstSubSampler[left=1.0, right=Sampler[input=ConstMulSampler[left=CachingDensitySampler[id=62, input=YSampler[input=SubSampler[left=ConstSubSampler[left=1.0, right=ConstMulSampler[left=YSampler[input=Sampler[x=-1976, y=0, z=2043, metric=EUCLIDEAN], y=0], right=0.0074074073]], right=ConstMulSampler[left=ConstAddSampler[left=CachingDensitySampler[id=1, input=YSampler[input=Sampler[noise=net.minecraft.world.level.levelgen.synth.NoiseStack$Perlin@1685443b, xzScale=1.0, yScale=0.0], y=0]], right=1.0], right=0.2]], y=0]], right=1.6666666], min=0.0, max=1.0]], right=10.0]], y=0]]], right=ConstantFunction[value=12.0]] ([258.0; 292.0]) and ConstantFunction[value=250.0] ([250.0; 250.0])
[12:13:09] [Worker-Main-2/WARN]: Compiling a MIN function between two non-overlapping inputs: BinaryFunction[type=SUB, left=PreparedCache[id=271, range=[270.0; 304.0], domainAxes=5, cachingSampler=CachingDensitySampler[id=271, input=YSampler[input=SubSampler[left=ConstSubSampler[left=298.0, right=ConstMulSampler[left=ConstSubSampler[left=1.0, right=CachingDensitySampler[id=215, input=YSampler[input=Sampler[noise=net.minecraft.world.level.levelgen.synth.NoiseStack$Perlin@6d3d3247, xzScale=1.0, yScale=0.0], y=0]]], right=6.0]], right=ConstMulSampler[left=ConstSubSampler[left=1.0, right=Sampler[input=ConstMulSampler[left=CachingDensitySampler[id=62, input=YSampler[input=SubSampler[left=ConstSubSampler[left=1.0, right=ConstMulSampler[left=YSampler[input=Sampler[x=-1976, y=0, z=2043, metric=EUCLIDEAN], y=0], right=0.0074074073]], right=ConstMulSampler[left=ConstAddSampler[left=CachingDensitySampler[id=1, input=YSampler[input=Sampler[noise=net.minecraft.world.level.levelgen.synth.NoiseStack$Perlin@1685443b, xzScale=1.0, yScale=0.0], y=0]], right=1.0], right=0.2]], y=0]], right=1.6666666], min=0.0, max=1.0]], right=10.0]], y=0]]], right=ConstantFunction[value=12.0]] ([258.0; 292.0]) and ConstantFunction[value=250.0] ([250.0; 250.0])
[12:13:09] [Worker-Main-2/WARN]: Compiling a MIN function between two non-overlapping inputs: BinaryFunction[type=SUB, left=PreparedCache[id=273, range=[415.5; 470.5], domainAxes=5, cachingSampler=CachingDensitySampler[id=273, input=YSampler[input=SubSampler[left=ConstSubSampler[left=458.0, right=ConstMulSampler[left=ConstSubSampler[left=1.0, right=CachingDensitySampler[id=215, input=YSampler[input=Sampler[noise=net.minecraft.world.level.levelgen.synth.NoiseStack$Perlin@6d3d3247, xzScale=1.0, yScale=0.0], y=0]]], right=12.5]], right=ConstMulSampler[left=ConstSubSampler[left=1.0, right=Sampler[input=ConstMulSampler[left=CachingDensitySampler[id=98, input=YSampler[input=SubSampler[left=ConstSubSampler[left=1.0, right=ConstMulSampler[left=YSampler[input=Sampler[x=-1031, y=0, z=2394, metric=EUCLIDEAN], y=0], right=0.02]], right=ConstMulSampler[left=ConstAddSampler[left=CachingDensitySampler[id=1, input=YSampler[input=Sampler[noise=net.minecraft.world.level.levelgen.synth.NoiseStack$Perlin@1685443b, xzScale=1.0, yScale=0.0], y=0]], right=1.0], right=0.2]], y=0]], right=1.6666666], min=0.0, max=1.0]], right=5.0]], y=0]]], right=ConstantFunction[value=12.0]] ([403.5; 458.5]) and ConstantFunction[value=397.0] ([397.0; 397.0])
[12:13:09] [Worker-Main-2/WARN]: Compiling a MIN function between two non-overlapping inputs: BinaryFunction[type=SUB, left=PreparedCache[id=273, range=[415.5; 470.5], domainAxes=5, cachingSampler=CachingDensitySampler[id=273, input=YSampler[input=SubSampler[left=ConstSubSampler[left=458.0, right=ConstMulSampler[left=ConstSubSampler[left=1.0, right=CachingDensitySampler[id=215, input=YSampler[input=Sampler[noise=net.minecraft.world.level.levelgen.synth.NoiseStack$Perlin@6d3d3247, xzScale=1.0, yScale=0.0], y=0]]], right=12.5]], right=ConstMulSampler[left=ConstSubSampler[left=1.0, right=Sampler[input=ConstMulSampler[left=CachingDensitySampler[id=98, input=YSampler[input=SubSampler[left=ConstSubSampler[left=1.0, right=ConstMulSampler[left=YSampler[input=Sampler[x=-1031, y=0, z=2394, metric=EUCLIDEAN], y=0], right=0.02]], right=ConstMulSampler[left=ConstAddSampler[left=CachingDensitySampler[id=1, input=YSampler[input=Sampler[noise=net.minecraft.world.level.levelgen.synth.NoiseStack$Perlin@1685443b, xzScale=1.0, yScale=0.0], y=0]], right=1.0], right=0.2]], y=0]], right=1.6666666], min=0.0, max=1.0]], right=5.0]], y=0]]], right=ConstantFunction[value=12.0]] ([403.5; 458.5]) and ConstantFunction[value=397.0] ([397.0; 397.0])
[12:13:09] [Worker-Main-2/WARN]: Compiling a MIN function between two non-overlapping inputs: BinaryFunction[type=SUB, left=PreparedCache[id=279, range=[261.7; 276.0], domainAxes=5, cachingSampler=CachingDensitySampler[id=279, input=YSampler[input=SubSampler[left=ConstSubSampler[left=274.0, right=ConstMulSampler[left=ConstSubSampler[left=1.0, right=CachingDensitySampler[id=215, input=YSampler[input=Sampler[noise=net.minecraft.world.level.levelgen.synth.NoiseStack$Perlin@6d3d3247, xzScale=1.0, yScale=0.0], y=0]]], right=2.0]], right=ConstMulSampler[left=ConstSubSampler[left=1.0, right=Sampler[input=ConstMulSampler[left=CachingDensitySampler[id=60, input=YSampler[input=SubSampler[left=ConstSubSampler[left=1.0, right=ConstMulSampler[left=YSampler[input=Sampler[x=-2123, y=0, z=400, metric=EUCLIDEAN], y=0], right=0.012987013]], right=ConstMulSampler[left=ConstAddSampler[left=CachingDensitySampler[id=1, input=YSampler[input=Sampler[noise=net.minecraft.world.level.levelgen.synth.NoiseStack$Perlin@1685443b, xzScale=1.0, yScale=0.0], y=0]], right=1.0], right=0.2]], y=0]], right=1.6666666], min=0.0, max=1.0]], right=6.3]], y=0]]], right=ConstantFunction[value=12.0]] ([249.70001; 264.0]) and ConstantFunction[value=234.0] ([234.0; 234.0])
[12:13:09] [Worker-Main-2/WARN]: Compiling a MIN function between two non-overlapping inputs: BinaryFunction[type=SUB, left=PreparedCache[id=279, range=[261.7; 276.0], domainAxes=5, cachingSampler=CachingDensitySampler[id=279, input=YSampler[input=SubSampler[left=ConstSubSampler[left=274.0, right=ConstMulSampler[left=ConstSubSampler[left=1.0, right=CachingDensitySampler[id=215, input=YSampler[input=Sampler[noise=net.minecraft.world.level.levelgen.synth.NoiseStack$Perlin@6d3d3247, xzScale=1.0, yScale=0.0], y=0]]], right=2.0]], right=ConstMulSampler[left=ConstSubSampler[left=1.0, right=Sampler[input=ConstMulSampler[left=CachingDensitySampler[id=60, input=YSampler[input=SubSampler[left=ConstSubSampler[left=1.0, right=ConstMulSampler[left=YSampler[input=Sampler[x=-2123, y=0, z=400, metric=EUCLIDEAN], y=0], right=0.012987013]], right=ConstMulSampler[left=ConstAddSampler[left=CachingDensitySampler[id=1, input=YSampler[input=Sampler[noise=net.minecraft.world.level.levelgen.synth.NoiseStack$Perlin@1685443b, xzScale=1.0, yScale=0.0], y=0]], right=1.0], right=0.2]], y=0]], right=1.6666666], min=0.0, max=1.0]], right=6.3]], y=0]]], right=ConstantFunction[value=12.0]] ([249.70001; 264.0]) and ConstantFunction[value=234.0] ([234.0; 234.0])
[12:13:09] [Worker-Main-2/WARN]: Compiling a MIN function between two non-overlapping inputs: BinaryFunction[type=SUB, left=PreparedCache[id=285, range=[303.8; 316.0], domainAxes=5, cachingSampler=CachingDensitySampler[id=285, input=YSampler[input=SubSampler[left=ConstSubSampler[left=314.0, right=ConstMulSampler[left=ConstSubSampler[left=1.0, right=CachingDensitySampler[id=215, input=YSampler[input=Sampler[noise=net.minecraft.world.level.levelgen.synth.NoiseStack$Perlin@6d3d3247, xzScale=1.0, yScale=0.0], y=0]]], right=2.0]], right=ConstMulSampler[left=ConstSubSampler[left=1.0, right=Sampler[input=ConstMulSampler[left=CachingDensitySampler[id=43, input=YSampler[input=SubSampler[left=ConstSubSampler[left=1.0, right=ConstMulSampler[left=YSampler[input=Sampler[x=-2674, y=0, z=124, metric=EUCLIDEAN], y=0], right=0.023809524]], right=ConstMulSampler[left=ConstAddSampler[left=CachingDensitySampler[id=1, input=YSampler[input=Sampler[noise=net.minecraft.world.level.levelgen.synth.NoiseStack$Perlin@1685443b, xzScale=1.0, yScale=0.0], y=0]], right=1.0], right=0.2]], y=0]], right=1.6666666], min=0.0, max=1.0]], right=4.2]], y=0]]], right=ConstantFunction[value=12.0]] ([291.8; 304.0]) and ConstantFunction[value=274.0] ([274.0; 274.0])
[12:13:09] [Worker-Main-2/WARN]: Compiling a MIN function between two non-overlapping inputs: BinaryFunction[type=SUB, left=PreparedCache[id=285, range=[303.8; 316.0], domainAxes=5, cachingSampler=CachingDensitySampler[id=285, input=YSampler[input=SubSampler[left=ConstSubSampler[left=314.0, right=ConstMulSampler[left=ConstSubSampler[left=1.0, right=CachingDensitySampler[id=215, input=YSampler[input=Sampler[noise=net.minecraft.world.level.levelgen.synth.NoiseStack$Perlin@6d3d3247, xzScale=1.0, yScale=0.0], y=0]]], right=2.0]], right=ConstMulSampler[left=ConstSubSampler[left=1.0, right=Sampler[input=ConstMulSampler[left=CachingDensitySampler[id=43, input=YSampler[input=SubSampler[left=ConstSubSampler[left=1.0, right=ConstMulSampler[left=YSampler[input=Sampler[x=-2674, y=0, z=124, metric=EUCLIDEAN], y=0], right=0.023809524]], right=ConstMulSampler[left=ConstAddSampler[left=CachingDensitySampler[id=1, input=YSampler[input=Sampler[noise=net.minecraft.world.level.levelgen.synth.NoiseStack$Perlin@1685443b, xzScale=1.0, yScale=0.0], y=0]], right=1.0], right=0.2]], y=0]], right=1.6666666], min=0.0, max=1.0]], right=4.2]], y=0]]], right=ConstantFunction[value=12.0]] ([291.8; 304.0]) and ConstantFunction[value=274.0] ([274.0; 274.0])
[12:13:09] [Worker-Main-2/WARN]: Compiling a MIN function between two non-overlapping inputs: BinaryFunction[type=SUB, left=PreparedCache[id=291, range=[198.0; 256.0], domainAxes=5, cachingSampler=CachingDensitySampler[id=291, input=YSampler[input=SubSampler[left=ConstSubSampler[left=244.0, right=ConstMulSampler[left=ConstSubSampler[left=1.0, right=CachingDensitySampler[id=215, input=YSampler[input=Sampler[noise=net.minecraft.world.level.levelgen.synth.NoiseStack$Perlin@6d3d3247, xzScale=1.0, yScale=0.0], y=0]]], right=12.0]], right=ConstMulSampler[left=ConstSubSampler[left=1.0, right=Sampler[input=ConstMulSampler[left=CachingDensitySampler[id=92, input=YSampler[input=SubSampler[left=ConstSubSampler[left=1.0, right=ConstMulSampler[left=YSampler[input=Sampler[x=-1150, y=0, z=-1992, metric=EUCLIDEAN], y=0], right=0.0035714286]], right=ConstMulSampler[left=ConstAddSampler[left=CachingDensitySampler[id=1, input=YSampler[input=Sampler[noise=net.minecraft.world.level.levelgen.synth.NoiseStack$Perlin@1685443b, xzScale=1.0, yScale=0.0], y=0]], right=1.0], right=0.18285714]], y=0]], right=1.6666666], min=0.0, max=1.0]], right=10.0]], y=0]]], right=ConstantFunction[value=12.0]] ([186.0; 244.0]) and ConstantFunction[value=184.0] ([184.0; 184.0])
[12:13:09] [Worker-Main-2/WARN]: Compiling a MIN function between two non-overlapping inputs: BinaryFunction[type=SUB, left=PreparedCache[id=291, range=[198.0; 256.0], domainAxes=5, cachingSampler=CachingDensitySampler[id=291, input=YSampler[input=SubSampler[left=ConstSubSampler[left=244.0, right=ConstMulSampler[left=ConstSubSampler[left=1.0, right=CachingDensitySampler[id=215, input=YSampler[input=Sampler[noise=net.minecraft.world.level.levelgen.synth.NoiseStack$Perlin@6d3d3247, xzScale=1.0, yScale=0.0], y=0]]], right=12.0]], right=ConstMulSampler[left=ConstSubSampler[left=1.0, right=Sampler[input=ConstMulSampler[left=CachingDensitySampler[id=92, input=YSampler[input=SubSampler[left=ConstSubSampler[left=1.0, right=ConstMulSampler[left=YSampler[input=Sampler[x=-1150, y=0, z=-1992, metric=EUCLIDEAN], y=0], right=0.0035714286]], right=ConstMulSampler[left=ConstAddSampler[left=CachingDensitySampler[id=1, input=YSampler[input=Sampler[noise=net.minecraft.world.level.levelgen.synth.NoiseStack$Perlin@1685443b, xzScale=1.0, yScale=0.0], y=0]], right=1.0], right=0.18285714]], y=0]], right=1.6666666], min=0.0, max=1.0]], right=10.0]], y=0]]], right=ConstantFunction[value=12.0]] ([186.0; 244.0]) and ConstantFunction[value=184.0] ([184.0; 184.0])
[12:13:09] [Worker-Main-2/WARN]: Compiling a MIN function between two non-overlapping inputs: BinaryFunction[type=SUB, left=PreparedCache[id=293, range=[179.0; 241.0], domainAxes=5, cachingSampler=CachingDensitySampler[id=293, input=YSampler[input=SubSampler[left=ConstSubSampler[left=228.0, right=ConstMulSampler[left=ConstSubSampler[left=1.0, right=CachingDensitySampler[id=215, input=YSampler[input=Sampler[noise=net.minecraft.world.level.levelgen.synth.NoiseStack$Perlin@6d3d3247, xzScale=1.0, yScale=0.0], y=0]]], right=13.0]], right=ConstMulSampler[left=ConstSubSampler[left=1.0, right=Sampler[input=ConstMulSampler[left=CachingDensitySampler[id=70, input=YSampler[input=SubSampler[left=ConstSubSampler[left=1.0, right=ConstMulSampler[left=YSampler[input=Sampler[x=-1642, y=0, z=-2046, metric=EUCLIDEAN], y=0], right=0.005376344]], right=ConstMulSampler[left=ConstAddSampler[left=CachingDensitySampler[id=1, input=YSampler[input=Sampler[noise=net.minecraft.world.level.levelgen.synth.NoiseStack$Perlin@1685443b, xzScale=1.0, yScale=0.0], y=0]], right=1.0], right=0.2]], y=0]], right=1.6666666], min=0.0, max=1.0]], right=10.0]], y=0]]], right=ConstantFunction[value=12.0]] ([167.0; 229.0]) and ConstantFunction[value=166.0] ([166.0; 166.0])
[12:13:09] [Worker-Main-2/WARN]: Compiling a MIN function between two non-overlapping inputs: BinaryFunction[type=SUB, left=PreparedCache[id=293, range=[179.0; 241.0], domainAxes=5, cachingSampler=CachingDensitySampler[id=293, input=YSampler[input=SubSampler[left=ConstSubSampler[left=228.0, right=ConstMulSampler[left=ConstSubSampler[left=1.0, right=CachingDensitySampler[id=215, input=YSampler[input=Sampler[noise=net.minecraft.world.level.levelgen.synth.NoiseStack$Perlin@6d3d3247, xzScale=1.0, yScale=0.0], y=0]]], right=13.0]], right=ConstMulSampler[left=ConstSubSampler[left=1.0, right=Sampler[input=ConstMulSampler[left=CachingDensitySampler[id=70, input=YSampler[input=SubSampler[left=ConstSubSampler[left=1.0, right=ConstMulSampler[left=YSampler[input=Sampler[x=-1642, y=0, z=-2046, metric=EUCLIDEAN], y=0], right=0.005376344]], right=ConstMulSampler[left=ConstAddSampler[left=CachingDensitySampler[id=1, input=YSampler[input=Sampler[noise=net.minecraft.world.level.levelgen.synth.NoiseStack$Perlin@1685443b, xzScale=1.0, yScale=0.0], y=0]], right=1.0], right=0.2]], y=0]], right=1.6666666], min=0.0, max=1.0]], right=10.0]], y=0]]], right=ConstantFunction[value=12.0]] ([167.0; 229.0]) and ConstantFunction[value=166.0] ([166.0; 166.0])
[12:13:09] [Worker-Main-2/WARN]: Compiling a MIN function between two non-overlapping inputs: BinaryFunction[type=SUB, left=PreparedCache[id=295, range=[334.0; 392.0], domainAxes=5, cachingSampler=CachingDensitySampler[id=295, input=YSampler[input=SubSampler[left=ConstSubSampler[left=380.0, right=ConstMulSampler[left=ConstSubSampler[left=1.0, right=CachingDensitySampler[id=215, input=YSampler[input=Sampler[noise=net.minecraft.world.level.levelgen.synth.NoiseStack$Perlin@6d3d3247, xzScale=1.0, yScale=0.0], y=0]]], right=12.0]], right=ConstMulSampler[left=ConstSubSampler[left=1.0, right=Sampler[input=ConstMulSampler[left=CachingDensitySampler[id=105, input=YSampler[input=SubSampler[left=ConstSubSampler[left=1.0, right=ConstMulSampler[left=YSampler[input=Sampler[x=-692, y=0, z=-1898, metric=EUCLIDEAN], y=0], right=0.008695652]], right=ConstMulSampler[left=ConstAddSampler[left=CachingDensitySampler[id=1, input=YSampler[input=Sampler[noise=net.minecraft.world.level.levelgen.synth.NoiseStack$Perlin@1685443b, xzScale=1.0, yScale=0.0], y=0]], right=1.0], right=0.2]], y=0]], right=1.6666666], min=0.0, max=1.0]], right=10.0]], y=0]]], right=ConstantFunction[value=12.0]] ([322.0; 380.0]) and ConstantFunction[value=320.0] ([320.0; 320.0])
[12:13:09] [Worker-Main-2/WARN]: Compiling a MIN function between two non-overlapping inputs: BinaryFunction[type=SUB, left=PreparedCache[id=295, range=[334.0; 392.0], domainAxes=5, cachingSampler=CachingDensitySampler[id=295, input=YSampler[input=SubSampler[left=ConstSubSampler[left=380.0, right=ConstMulSampler[left=ConstSubSampler[left=1.0, right=CachingDensitySampler[id=215, input=YSampler[input=Sampler[noise=net.minecraft.world.level.levelgen.synth.NoiseStack$Perlin@6d3d3247, xzScale=1.0, yScale=0.0], y=0]]], right=12.0]], right=ConstMulSampler[left=ConstSubSampler[left=1.0, right=Sampler[input=ConstMulSampler[left=CachingDensitySampler[id=105, input=YSampler[input=SubSampler[left=ConstSubSampler[left=1.0, right=ConstMulSampler[left=YSampler[input=Sampler[x=-692, y=0, z=-1898, metric=EUCLIDEAN], y=0], right=0.008695652]], right=ConstMulSampler[left=ConstAddSampler[left=CachingDensitySampler[id=1, input=YSampler[input=Sampler[noise=net.minecraft.world.level.levelgen.synth.NoiseStack$Perlin@1685443b, xzScale=1.0, yScale=0.0], y=0]], right=1.0], right=0.2]], y=0]], right=1.6666666], min=0.0, max=1.0]], right=10.0]], y=0]]], right=ConstantFunction[value=12.0]] ([322.0; 380.0]) and ConstantFunction[value=320.0] ([320.0; 320.0])
[12:13:09] [Worker-Main-2/WARN]: Compiling a MIN function between two non-overlapping inputs: BinaryFunction[type=SUB, left=PreparedCache[id=297, range=[195.0; 257.0], domainAxes=5, cachingSampler=CachingDensitySampler[id=297, input=YSampler[input=SubSampler[left=ConstSubSampler[left=244.0, right=ConstMulSampler[left=ConstSubSampler[left=1.0, right=CachingDensitySampler[id=215, input=YSampler[input=Sampler[noise=net.minecraft.world.level.levelgen.synth.NoiseStack$Perlin@6d3d3247, xzScale=1.0, yScale=0.0], y=0]]], right=13.0]], right=ConstMulSampler[left=ConstSubSampler[left=1.0, right=Sampler[input=ConstMulSampler[left=CachingDensitySampler[id=74, input=YSampler[input=SubSampler[left=ConstSubSampler[left=1.0, right=ConstMulSampler[left=YSampler[input=Sampler[x=-1613, y=0, z=-1567, metric=EUCLIDEAN], y=0], right=0.004950495]], right=ConstMulSampler[left=ConstAddSampler[left=CachingDensitySampler[id=1, input=YSampler[input=Sampler[noise=net.minecraft.world.level.levelgen.synth.NoiseStack$Perlin@1685443b, xzScale=1.0, yScale=0.0], y=0]], right=1.0], right=0.2]], y=0]], right=1.6666666], min=0.0, max=1.0]], right=10.0]], y=0]]], right=ConstantFunction[value=12.0]] ([183.0; 245.0]) and ConstantFunction[value=182.0] ([182.0; 182.0])
[12:13:09] [Worker-Main-2/WARN]: Compiling a MIN function between two non-overlapping inputs: BinaryFunction[type=SUB, left=PreparedCache[id=297, range=[195.0; 257.0], domainAxes=5, cachingSampler=CachingDensitySampler[id=297, input=YSampler[input=SubSampler[left=ConstSubSampler[left=244.0, right=ConstMulSampler[left=ConstSubSampler[left=1.0, right=CachingDensitySampler[id=215, input=YSampler[input=Sampler[noise=net.minecraft.world.level.levelgen.synth.NoiseStack$Perlin@6d3d3247, xzScale=1.0, yScale=0.0], y=0]]], right=13.0]], right=ConstMulSampler[left=ConstSubSampler[left=1.0, right=Sampler[input=ConstMulSampler[left=CachingDensitySampler[id=74, input=YSampler[input=SubSampler[left=ConstSubSampler[left=1.0, right=ConstMulSampler[left=YSampler[input=Sampler[x=-1613, y=0, z=-1567, metric=EUCLIDEAN], y=0], right=0.004950495]], right=ConstMulSampler[left=ConstAddSampler[left=CachingDensitySampler[id=1, input=YSampler[input=Sampler[noise=net.minecraft.world.level.levelgen.synth.NoiseStack$Perlin@1685443b, xzScale=1.0, yScale=0.0], y=0]], right=1.0], right=0.2]], y=0]], right=1.6666666], min=0.0, max=1.0]], right=10.0]], y=0]]], right=ConstantFunction[value=12.0]] ([183.0; 245.0]) and ConstantFunction[value=182.0] ([182.0; 182.0])
[12:13:09] [Worker-Main-2/WARN]: Compiling a MIN function between two non-overlapping inputs: BinaryFunction[type=SUB, left=PreparedCache[id=299, range=[242.7; 301.0], domainAxes=5, cachingSampler=CachingDensitySampler[id=299, input=YSampler[input=SubSampler[left=ConstSubSampler[left=288.0, right=ConstMulSampler[left=ConstSubSampler[left=1.0, right=CachingDensitySampler[id=215, input=YSampler[input=Sampler[noise=net.minecraft.world.level.levelgen.synth.NoiseStack$Perlin@6d3d3247, xzScale=1.0, yScale=0.0], y=0]]], right=13.0]], right=ConstMulSampler[left=ConstSubSampler[left=1.0, right=Sampler[input=ConstMulSampler[left=CachingDensitySampler[id=72, input=YSampler[input=SubSampler[left=ConstSubSampler[left=1.0, right=ConstMulSampler[left=YSampler[input=Sampler[x=-1918, y=0, z=-2166, metric=EUCLIDEAN], y=0], right=0.01724138]], right=ConstMulSampler[left=ConstAddSampler[left=CachingDensitySampler[id=1, input=YSampler[input=Sampler[noise=net.minecraft.world.level.levelgen.synth.NoiseStack$Perlin@1685443b, xzScale=1.0, yScale=0.0], y=0]], right=1.0], right=0.2]], y=0]], right=1.6666666], min=0.0, max=1.0]], right=6.3]], y=0]]], right=ConstantFunction[value=12.0]] ([230.7; 289.0]) and ConstantFunction[value=226.0] ([226.0; 226.0])
[12:13:09] [Worker-Main-2/WARN]: Compiling a MIN function between two non-overlapping inputs: BinaryFunction[type=SUB, left=PreparedCache[id=299, range=[242.7; 301.0], domainAxes=5, cachingSampler=CachingDensitySampler[id=299, input=YSampler[input=SubSampler[left=ConstSubSampler[left=288.0, right=ConstMulSampler[left=ConstSubSampler[left=1.0, right=CachingDensitySampler[id=215, input=YSampler[input=Sampler[noise=net.minecraft.world.level.levelgen.synth.NoiseStack$Perlin@6d3d3247, xzScale=1.0, yScale=0.0], y=0]]], right=13.0]], right=ConstMulSampler[left=ConstSubSampler[left=1.0, right=Sampler[input=ConstMulSampler[left=CachingDensitySampler[id=72, input=YSampler[input=SubSampler[left=ConstSubSampler[left=1.0, right=ConstMulSampler[left=YSampler[input=Sampler[x=-1918, y=0, z=-2166, metric=EUCLIDEAN], y=0], right=0.01724138]], right=ConstMulSampler[left=ConstAddSampler[left=CachingDensitySampler[id=1, input=YSampler[input=Sampler[noise=net.minecraft.world.level.levelgen.synth.NoiseStack$Perlin@1685443b, xzScale=1.0, yScale=0.0], y=0]], right=1.0], right=0.2]], y=0]], right=1.6666666], min=0.0, max=1.0]], right=6.3]], y=0]]], right=ConstantFunction[value=12.0]] ([230.7; 289.0]) and ConstantFunction[value=226.0] ([226.0; 226.0])
[12:13:09] [Worker-Main-2/WARN]: Compiling a MIN function between two non-overlapping inputs: BinaryFunction[type=SUB, left=PreparedCache[id=301, range=[-239.0; -185.0], domainAxes=5, cachingSampler=CachingDensitySampler[id=301, input=YSampler[input=SubSampler[left=ConstSubSampler[left=-196.0, right=ConstMulSampler[left=ConstSubSampler[left=1.0, right=CachingDensitySampler[id=215, input=YSampler[input=Sampler[noise=net.minecraft.world.level.levelgen.synth.NoiseStack$Perlin@6d3d3247, xzScale=1.0, yScale=0.0], y=0]]], right=11.0]], right=ConstMulSampler[left=ConstSubSampler[left=1.0, right=Sampler[input=ConstMulSampler[left=CachingDensitySampler[id=133, input=YSampler[input=SubSampler[left=ConstSubSampler[left=1.0, right=ConstMulSampler[left=YSampler[input=Sampler[x=1150, y=0, z=-1992, metric=EUCLIDEAN], y=0], right=0.004166667]], right=ConstMulSampler[left=ConstAddSampler[left=CachingDensitySampler[id=1, input=YSampler[input=Sampler[noise=net.minecraft.world.level.levelgen.synth.NoiseStack$Perlin@1685443b, xzScale=1.0, yScale=0.0], y=0]], right=1.0], right=0.2]], y=0]], right=1.6666666], min=0.0, max=1.0]], right=10.0]], y=0]]], right=ConstantFunction[value=12.0]] ([-251.0; -197.0]) and ConstantFunction[value=-254.0] ([-254.0; -254.0])
[12:13:09] [Worker-Main-2/WARN]: Compiling a MIN function between two non-overlapping inputs: BinaryFunction[type=SUB, left=PreparedCache[id=301, range=[-239.0; -185.0], domainAxes=5, cachingSampler=CachingDensitySampler[id=301, input=YSampler[input=SubSampler[left=ConstSubSampler[left=-196.0, right=ConstMulSampler[left=ConstSubSampler[left=1.0, right=CachingDensitySampler[id=215, input=YSampler[input=Sampler[noise=net.minecraft.world.level.levelgen.synth.NoiseStack$Perlin@6d3d3247, xzScale=1.0, yScale=0.0], y=0]]], right=11.0]], right=ConstMulSampler[left=ConstSubSampler[left=1.0, right=Sampler[input=ConstMulSampler[left=CachingDensitySampler[id=133, input=YSampler[input=SubSampler[left=ConstSubSampler[left=1.0, right=ConstMulSampler[left=YSampler[input=Sampler[x=1150, y=0, z=-1992, metric=EUCLIDEAN], y=0], right=0.004166667]], right=ConstMulSampler[left=ConstAddSampler[left=CachingDensitySampler[id=1, input=YSampler[input=Sampler[noise=net.minecraft.world.level.levelgen.synth.NoiseStack$Perlin@1685443b, xzScale=1.0, yScale=0.0], y=0]], right=1.0], right=0.2]], y=0]], right=1.6666666], min=0.0, max=1.0]], right=10.0]], y=0]]], right=ConstantFunction[value=12.0]] ([-251.0; -197.0]) and ConstantFunction[value=-254.0] ([-254.0; -254.0])
[12:13:09] [Worker-Main-2/WARN]: Compiling a MIN function between two non-overlapping inputs: BinaryFunction[type=SUB, left=PreparedCache[id=303, range=[-187.0; -133.0], domainAxes=5, cachingSampler=CachingDensitySampler[id=303, input=YSampler[input=SubSampler[left=ConstSubSampler[left=-144.0, right=ConstMulSampler[left=ConstSubSampler[left=1.0, right=CachingDensitySampler[id=215, input=YSampler[input=Sampler[noise=net.minecraft.world.level.levelgen.synth.NoiseStack$Perlin@6d3d3247, xzScale=1.0, yScale=0.0], y=0]]], right=11.0]], right=ConstMulSampler[left=ConstSubSampler[left=1.0, right=Sampler[input=ConstMulSampler[left=CachingDensitySampler[id=134, input=YSampler[input=SubSampler[left=ConstSubSampler[left=1.0, right=ConstMulSampler[left=YSampler[input=Sampler[x=710, y=0, z=-2087, metric=EUCLIDEAN], y=0], right=0.0058479533]], right=ConstMulSampler[left=ConstAddSampler[left=CachingDensitySampler[id=1, input=YSampler[input=Sampler[noise=net.minecraft.world.level.levelgen.synth.NoiseStack$Perlin@1685443b, xzScale=1.0, yScale=0.0], y=0]], right=1.0], right=0.2]], y=0]], right=1.6666666], min=0.0, max=1.0]], right=10.0]], y=0]]], right=ConstantFunction[value=12.0]] ([-199.0; -145.0]) and ConstantFunction[value=-202.0] ([-202.0; -202.0])
[12:13:09] [Worker-Main-2/WARN]: Compiling a MIN function between two non-overlapping inputs: BinaryFunction[type=SUB, left=PreparedCache[id=303, range=[-187.0; -133.0], domainAxes=5, cachingSampler=CachingDensitySampler[id=303, input=YSampler[input=SubSampler[left=ConstSubSampler[left=-144.0, right=ConstMulSampler[left=ConstSubSampler[left=1.0, right=CachingDensitySampler[id=215, input=YSampler[input=Sampler[noise=net.minecraft.world.level.levelgen.synth.NoiseStack$Perlin@6d3d3247, xzScale=1.0, yScale=0.0], y=0]]], right=11.0]], right=ConstMulSampler[left=ConstSubSampler[left=1.0, right=Sampler[input=ConstMulSampler[left=CachingDensitySampler[id=134, input=YSampler[input=SubSampler[left=ConstSubSampler[left=1.0, right=ConstMulSampler[left=YSampler[input=Sampler[x=710, y=0, z=-2087, metric=EUCLIDEAN], y=0], right=0.0058479533]], right=ConstMulSampler[left=ConstAddSampler[left=CachingDensitySampler[id=1, input=YSampler[input=Sampler[noise=net.minecraft.world.level.levelgen.synth.NoiseStack$Perlin@1685443b, xzScale=1.0, yScale=0.0], y=0]], right=1.0], right=0.2]], y=0]], right=1.6666666], min=0.0, max=1.0]], right=10.0]], y=0]]], right=ConstantFunction[value=12.0]] ([-199.0; -145.0]) and ConstantFunction[value=-202.0] ([-202.0; -202.0])
[12:13:09] [Worker-Main-2/WARN]: Compiling a MIN function between two non-overlapping inputs: BinaryFunction[type=SUB, left=PreparedCache[id=305, range=[-73.0; -27.0], domainAxes=5, cachingSampler=CachingDensitySampler[id=305, input=YSampler[input=SubSampler[left=ConstSubSampler[left=-36.0, right=ConstMulSampler[left=ConstSubSampler[left=1.0, right=CachingDensitySampler[id=215, input=YSampler[input=Sampler[noise=net.minecraft.world.level.levelgen.synth.NoiseStack$Perlin@6d3d3247, xzScale=1.0, yScale=0.0], y=0]]], right=9.0]], right=ConstMulSampler[left=ConstSubSampler[left=1.0, right=Sampler[input=ConstMulSampler[left=CachingDensitySampler[id=132, input=YSampler[input=SubSampler[left=ConstSubSampler[left=1.0, right=ConstMulSampler[left=YSampler[input=Sampler[x=820, y=0, z=-2415, metric=EUCLIDEAN], y=0], right=0.006666667]], right=ConstMulSampler[left=ConstAddSampler[left=CachingDensitySampler[id=1, input=YSampler[input=Sampler[noise=net.minecraft.world.level.levelgen.synth.NoiseStack$Perlin@1685443b, xzScale=1.0, yScale=0.0], y=0]], right=1.0], right=0.2]], y=0]], right=1.6666666], min=0.0, max=1.0]], right=10.0]], y=0]]], right=ConstantFunction[value=12.0]] ([-85.0; -39.0]) and ConstantFunction[value=-90.0] ([-90.0; -90.0])
[12:13:09] [Worker-Main-2/WARN]: Compiling a MIN function between two non-overlapping inputs: BinaryFunction[type=SUB, left=PreparedCache[id=305, range=[-73.0; -27.0], domainAxes=5, cachingSampler=CachingDensitySampler[id=305, input=YSampler[input=SubSampler[left=ConstSubSampler[left=-36.0, right=ConstMulSampler[left=ConstSubSampler[left=1.0, right=CachingDensitySampler[id=215, input=YSampler[input=Sampler[noise=net.minecraft.world.level.levelgen.synth.NoiseStack$Perlin@6d3d3247, xzScale=1.0, yScale=0.0], y=0]]], right=9.0]], right=ConstMulSampler[left=ConstSubSampler[left=1.0, right=Sampler[input=ConstMulSampler[left=CachingDensitySampler[id=132, input=YSampler[input=SubSampler[left=ConstSubSampler[left=1.0, right=ConstMulSampler[left=YSampler[input=Sampler[x=820, y=0, z=-2415, metric=EUCLIDEAN], y=0], right=0.006666667]], right=ConstMulSampler[left=ConstAddSampler[left=CachingDensitySampler[id=1, input=YSampler[input=Sampler[noise=net.minecraft.world.level.levelgen.synth.NoiseStack$Perlin@1685443b, xzScale=1.0, yScale=0.0], y=0]], right=1.0], right=0.2]], y=0]], right=1.6666666], min=0.0, max=1.0]], right=10.0]], y=0]]], right=ConstantFunction[value=12.0]] ([-85.0; -39.0]) and ConstantFunction[value=-90.0] ([-90.0; -90.0])
[12:13:09] [Worker-Main-2/WARN]: Compiling a MIN function between two non-overlapping inputs: BinaryFunction[type=SUB, left=PreparedCache[id=307, range=[-215.0; -161.0], domainAxes=5, cachingSampler=CachingDensitySampler[id=307, input=YSampler[input=SubSampler[left=ConstSubSampler[left=-172.0, right=ConstMulSampler[left=ConstSubSampler[left=1.0, right=CachingDensitySampler[id=215, input=YSampler[input=Sampler[noise=net.minecraft.world.level.levelgen.synth.NoiseStack$Perlin@6d3d3247, xzScale=1.0, yScale=0.0], y=0]]], right=11.0]], right=ConstMulSampler[left=ConstSubSampler[left=1.0, right=Sampler[input=ConstMulSampler[left=CachingDensitySampler[id=136, input=YSampler[input=SubSampler[left=ConstSubSampler[left=1.0, right=ConstMulSampler[left=YSampler[input=Sampler[x=846, y=0, z=-1506, metric=EUCLIDEAN], y=0], right=0.006329114]], right=ConstMulSampler[left=ConstAddSampler[left=CachingDensitySampler[id=1, input=YSampler[input=Sampler[noise=net.minecraft.world.level.levelgen.synth.NoiseStack$Perlin@1685443b, xzScale=1.0, yScale=0.0], y=0]], right=1.0], right=0.2]], y=0]], right=1.6666666], min=0.0, max=1.0]], right=10.0]], y=0]]], right=ConstantFunction[value=12.0]] ([-227.0; -173.0]) and ConstantFunction[value=-230.0] ([-230.0; -230.0])
[12:13:09] [Worker-Main-2/WARN]: Compiling a MIN function between two non-overlapping inputs: BinaryFunction[type=SUB, left=PreparedCache[id=307, range=[-215.0; -161.0], domainAxes=5, cachingSampler=CachingDensitySampler[id=307, input=YSampler[input=SubSampler[left=ConstSubSampler[left=-172.0, right=ConstMulSampler[left=ConstSubSampler[left=1.0, right=CachingDensitySampler[id=215, input=YSampler[input=Sampler[noise=net.minecraft.world.level.levelgen.synth.NoiseStack$Perlin@6d3d3247, xzScale=1.0, yScale=0.0], y=0]]], right=11.0]], right=ConstMulSampler[left=ConstSubSampler[left=1.0, right=Sampler[input=ConstMulSampler[left=CachingDensitySampler[id=136, input=YSampler[input=SubSampler[left=ConstSubSampler[left=1.0, right=ConstMulSampler[left=YSampler[input=Sampler[x=846, y=0, z=-1506, metric=EUCLIDEAN], y=0], right=0.006329114]], right=ConstMulSampler[left=ConstAddSampler[left=CachingDensitySampler[id=1, input=YSampler[input=Sampler[noise=net.minecraft.world.level.levelgen.synth.NoiseStack$Perlin@1685443b, xzScale=1.0, yScale=0.0], y=0]], right=1.0], right=0.2]], y=0]], right=1.6666666], min=0.0, max=1.0]], right=10.0]], y=0]]], right=ConstantFunction[value=12.0]] ([-227.0; -173.0]) and ConstantFunction[value=-230.0] ([-230.0; -230.0])
[12:13:09] [Worker-Main-2/WARN]: Compiling a MIN function between two non-overlapping inputs: BinaryFunction[type=SUB, left=PreparedCache[id=309, range=[-113.0; -67.0], domainAxes=5, cachingSampler=CachingDensitySampler[id=309, input=YSampler[input=SubSampler[left=ConstSubSampler[left=-76.0, right=ConstMulSampler[left=ConstSubSampler[left=1.0, right=CachingDensitySampler[id=215, input=YSampler[input=Sampler[noise=net.minecraft.world.level.levelgen.synth.NoiseStack$Perlin@6d3d3247, xzScale=1.0, yScale=0.0], y=0]]], right=9.0]], right=ConstMulSampler[left=ConstSubSampler[left=1.0, right=Sampler[input=ConstMulSampler[left=CachingDensitySampler[id=144, input=YSampler[input=SubSampler[left=ConstSubSampler[left=1.0, right=ConstMulSampler[left=YSampler[input=Sampler[x=1452, y=0, z=-2268, metric=EUCLIDEAN], y=0], right=0.007142857]], right=ConstMulSampler[left=ConstAddSampler[left=CachingDensitySampler[id=1, input=YSampler[input=Sampler[noise=net.minecraft.world.level.levelgen.synth.NoiseStack$Perlin@1685443b, xzScale=1.0, yScale=0.0], y=0]], right=1.0], right=0.2]], y=0]], right=1.6666666], min=0.0, max=1.0]], right=10.0]], y=0]]], right=ConstantFunction[value=12.0]] ([-125.0; -79.0]) and ConstantFunction[value=-130.0] ([-130.0; -130.0])
[12:13:09] [Worker-Main-2/WARN]: Compiling a MIN function between two non-overlapping inputs: BinaryFunction[type=SUB, left=PreparedCache[id=309, range=[-113.0; -67.0], domainAxes=5, cachingSampler=CachingDensitySampler[id=309, input=YSampler[input=SubSampler[left=ConstSubSampler[left=-76.0, right=ConstMulSampler[left=ConstSubSampler[left=1.0, right=CachingDensitySampler[id=215, input=YSampler[input=Sampler[noise=net.minecraft.world.level.levelgen.synth.NoiseStack$Perlin@6d3d3247, xzScale=1.0, yScale=0.0], y=0]]], right=9.0]], right=ConstMulSampler[left=ConstSubSampler[left=1.0, right=Sampler[input=ConstMulSampler[left=CachingDensitySampler[id=144, input=YSampler[input=SubSampler[left=ConstSubSampler[left=1.0, right=ConstMulSampler[left=YSampler[input=Sampler[x=1452, y=0, z=-2268, metric=EUCLIDEAN], y=0], right=0.007142857]], right=ConstMulSampler[left=ConstAddSampler[left=CachingDensitySampler[id=1, input=YSampler[input=Sampler[noise=net.minecraft.world.level.levelgen.synth.NoiseStack$Perlin@1685443b, xzScale=1.0, yScale=0.0], y=0]], right=1.0], right=0.2]], y=0]], right=1.6666666], min=0.0, max=1.0]], right=10.0]], y=0]]], right=ConstantFunction[value=12.0]] ([-125.0; -79.0]) and ConstantFunction[value=-130.0] ([-130.0; -130.0])
[12:13:09] [Worker-Main-2/WARN]: Compiling a MIN function between two non-overlapping inputs: BinaryFunction[type=SUB, left=PreparedCache[id=311, range=[113.0; 159.0], domainAxes=5, cachingSampler=CachingDensitySampler[id=311, input=YSampler[input=SubSampler[left=ConstSubSampler[left=150.0, right=ConstMulSampler[left=ConstSubSampler[left=1.0, right=CachingDensitySampler[id=215, input=YSampler[input=Sampler[noise=net.minecraft.world.level.levelgen.synth.NoiseStack$Perlin@6d3d3247, xzScale=1.0, yScale=0.0], y=0]]], right=9.0]], right=ConstMulSampler[left=ConstSubSampler[left=1.0, right=Sampler[input=ConstMulSampler[left=CachingDensitySampler[id=197, input=YSampler[input=SubSampler[left=ConstSubSampler[left=1.0, right=ConstMulSampler[left=YSampler[input=Sampler[x=3372, y=0, z=1397, metric=EUCLIDEAN], y=0], right=0.004166667]], right=ConstMulSampler[left=ConstAddSampler[left=CachingDensitySampler[id=1, input=YSampler[input=Sampler[noise=net.minecraft.world.level.levelgen.synth.NoiseStack$Perlin@1685443b, xzScale=1.0, yScale=0.0], y=0]], right=1.0], right=0.2]], y=0]], right=1.6666666], min=0.0, max=1.0]], right=10.0]], y=0]]], right=ConstantFunction[value=12.0]] ([101.0; 147.0]) and ConstantFunction[value=96.0] ([96.0; 96.0])
[12:13:09] [Worker-Main-2/WARN]: Compiling a MIN function between two non-overlapping inputs: BinaryFunction[type=SUB, left=PreparedCache[id=311, range=[113.0; 159.0], domainAxes=5, cachingSampler=CachingDensitySampler[id=311, input=YSampler[input=SubSampler[left=ConstSubSampler[left=150.0, right=ConstMulSampler[left=ConstSubSampler[left=1.0, right=CachingDensitySampler[id=215, input=YSampler[input=Sampler[noise=net.minecraft.world.level.levelgen.synth.NoiseStack$Perlin@6d3d3247, xzScale=1.0, yScale=0.0], y=0]]], right=9.0]], right=ConstMulSampler[left=ConstSubSampler[left=1.0, right=Sampler[input=ConstMulSampler[left=CachingDensitySampler[id=197, input=YSampler[input=SubSampler[left=ConstSubSampler[left=1.0, right=ConstMulSampler[left=YSampler[input=Sampler[x=3372, y=0, z=1397, metric=EUCLIDEAN], y=0], right=0.004166667]], right=ConstMulSampler[left=ConstAddSampler[left=CachingDensitySampler[id=1, input=YSampler[input=Sampler[noise=net.minecraft.world.level.levelgen.synth.NoiseStack$Perlin@1685443b, xzScale=1.0, yScale=0.0], y=0]], right=1.0], right=0.2]], y=0]], right=1.6666666], min=0.0, max=1.0]], right=10.0]], y=0]]], right=ConstantFunction[value=12.0]] ([101.0; 147.0]) and ConstantFunction[value=96.0] ([96.0; 96.0])
[12:13:09] [Worker-Main-2/WARN]: Compiling a MIN function between two non-overlapping inputs: BinaryFunction[type=SUB, left=PreparedCache[id=313, range=[102.4; 143.0], domainAxes=5, cachingSampler=CachingDensitySampler[id=313, input=YSampler[input=SubSampler[left=ConstSubSampler[left=134.0, right=ConstMulSampler[left=ConstSubSampler[left=1.0, right=CachingDensitySampler[id=215, input=YSampler[input=Sampler[noise=net.minecraft.world.level.levelgen.synth.NoiseStack$Perlin@6d3d3247, xzScale=1.0, yScale=0.0], y=0]]], right=9.0]], right=ConstMulSampler[left=ConstSubSampler[left=1.0, right=Sampler[input=ConstMulSampler[left=CachingDensitySampler[id=208, input=YSampler[input=SubSampler[left=ConstSubSampler[left=1.0, right=ConstMulSampler[left=YSampler[input=Sampler[x=3689, y=0, z=1203, metric=EUCLIDEAN], y=0], right=0.016949153]], right=ConstMulSampler[left=ConstAddSampler[left=CachingDensitySampler[id=1, input=YSampler[input=Sampler[noise=net.minecraft.world.level.levelgen.synth.NoiseStack$Perlin@1685443b, xzScale=1.0, yScale=0.0], y=0]], right=1.0], right=0.2]], y=0]], right=1.6666666], min=0.0, max=1.0]], right=4.6]], y=0]]], right=ConstantFunction[value=12.0]] ([90.4; 131.0]) and ConstantFunction[value=80.0] ([80.0; 80.0])
[12:13:09] [Worker-Main-2/WARN]: Compiling a MIN function between two non-overlapping inputs: BinaryFunction[type=SUB, left=PreparedCache[id=313, range=[102.4; 143.0], domainAxes=5, cachingSampler=CachingDensitySampler[id=313, input=YSampler[input=SubSampler[left=ConstSubSampler[left=134.0, right=ConstMulSampler[left=ConstSubSampler[left=1.0, right=CachingDensitySampler[id=215, input=YSampler[input=Sampler[noise=net.minecraft.world.level.levelgen.synth.NoiseStack$Perlin@6d3d3247, xzScale=1.0, yScale=0.0], y=0]]], right=9.0]], right=ConstMulSampler[left=ConstSubSampler[left=1.0, right=Sampler[input=ConstMulSampler[left=CachingDensitySampler[id=208, input=YSampler[input=SubSampler[left=ConstSubSampler[left=1.0, right=ConstMulSampler[left=YSampler[input=Sampler[x=3689, y=0, z=1203, metric=EUCLIDEAN], y=0], right=0.016949153]], right=ConstMulSampler[left=ConstAddSampler[left=CachingDensitySampler[id=1, input=YSampler[input=Sampler[noise=net.minecraft.world.level.levelgen.synth.NoiseStack$Perlin@1685443b, xzScale=1.0, yScale=0.0], y=0]], right=1.0], right=0.2]], y=0]], right=1.6666666], min=0.0, max=1.0]], right=4.6]], y=0]]], right=ConstantFunction[value=12.0]] ([90.4; 131.0]) and ConstantFunction[value=80.0] ([80.0; 80.0])
[12:13:09] [Worker-Main-2/WARN]: Compiling a MIN function between two non-overlapping inputs: BinaryFunction[type=SUB, left=PreparedCache[id=315, range=[145.3; 187.0], domainAxes=5, cachingSampler=CachingDensitySampler[id=315, input=YSampler[input=SubSampler[left=ConstSubSampler[left=178.0, right=ConstMulSampler[left=ConstSubSampler[left=1.0, right=CachingDensitySampler[id=215, input=YSampler[input=Sampler[noise=net.minecraft.world.level.levelgen.synth.NoiseStack$Perlin@6d3d3247, xzScale=1.0, yScale=0.0], y=0]]], right=9.0]], right=ConstMulSampler[left=ConstSubSampler[left=1.0, right=Sampler[input=ConstMulSampler[left=CachingDensitySampler[id=209, input=YSampler[input=SubSampler[left=ConstSubSampler[left=1.0, right=ConstMulSampler[left=YSampler[input=Sampler[x=3785, y=0, z=1321, metric=EUCLIDEAN], y=0], right=0.018181818]], right=ConstMulSampler[left=ConstAddSampler[left=CachingDensitySampler[id=1, input=YSampler[input=Sampler[noise=net.minecraft.world.level.levelgen.synth.NoiseStack$Perlin@1685443b, xzScale=1.0, yScale=0.0], y=0]], right=1.0], right=0.2]], y=0]], right=1.6666666], min=0.0, max=1.0]], right=5.7]], y=0]]], right=ConstantFunction[value=12.0]] ([133.3; 175.0]) and ConstantFunction[value=124.0] ([124.0; 124.0])
[12:13:09] [Worker-Main-2/WARN]: Compiling a MIN function between two non-overlapping inputs: BinaryFunction[type=SUB, left=PreparedCache[id=315, range=[145.3; 187.0], domainAxes=5, cachingSampler=CachingDensitySampler[id=315, input=YSampler[input=SubSampler[left=ConstSubSampler[left=178.0, right=ConstMulSampler[left=ConstSubSampler[left=1.0, right=CachingDensitySampler[id=215, input=YSampler[input=Sampler[noise=net.minecraft.world.level.levelgen.synth.NoiseStack$Perlin@6d3d3247, xzScale=1.0, yScale=0.0], y=0]]], right=9.0]], right=ConstMulSampler[left=ConstSubSampler[left=1.0, right=Sampler[input=ConstMulSampler[left=CachingDensitySampler[id=209, input=YSampler[input=SubSampler[left=ConstSubSampler[left=1.0, right=ConstMulSampler[left=YSampler[input=Sampler[x=3785, y=0, z=1321, metric=EUCLIDEAN], y=0], right=0.018181818]], right=ConstMulSampler[left=ConstAddSampler[left=CachingDensitySampler[id=1, input=YSampler[input=Sampler[noise=net.minecraft.world.level.levelgen.synth.NoiseStack$Perlin@1685443b, xzScale=1.0, yScale=0.0], y=0]], right=1.0], right=0.2]], y=0]], right=1.6666666], min=0.0, max=1.0]], right=5.7]], y=0]]], right=ConstantFunction[value=12.0]] ([133.3; 175.0]) and ConstantFunction[value=124.0] ([124.0; 124.0])
[12:13:09] [Worker-Main-2/WARN]: Compiling a MIN function between two non-overlapping inputs: BinaryFunction[type=SUB, left=PreparedCache[id=319, range=[41.0; 87.0], domainAxes=5, cachingSampler=CachingDensitySampler[id=319, input=YSampler[input=SubSampler[left=ConstSubSampler[left=78.0, right=ConstMulSampler[left=ConstSubSampler[left=1.0, right=CachingDensitySampler[id=215, input=YSampler[input=Sampler[noise=net.minecraft.world.level.levelgen.synth.NoiseStack$Perlin@6d3d3247, xzScale=1.0, yScale=0.0], y=0]]], right=9.0]], right=ConstMulSampler[left=ConstSubSampler[left=1.0, right=Sampler[input=ConstMulSampler[left=CachingDensitySampler[id=183, input=YSampler[input=SubSampler[left=ConstSubSampler[left=1.0, right=ConstMulSampler[left=YSampler[input=Sampler[x=3120, y=0, z=1755, metric=EUCLIDEAN], y=0], right=0.008333334]], right=ConstMulSampler[left=ConstAddSampler[left=CachingDensitySampler[id=1, input=YSampler[input=Sampler[noise=net.minecraft.world.level.levelgen.synth.NoiseStack$Perlin@1685443b, xzScale=1.0, yScale=0.0], y=0]], right=1.0], right=0.2]], y=0]], right=1.6666666], min=0.0, max=1.0]], right=10.0]], y=0]]], right=ConstantFunction[value=12.0]] ([29.0; 75.0]) and ConstantFunction[value=24.0] ([24.0; 24.0])
[12:13:09] [Worker-Main-2/WARN]: Compiling a MIN function between two non-overlapping inputs: BinaryFunction[type=SUB, left=PreparedCache[id=319, range=[41.0; 87.0], domainAxes=5, cachingSampler=CachingDensitySampler[id=319, input=YSampler[input=SubSampler[left=ConstSubSampler[left=78.0, right=ConstMulSampler[left=ConstSubSampler[left=1.0, right=CachingDensitySampler[id=215, input=YSampler[input=Sampler[noise=net.minecraft.world.level.levelgen.synth.NoiseStack$Perlin@6d3d3247, xzScale=1.0, yScale=0.0], y=0]]], right=9.0]], right=ConstMulSampler[left=ConstSubSampler[left=1.0, right=Sampler[input=ConstMulSampler[left=CachingDensitySampler[id=183, input=YSampler[input=SubSampler[left=ConstSubSampler[left=1.0, right=ConstMulSampler[left=YSampler[input=Sampler[x=3120, y=0, z=1755, metric=EUCLIDEAN], y=0], right=0.008333334]], right=ConstMulSampler[left=ConstAddSampler[left=CachingDensitySampler[id=1, input=YSampler[input=Sampler[noise=net.minecraft.world.level.levelgen.synth.NoiseStack$Perlin@1685443b, xzScale=1.0, yScale=0.0], y=0]], right=1.0], right=0.2]], y=0]], right=1.6666666], min=0.0, max=1.0]], right=10.0]], y=0]]], right=ConstantFunction[value=12.0]] ([29.0; 75.0]) and ConstantFunction[value=24.0] ([24.0; 24.0])
[12:13:09] [Worker-Main-2/WARN]: Compiling a MIN function between two non-overlapping inputs: BinaryFunction[type=SUB, left=PreparedCache[id=321, range=[269.0; 315.0], domainAxes=5, cachingSampler=CachingDensitySampler[id=321, input=YSampler[input=SubSampler[left=ConstSubSampler[left=306.0, right=ConstMulSampler[left=ConstSubSampler[left=1.0, right=CachingDensitySampler[id=215, input=YSampler[input=Sampler[noise=net.minecraft.world.level.levelgen.synth.NoiseStack$Perlin@6d3d3247, xzScale=1.0, yScale=0.0], y=0]]], right=9.0]], right=ConstMulSampler[left=ConstSubSampler[left=1.0, right=Sampler[input=ConstMulSampler[left=CachingDensitySampler[id=182, input=YSampler[input=SubSampler[left=ConstSubSampler[left=1.0, right=ConstMulSampler[left=YSampler[input=Sampler[x=2798, y=0, z=891, metric=EUCLIDEAN], y=0], right=0.0051020407]], right=ConstMulSampler[left=ConstAddSampler[left=CachingDensitySampler[id=1, input=YSampler[input=Sampler[noise=net.minecraft.world.level.levelgen.synth.NoiseStack$Perlin@1685443b, xzScale=1.0, yScale=0.0], y=0]], right=1.0], right=0.2]], y=0]], right=1.6666666], min=0.0, max=1.0]], right=10.0]], y=0]]], right=ConstantFunction[value=12.0]] ([257.0; 303.0]) and ConstantFunction[value=252.0] ([252.0; 252.0])
[12:13:09] [Worker-Main-2/WARN]: Compiling a MIN function between two non-overlapping inputs: BinaryFunction[type=SUB, left=PreparedCache[id=321, range=[269.0; 315.0], domainAxes=5, cachingSampler=CachingDensitySampler[id=321, input=YSampler[input=SubSampler[left=ConstSubSampler[left=306.0, right=ConstMulSampler[left=ConstSubSampler[left=1.0, right=CachingDensitySampler[id=215, input=YSampler[input=Sampler[noise=net.minecraft.world.level.levelgen.synth.NoiseStack$Perlin@6d3d3247, xzScale=1.0, yScale=0.0], y=0]]], right=9.0]], right=ConstMulSampler[left=ConstSubSampler[left=1.0, right=Sampler[input=ConstMulSampler[left=CachingDensitySampler[id=182, input=YSampler[input=SubSampler[left=ConstSubSampler[left=1.0, right=ConstMulSampler[left=YSampler[input=Sampler[x=2798, y=0, z=891, metric=EUCLIDEAN], y=0], right=0.0051020407]], right=ConstMulSampler[left=ConstAddSampler[left=CachingDensitySampler[id=1, input=YSampler[input=Sampler[noise=net.minecraft.world.level.levelgen.synth.NoiseStack$Perlin@1685443b, xzScale=1.0, yScale=0.0], y=0]], right=1.0], right=0.2]], y=0]], right=1.6666666], min=0.0, max=1.0]], right=10.0]], y=0]]], right=ConstantFunction[value=12.0]] ([257.0; 303.0]) and ConstantFunction[value=252.0] ([252.0; 252.0])
[12:13:09] [Worker-Main-2/WARN]: Compiling a MIN function between two non-overlapping inputs: BinaryFunction[type=SUB, left=PreparedCache[id=325, range=[303.2; 358.0], domainAxes=5, cachingSampler=CachingDensitySampler[id=325, input=YSampler[input=SubSampler[left=ConstSubSampler[left=346.0, right=ConstMulSampler[left=ConstSubSampler[left=1.0, right=CachingDensitySampler[id=215, input=YSampler[input=Sampler[noise=net.minecraft.world.level.levelgen.synth.NoiseStack$Perlin@6d3d3247, xzScale=1.0, yScale=0.0], y=0]]], right=12.0]], right=ConstMulSampler[left=ConstSubSampler[left=1.0, right=Sampler[input=ConstMulSampler[left=CachingDensitySampler[id=153, input=YSampler[input=SubSampler[left=ConstSubSampler[left=1.0, right=ConstMulSampler[left=YSampler[input=Sampler[x=1617, y=0, z=3694, metric=EUCLIDEAN], y=0], right=0.013333334]], right=ConstMulSampler[left=ConstAddSampler[left=CachingDensitySampler[id=1, input=YSampler[input=Sampler[noise=net.minecraft.world.level.levelgen.synth.NoiseStack$Perlin@1685443b, xzScale=1.0, yScale=0.0], y=0]], right=1.0], right=0.2]], y=0]], right=1.6666666], min=0.0, max=1.0]], right=6.8]], y=0]]], right=ConstantFunction[value=12.0]] ([291.2; 346.0]) and ConstantFunction[value=286.0] ([286.0; 286.0])
[12:13:09] [Worker-Main-2/WARN]: Compiling a MIN function between two non-overlapping inputs: BinaryFunction[type=SUB, left=PreparedCache[id=325, range=[303.2; 358.0], domainAxes=5, cachingSampler=CachingDensitySampler[id=325, input=YSampler[input=SubSampler[left=ConstSubSampler[left=346.0, right=ConstMulSampler[left=ConstSubSampler[left=1.0, right=CachingDensitySampler[id=215, input=YSampler[input=Sampler[noise=net.minecraft.world.level.levelgen.synth.NoiseStack$Perlin@6d3d3247, xzScale=1.0, yScale=0.0], y=0]]], right=12.0]], right=ConstMulSampler[left=ConstSubSampler[left=1.0, right=Sampler[input=ConstMulSampler[left=CachingDensitySampler[id=153, input=YSampler[input=SubSampler[left=ConstSubSampler[left=1.0, right=ConstMulSampler[left=YSampler[input=Sampler[x=1617, y=0, z=3694, metric=EUCLIDEAN], y=0], right=0.013333334]], right=ConstMulSampler[left=ConstAddSampler[left=CachingDensitySampler[id=1, input=YSampler[input=Sampler[noise=net.minecraft.world.level.levelgen.synth.NoiseStack$Perlin@1685443b, xzScale=1.0, yScale=0.0], y=0]], right=1.0], right=0.2]], y=0]], right=1.6666666], min=0.0, max=1.0]], right=6.8]], y=0]]], right=ConstantFunction[value=12.0]] ([291.2; 346.0]) and ConstantFunction[value=286.0] ([286.0; 286.0])
[12:13:09] [Worker-Main-2/WARN]: Compiling a MIN function between two non-overlapping inputs: BinaryFunction[type=SUB, left=PreparedCache[id=327, range=[499.0; 553.0], domainAxes=5, cachingSampler=CachingDensitySampler[id=327, input=YSampler[input=SubSampler[left=ConstSubSampler[left=542.0, right=ConstMulSampler[left=ConstSubSampler[left=1.0, right=CachingDensitySampler[id=215, input=YSampler[input=Sampler[noise=net.minecraft.world.level.levelgen.synth.NoiseStack$Perlin@6d3d3247, xzScale=1.0, yScale=0.0], y=0]]], right=11.0]], right=ConstMulSampler[left=ConstSubSampler[left=1.0, right=Sampler[input=ConstMulSampler[left=CachingDensitySampler[id=141, input=YSampler[input=SubSampler[left=ConstSubSampler[left=1.0, right=ConstMulSampler[left=YSampler[input=Sampler[x=923, y=0, z=3338, metric=EUCLIDEAN], y=0], right=0.0057471264]], right=ConstMulSampler[left=ConstAddSampler[left=CachingDensitySampler[id=1, input=YSampler[input=Sampler[noise=net.minecraft.world.level.levelgen.synth.NoiseStack$Perlin@1685443b, xzScale=1.0, yScale=0.0], y=0]], right=1.0], right=0.2]], y=0]], right=1.6666666], min=0.0, max=1.0]], right=10.0]], y=0]]], right=ConstantFunction[value=12.0]] ([487.0; 541.0]) and ConstantFunction[value=484.0] ([484.0; 484.0])
[12:13:09] [Worker-Main-2/WARN]: Compiling a MIN function between two non-overlapping inputs: BinaryFunction[type=SUB, left=PreparedCache[id=327, range=[499.0; 553.0], domainAxes=5, cachingSampler=CachingDensitySampler[id=327, input=YSampler[input=SubSampler[left=ConstSubSampler[left=542.0, right=ConstMulSampler[left=ConstSubSampler[left=1.0, right=CachingDensitySampler[id=215, input=YSampler[input=Sampler[noise=net.minecraft.world.level.levelgen.synth.NoiseStack$Perlin@6d3d3247, xzScale=1.0, yScale=0.0], y=0]]], right=11.0]], right=ConstMulSampler[left=ConstSubSampler[left=1.0, right=Sampler[input=ConstMulSampler[left=CachingDensitySampler[id=141, input=YSampler[input=SubSampler[left=ConstSubSampler[left=1.0, right=ConstMulSampler[left=YSampler[input=Sampler[x=923, y=0, z=3338, metric=EUCLIDEAN], y=0], right=0.0057471264]], right=ConstMulSampler[left=ConstAddSampler[left=CachingDensitySampler[id=1, input=YSampler[input=Sampler[noise=net.minecraft.world.level.levelgen.synth.NoiseStack$Perlin@1685443b, xzScale=1.0, yScale=0.0], y=0]], right=1.0], right=0.2]], y=0]], right=1.6666666], min=0.0, max=1.0]], right=10.0]], y=0]]], right=ConstantFunction[value=12.0]] ([487.0; 541.0]) and ConstantFunction[value=484.0] ([484.0; 484.0])
[12:13:09] [Worker-Main-2/WARN]: Compiling a MIN function between two non-overlapping inputs: BinaryFunction[type=SUB, left=PreparedCache[id=331, range=[565.2; 618.0], domainAxes=5, cachingSampler=CachingDensitySampler[id=331, input=YSampler[input=SubSampler[left=ConstSubSampler[left=606.0, right=ConstMulSampler[left=ConstSubSampler[left=1.0, right=CachingDensitySampler[id=215, input=YSampler[input=Sampler[noise=net.minecraft.world.level.levelgen.synth.NoiseStack$Perlin@6d3d3247, xzScale=1.0, yScale=0.0], y=0]]], right=12.0]], right=ConstMulSampler[left=ConstSubSampler[left=1.0, right=Sampler[input=ConstMulSampler[left=CachingDensitySampler[id=152, input=YSampler[input=SubSampler[left=ConstSubSampler[left=1.0, right=ConstMulSampler[left=YSampler[input=Sampler[x=1163, y=0, z=3650, metric=EUCLIDEAN], y=0], right=0.015625]], right=ConstMulSampler[left=ConstAddSampler[left=CachingDensitySampler[id=1, input=YSampler[input=Sampler[noise=net.minecraft.world.level.levelgen.synth.NoiseStack$Perlin@1685443b, xzScale=1.0, yScale=0.0], y=0]], right=1.0], right=0.2]], y=0]], right=1.6666666], min=0.0, max=1.0]], right=4.8]], y=0]]], right=ConstantFunction[value=12.0]] ([553.2; 606.0]) and ConstantFunction[value=546.0] ([546.0; 546.0])
[12:13:09] [Worker-Main-2/WARN]: Compiling a MIN function between two non-overlapping inputs: BinaryFunction[type=SUB, left=PreparedCache[id=331, range=[565.2; 618.0], domainAxes=5, cachingSampler=CachingDensitySampler[id=331, input=YSampler[input=SubSampler[left=ConstSubSampler[left=606.0, right=ConstMulSampler[left=ConstSubSampler[left=1.0, right=CachingDensitySampler[id=215, input=YSampler[input=Sampler[noise=net.minecraft.world.level.levelgen.synth.NoiseStack$Perlin@6d3d3247, xzScale=1.0, yScale=0.0], y=0]]], right=12.0]], right=ConstMulSampler[left=ConstSubSampler[left=1.0, right=Sampler[input=ConstMulSampler[left=CachingDensitySampler[id=152, input=YSampler[input=SubSampler[left=ConstSubSampler[left=1.0, right=ConstMulSampler[left=YSampler[input=Sampler[x=1163, y=0, z=3650, metric=EUCLIDEAN], y=0], right=0.015625]], right=ConstMulSampler[left=ConstAddSampler[left=CachingDensitySampler[id=1, input=YSampler[input=Sampler[noise=net.minecraft.world.level.levelgen.synth.NoiseStack$Perlin@1685443b, xzScale=1.0, yScale=0.0], y=0]], right=1.0], right=0.2]], y=0]], right=1.6666666], min=0.0, max=1.0]], right=4.8]], y=0]]], right=ConstantFunction[value=12.0]] ([553.2; 606.0]) and ConstantFunction[value=546.0] ([546.0; 546.0])
[12:13:09] [Worker-Main-2/WARN]: Compiling a MIN function between two non-overlapping inputs: BinaryFunction[type=SUB, left=PreparedCache[id=333, range=[299.0; 353.0], domainAxes=5, cachingSampler=CachingDensitySampler[id=333, input=YSampler[input=SubSampler[left=ConstSubSampler[left=342.0, right=ConstMulSampler[left=ConstSubSampler[left=1.0, right=CachingDensitySampler[id=215, input=YSampler[input=Sampler[noise=net.minecraft.world.level.levelgen.synth.NoiseStack$Perlin@6d3d3247, xzScale=1.0, yScale=0.0], y=0]]], right=11.0]], right=ConstMulSampler[left=ConstSubSampler[left=1.0, right=Sampler[input=ConstMulSampler[left=CachingDensitySampler[id=150, input=YSampler[input=SubSampler[left=ConstSubSampler[left=1.0, right=ConstMulSampler[left=YSampler[input=Sampler[x=1563, y=0, z=2869, metric=EUCLIDEAN], y=0], right=0.004950495]], right=ConstMulSampler[left=ConstAddSampler[left=CachingDensitySampler[id=1, input=YSampler[input=Sampler[noise=net.minecraft.world.level.levelgen.synth.NoiseStack$Perlin@1685443b, xzScale=1.0, yScale=0.0], y=0]], right=1.0], right=0.2]], y=0]], right=1.6666666], min=0.0, max=1.0]], right=10.0]], y=0]]], right=ConstantFunction[value=12.0]] ([287.0; 341.0]) and ConstantFunction[value=284.0] ([284.0; 284.0])
[12:13:09] [Worker-Main-2/WARN]: Compiling a MIN function between two non-overlapping inputs: BinaryFunction[type=SUB, left=PreparedCache[id=333, range=[299.0; 353.0], domainAxes=5, cachingSampler=CachingDensitySampler[id=333, input=YSampler[input=SubSampler[left=ConstSubSampler[left=342.0, right=ConstMulSampler[left=ConstSubSampler[left=1.0, right=CachingDensitySampler[id=215, input=YSampler[input=Sampler[noise=net.minecraft.world.level.levelgen.synth.NoiseStack$Perlin@6d3d3247, xzScale=1.0, yScale=0.0], y=0]]], right=11.0]], right=ConstMulSampler[left=ConstSubSampler[left=1.0, right=Sampler[input=ConstMulSampler[left=CachingDensitySampler[id=150, input=YSampler[input=SubSampler[left=ConstSubSampler[left=1.0, right=ConstMulSampler[left=YSampler[input=Sampler[x=1563, y=0, z=2869, metric=EUCLIDEAN], y=0], right=0.004950495]], right=ConstMulSampler[left=ConstAddSampler[left=CachingDensitySampler[id=1, input=YSampler[input=Sampler[noise=net.minecraft.world.level.levelgen.synth.NoiseStack$Perlin@1685443b, xzScale=1.0, yScale=0.0], y=0]], right=1.0], right=0.2]], y=0]], right=1.6666666], min=0.0, max=1.0]], right=10.0]], y=0]]], right=ConstantFunction[value=12.0]] ([287.0; 341.0]) and ConstantFunction[value=284.0] ([284.0; 284.0])
[12:13:09] [Worker-Main-2/WARN]: Compiling a MIN function between two non-overlapping inputs: BinaryFunction[type=SUB, left=PreparedCache[id=339, range=[-375.2; -362.0], domainAxes=5, cachingSampler=CachingDensitySampler[id=339, input=YSampler[input=SubSampler[left=ConstSubSampler[left=-364.0, right=ConstMulSampler[left=ConstSubSampler[left=1.0, right=CachingDensitySampler[id=215, input=YSampler[input=Sampler[noise=net.minecraft.world.level.levelgen.synth.NoiseStack$Perlin@6d3d3247, xzScale=1.0, yScale=0.0], y=0]]], right=2.0]], right=ConstMulSampler[left=ConstSubSampler[left=1.0, right=Sampler[input=ConstMulSampler[left=CachingDensitySampler[id=99, input=YSampler[input=SubSampler[left=ConstSubSampler[left=1.0, right=ConstMulSampler[left=YSampler[input=Sampler[x=-1325, y=0, z=2998, metric=EUCLIDEAN], y=0], right=0.014925373]], right=ConstMulSampler[left=ConstAddSampler[left=CachingDensitySampler[id=1, input=YSampler[input=Sampler[noise=net.minecraft.world.level.levelgen.synth.NoiseStack$Perlin@1685443b, xzScale=1.0, yScale=0.0], y=0]], right=1.0], right=0.2]], y=0]], right=1.6666666], min=0.0, max=1.0]], right=5.2]], y=0]]], right=ConstantFunction[value=12.0]] ([-387.2; -374.0]) and ConstantFunction[value=-404.0] ([-404.0; -404.0])
[12:13:09] [Worker-Main-2/WARN]: Compiling a MIN function between two non-overlapping inputs: BinaryFunction[type=SUB, left=PreparedCache[id=339, range=[-375.2; -362.0], domainAxes=5, cachingSampler=CachingDensitySampler[id=339, input=YSampler[input=SubSampler[left=ConstSubSampler[left=-364.0, right=ConstMulSampler[left=ConstSubSampler[left=1.0, right=CachingDensitySampler[id=215, input=YSampler[input=Sampler[noise=net.minecraft.world.level.levelgen.synth.NoiseStack$Perlin@6d3d3247, xzScale=1.0, yScale=0.0], y=0]]], right=2.0]], right=ConstMulSampler[left=ConstSubSampler[left=1.0, right=Sampler[input=ConstMulSampler[left=CachingDensitySampler[id=99, input=YSampler[input=SubSampler[left=ConstSubSampler[left=1.0, right=ConstMulSampler[left=YSampler[input=Sampler[x=-1325, y=0, z=2998, metric=EUCLIDEAN], y=0], right=0.014925373]], right=ConstMulSampler[left=ConstAddSampler[left=CachingDensitySampler[id=1, input=YSampler[input=Sampler[noise=net.minecraft.world.level.levelgen.synth.NoiseStack$Perlin@1685443b, xzScale=1.0, yScale=0.0], y=0]], right=1.0], right=0.2]], y=0]], right=1.6666666], min=0.0, max=1.0]], right=5.2]], y=0]]], right=ConstantFunction[value=12.0]] ([-387.2; -374.0]) and ConstantFunction[value=-404.0] ([-404.0; -404.0])
[12:13:09] [Worker-Main-2/WARN]: Compiling a MIN function between two non-overlapping inputs: BinaryFunction[type=SUB, left=PreparedCache[id=341, range=[-253.0; -238.0], domainAxes=5, cachingSampler=CachingDensitySampler[id=341, input=YSampler[input=SubSampler[left=ConstSubSampler[left=-240.0, right=ConstMulSampler[left=ConstSubSampler[left=1.0, right=CachingDensitySampler[id=215, input=YSampler[input=Sampler[noise=net.minecraft.world.level.levelgen.synth.NoiseStack$Perlin@6d3d3247, xzScale=1.0, yScale=0.0], y=0]]], right=2.0]], right=ConstMulSampler[left=ConstSubSampler[left=1.0, right=Sampler[input=ConstMulSampler[left=CachingDensitySampler[id=101, input=YSampler[input=SubSampler[left=ConstSubSampler[left=1.0, right=ConstMulSampler[left=YSampler[input=Sampler[x=-1029, y=0, z=3246, metric=EUCLIDEAN], y=0], right=0.012658228]], right=ConstMulSampler[left=ConstAddSampler[left=CachingDensitySampler[id=1, input=YSampler[input=Sampler[noise=net.minecraft.world.level.levelgen.synth.NoiseStack$Perlin@1685443b, xzScale=1.0, yScale=0.0], y=0]], right=1.0], right=0.2]], y=0]], right=1.6666666], min=0.0, max=1.0]], right=7.0]], y=0]]], right=ConstantFunction[value=12.0]] ([-265.0; -250.0]) and ConstantFunction[value=-280.0] ([-280.0; -280.0])
[12:13:09] [Worker-Main-2/WARN]: Compiling a MIN function between two non-overlapping inputs: BinaryFunction[type=SUB, left=PreparedCache[id=341, range=[-253.0; -238.0], domainAxes=5, cachingSampler=CachingDensitySampler[id=341, input=YSampler[input=SubSampler[left=ConstSubSampler[left=-240.0, right=ConstMulSampler[left=ConstSubSampler[left=1.0, right=CachingDensitySampler[id=215, input=YSampler[input=Sampler[noise=net.minecraft.world.level.levelgen.synth.NoiseStack$Perlin@6d3d3247, xzScale=1.0, yScale=0.0], y=0]]], right=2.0]], right=ConstMulSampler[left=ConstSubSampler[left=1.0, right=Sampler[input=ConstMulSampler[left=CachingDensitySampler[id=101, input=YSampler[input=SubSampler[left=ConstSubSampler[left=1.0, right=ConstMulSampler[left=YSampler[input=Sampler[x=-1029, y=0, z=3246, metric=EUCLIDEAN], y=0], right=0.012658228]], right=ConstMulSampler[left=ConstAddSampler[left=CachingDensitySampler[id=1, input=YSampler[input=Sampler[noise=net.minecraft.world.level.levelgen.synth.NoiseStack$Perlin@1685443b, xzScale=1.0, yScale=0.0], y=0]], right=1.0], right=0.2]], y=0]], right=1.6666666], min=0.0, max=1.0]], right=7.0]], y=0]]], right=ConstantFunction[value=12.0]] ([-265.0; -250.0]) and ConstantFunction[value=-280.0] ([-280.0; -280.0])
[12:13:09] [Worker-Main-2/WARN]: Compiling a MIN function between two non-overlapping inputs: BinaryFunction[type=SUB, left=PreparedCache[id=354, range=[-494.0; -450.0], domainAxes=5, cachingSampler=CachingDensitySampler[id=354, input=YSampler[input=SubSampler[left=ConstSubSampler[left=-460.0, right=ConstMulSampler[left=ConstSubSampler[left=1.0, right=CachingDensitySampler[id=215, input=YSampler[input=Sampler[noise=net.minecraft.world.level.levelgen.synth.NoiseStack$Perlin@6d3d3247, xzScale=1.0, yScale=0.0], y=0]]], right=10.0]], right=ConstMulSampler[left=ConstSubSampler[left=1.0, right=Sampler[input=ConstMulSampler[left=CachingDensitySampler[id=25, input=YSampler[input=SubSampler[left=ConstSubSampler[left=1.0, right=ConstMulSampler[left=YSampler[input=Sampler[x=-3080, y=0, z=1155, metric=EUCLIDEAN], y=0], right=0.01923077]], right=ConstMulSampler[left=ConstAddSampler[left=CachingDensitySampler[id=1, input=YSampler[input=Sampler[noise=net.minecraft.world.level.levelgen.synth.NoiseStack$Perlin@1685443b, xzScale=1.0, yScale=0.0], y=0]], right=1.0], right=0.2]], y=0]], right=1.6666666], min=0.0, max=1.0]], right=4.0]], y=0]]], right=ConstantFunction[value=12.0]] ([-506.0; -462.0]) and ConstantFunction[value=-516.0] ([-516.0; -516.0])
[12:13:09] [Worker-Main-2/WARN]: Compiling a MIN function between two non-overlapping inputs: BinaryFunction[type=SUB, left=PreparedCache[id=354, range=[-494.0; -450.0], domainAxes=5, cachingSampler=CachingDensitySampler[id=354, input=YSampler[input=SubSampler[left=ConstSubSampler[left=-460.0, right=ConstMulSampler[left=ConstSubSampler[left=1.0, right=CachingDensitySampler[id=215, input=YSampler[input=Sampler[noise=net.minecraft.world.level.levelgen.synth.NoiseStack$Perlin@6d3d3247, xzScale=1.0, yScale=0.0], y=0]]], right=10.0]], right=ConstMulSampler[left=ConstSubSampler[left=1.0, right=Sampler[input=ConstMulSampler[left=CachingDensitySampler[id=25, input=YSampler[input=SubSampler[left=ConstSubSampler[left=1.0, right=ConstMulSampler[left=YSampler[input=Sampler[x=-3080, y=0, z=1155, metric=EUCLIDEAN], y=0], right=0.01923077]], right=ConstMulSampler[left=ConstAddSampler[left=CachingDensitySampler[id=1, input=YSampler[input=Sampler[noise=net.minecraft.world.level.levelgen.synth.NoiseStack$Perlin@1685443b, xzScale=1.0, yScale=0.0], y=0]], right=1.0], right=0.2]], y=0]], right=1.6666666], min=0.0, max=1.0]], right=4.0]], y=0]]], right=ConstantFunction[value=12.0]] ([-506.0; -462.0]) and ConstantFunction[value=-516.0] ([-516.0; -516.0])
[12:13:09] [Worker-Main-2/WARN]: Compiling a MIN function between two non-overlapping inputs: BinaryFunction[type=SUB, left=PreparedCache[id=358, range=[-607.6; -578.0], domainAxes=5, cachingSampler=CachingDensitySampler[id=358, input=YSampler[input=SubSampler[left=ConstSubSampler[left=-584.0, right=ConstMulSampler[left=ConstSubSampler[left=1.0, right=CachingDensitySampler[id=215, input=YSampler[input=Sampler[noise=net.minecraft.world.level.levelgen.synth.NoiseStack$Perlin@6d3d3247, xzScale=1.0, yScale=0.0], y=0]]], right=6.0]], right=ConstMulSampler[left=ConstSubSampler[left=1.0, right=Sampler[input=ConstMulSampler[left=CachingDensitySampler[id=9, input=YSampler[input=SubSampler[left=ConstSubSampler[left=1.0, right=ConstMulSampler[left=YSampler[input=Sampler[x=-3710, y=0, z=1632, metric=EUCLIDEAN], y=0], right=0.013513514]], right=ConstMulSampler[left=ConstAddSampler[left=CachingDensitySampler[id=1, input=YSampler[input=Sampler[noise=net.minecraft.world.level.levelgen.synth.NoiseStack$Perlin@1685443b, xzScale=1.0, yScale=0.0], y=0]], right=1.0], right=0.2]], y=0]], right=1.6666666], min=0.0, max=1.0]], right=5.6]], y=0]]], right=ConstantFunction[value=12.0]] ([-619.6; -590.0]) and ConstantFunction[value=-632.0] ([-632.0; -632.0])
[12:13:09] [Worker-Main-2/WARN]: Compiling a MIN function between two non-overlapping inputs: BinaryFunction[type=SUB, left=PreparedCache[id=358, range=[-607.6; -578.0], domainAxes=5, cachingSampler=CachingDensitySampler[id=358, input=YSampler[input=SubSampler[left=ConstSubSampler[left=-584.0, right=ConstMulSampler[left=ConstSubSampler[left=1.0, right=CachingDensitySampler[id=215, input=YSampler[input=Sampler[noise=net.minecraft.world.level.levelgen.synth.NoiseStack$Perlin@6d3d3247, xzScale=1.0, yScale=0.0], y=0]]], right=6.0]], right=ConstMulSampler[left=ConstSubSampler[left=1.0, right=Sampler[input=ConstMulSampler[left=CachingDensitySampler[id=9, input=YSampler[input=SubSampler[left=ConstSubSampler[left=1.0, right=ConstMulSampler[left=YSampler[input=Sampler[x=-3710, y=0, z=1632, metric=EUCLIDEAN], y=0], right=0.013513514]], right=ConstMulSampler[left=ConstAddSampler[left=CachingDensitySampler[id=1, input=YSampler[input=Sampler[noise=net.minecraft.world.level.levelgen.synth.NoiseStack$Perlin@1685443b, xzScale=1.0, yScale=0.0], y=0]], right=1.0], right=0.2]], y=0]], right=1.6666666], min=0.0, max=1.0]], right=5.6]], y=0]]], right=ConstantFunction[value=12.0]] ([-619.6; -590.0]) and ConstantFunction[value=-632.0] ([-632.0; -632.0])
[12:13:09] [Worker-Main-2/WARN]: Compiling a MIN function between two non-overlapping inputs: BinaryFunction[type=SUB, left=PreparedCache[id=368, range=[1237.0; 1283.0], domainAxes=5, cachingSampler=CachingDensitySampler[id=368, input=YSampler[input=SubSampler[left=ConstSubSampler[left=1274.0, right=ConstMulSampler[left=ConstSubSampler[left=1.0, right=CachingDensitySampler[id=215, input=YSampler[input=Sampler[noise=net.minecraft.world.level.levelgen.synth.NoiseStack$Perlin@6d3d3247, xzScale=1.0, yScale=0.0], y=0]]], right=9.0]], right=ConstMulSampler[left=ConstSubSampler[left=1.0, right=Sampler[input=ConstMulSampler[left=CachingDensitySampler[id=21, input=YSampler[input=SubSampler[left=ConstSubSampler[left=1.0, right=ConstMulSampler[left=YSampler[input=Sampler[x=-2900, y=0, z=-1080, metric=EUCLIDEAN], y=0], right=0.0048076925]], right=ConstMulSampler[left=ConstAddSampler[left=CachingDensitySampler[id=1, input=YSampler[input=Sampler[noise=net.minecraft.world.level.levelgen.synth.NoiseStack$Perlin@1685443b, xzScale=1.0, yScale=0.0], y=0]], right=1.0], right=0.2]], y=0]], right=1.6666666], min=0.0, max=1.0]], right=10.0]], y=0]]], right=ConstantFunction[value=12.0]] ([1225.0; 1271.0]) and ConstantFunction[value=1220.0] ([1220.0; 1220.0])
[12:13:09] [Worker-Main-2/WARN]: Compiling a MIN function between two non-overlapping inputs: BinaryFunction[type=SUB, left=PreparedCache[id=368, range=[1237.0; 1283.0], domainAxes=5, cachingSampler=CachingDensitySampler[id=368, input=YSampler[input=SubSampler[left=ConstSubSampler[left=1274.0, right=ConstMulSampler[left=ConstSubSampler[left=1.0, right=CachingDensitySampler[id=215, input=YSampler[input=Sampler[noise=net.minecraft.world.level.levelgen.synth.NoiseStack$Perlin@6d3d3247, xzScale=1.0, yScale=0.0], y=0]]], right=9.0]], right=ConstMulSampler[left=ConstSubSampler[left=1.0, right=Sampler[input=ConstMulSampler[left=CachingDensitySampler[id=21, input=YSampler[input=SubSampler[left=ConstSubSampler[left=1.0, right=ConstMulSampler[left=YSampler[input=Sampler[x=-2900, y=0, z=-1080, metric=EUCLIDEAN], y=0], right=0.0048076925]], right=ConstMulSampler[left=ConstAddSampler[left=CachingDensitySampler[id=1, input=YSampler[input=Sampler[noise=net.minecraft.world.level.levelgen.synth.NoiseStack$Perlin@1685443b, xzScale=1.0, yScale=0.0], y=0]], right=1.0], right=0.2]], y=0]], right=1.6666666], min=0.0, max=1.0]], right=10.0]], y=0]]], right=ConstantFunction[value=12.0]] ([1225.0; 1271.0]) and ConstantFunction[value=1220.0] ([1220.0; 1220.0])
[12:13:09] [Worker-Main-2/WARN]: Compiling a MIN function between two non-overlapping inputs: BinaryFunction[type=SUB, left=PreparedCache[id=374, range=[1214.4; 1254.0], domainAxes=5, cachingSampler=CachingDensitySampler[id=374, input=YSampler[input=SubSampler[left=ConstSubSampler[left=1246.0, right=ConstMulSampler[left=ConstSubSampler[left=1.0, right=CachingDensitySampler[id=215, input=YSampler[input=Sampler[noise=net.minecraft.world.level.levelgen.synth.NoiseStack$Perlin@6d3d3247, xzScale=1.0, yScale=0.0], y=0]]], right=8.0]], right=ConstMulSampler[left=ConstSubSampler[left=1.0, right=Sampler[input=ConstMulSampler[left=CachingDensitySampler[id=3, input=YSampler[input=SubSampler[left=ConstSubSampler[left=1.0, right=ConstMulSampler[left=YSampler[input=Sampler[x=-3695, y=0, z=-1100, metric=EUCLIDEAN], y=0], right=0.012048192]], right=ConstMulSampler[left=ConstAddSampler[left=CachingDensitySampler[id=1, input=YSampler[input=Sampler[noise=net.minecraft.world.level.levelgen.synth.NoiseStack$Perlin@1685443b, xzScale=1.0, yScale=0.0], y=0]], right=1.0], right=0.2]], y=0]], right=1.6666666], min=0.0, max=1.0]], right=7.6]], y=0]]], right=ConstantFunction[value=12.0]] ([1202.4; 1242.0]) and ConstantFunction[value=1194.0] ([1194.0; 1194.0])
[12:13:09] [Worker-Main-2/WARN]: Compiling a MIN function between two non-overlapping inputs: BinaryFunction[type=SUB, left=PreparedCache[id=374, range=[1214.4; 1254.0], domainAxes=5, cachingSampler=CachingDensitySampler[id=374, input=YSampler[input=SubSampler[left=ConstSubSampler[left=1246.0, right=ConstMulSampler[left=ConstSubSampler[left=1.0, right=CachingDensitySampler[id=215, input=YSampler[input=Sampler[noise=net.minecraft.world.level.levelgen.synth.NoiseStack$Perlin@6d3d3247, xzScale=1.0, yScale=0.0], y=0]]], right=8.0]], right=ConstMulSampler[left=ConstSubSampler[left=1.0, right=Sampler[input=ConstMulSampler[left=CachingDensitySampler[id=3, input=YSampler[input=SubSampler[left=ConstSubSampler[left=1.0, right=ConstMulSampler[left=YSampler[input=Sampler[x=-3695, y=0, z=-1100, metric=EUCLIDEAN], y=0], right=0.012048192]], right=ConstMulSampler[left=ConstAddSampler[left=CachingDensitySampler[id=1, input=YSampler[input=Sampler[noise=net.minecraft.world.level.levelgen.synth.NoiseStack$Perlin@1685443b, xzScale=1.0, yScale=0.0], y=0]], right=1.0], right=0.2]], y=0]], right=1.6666666], min=0.0, max=1.0]], right=7.6]], y=0]]], right=ConstantFunction[value=12.0]] ([1202.4; 1242.0]) and ConstantFunction[value=1194.0] ([1194.0; 1194.0])
[12:13:09] [Worker-Main-2/WARN]: Compiling a MIN function between two non-overlapping inputs: BinaryFunction[type=SUB, left=PreparedCache[id=380, range=[725.0; 755.0], domainAxes=5, cachingSampler=CachingDensitySampler[id=380, input=YSampler[input=SubSampler[left=ConstSubSampler[left=750.0, right=ConstMulSampler[left=ConstSubSampler[left=1.0, right=CachingDensitySampler[id=215, input=YSampler[input=Sampler[noise=net.minecraft.world.level.levelgen.synth.NoiseStack$Perlin@6d3d3247, xzScale=1.0, yScale=0.0], y=0]]], right=5.0]], right=ConstMulSampler[left=ConstSubSampler[left=1.0, right=Sampler[input=ConstMulSampler[left=CachingDensitySampler[id=66, input=YSampler[input=SubSampler[left=ConstSubSampler[left=1.0, right=ConstMulSampler[left=YSampler[input=Sampler[x=-1397, y=0, z=-3372, metric=EUCLIDEAN], y=0], right=0.0038461538]], right=ConstMulSampler[left=ConstAddSampler[left=CachingDensitySampler[id=1, input=YSampler[input=Sampler[noise=net.minecraft.world.level.levelgen.synth.NoiseStack$Perlin@1685443b, xzScale=1.0, yScale=0.0], y=0]], right=1.0], right=0.19384615]], y=0]], right=1.6666666], min=0.0, max=1.0]], right=10.0]], y=0]]], right=ConstantFunction[value=12.0]] ([713.0; 743.0]) and ConstantFunction[value=704.0] ([704.0; 704.0])
[12:13:09] [Worker-Main-2/WARN]: Compiling a MIN function between two non-overlapping inputs: BinaryFunction[type=SUB, left=PreparedCache[id=380, range=[725.0; 755.0], domainAxes=5, cachingSampler=CachingDensitySampler[id=380, input=YSampler[input=SubSampler[left=ConstSubSampler[left=750.0, right=ConstMulSampler[left=ConstSubSampler[left=1.0, right=CachingDensitySampler[id=215, input=YSampler[input=Sampler[noise=net.minecraft.world.level.levelgen.synth.NoiseStack$Perlin@6d3d3247, xzScale=1.0, yScale=0.0], y=0]]], right=5.0]], right=ConstMulSampler[left=ConstSubSampler[left=1.0, right=Sampler[input=ConstMulSampler[left=CachingDensitySampler[id=66, input=YSampler[input=SubSampler[left=ConstSubSampler[left=1.0, right=ConstMulSampler[left=YSampler[input=Sampler[x=-1397, y=0, z=-3372, metric=EUCLIDEAN], y=0], right=0.0038461538]], right=ConstMulSampler[left=ConstAddSampler[left=CachingDensitySampler[id=1, input=YSampler[input=Sampler[noise=net.minecraft.world.level.levelgen.synth.NoiseStack$Perlin@1685443b, xzScale=1.0, yScale=0.0], y=0]], right=1.0], right=0.19384615]], y=0]], right=1.6666666], min=0.0, max=1.0]], right=10.0]], y=0]]], right=ConstantFunction[value=12.0]] ([713.0; 743.0]) and ConstantFunction[value=704.0] ([704.0; 704.0])
[12:13:09] [Worker-Main-2/WARN]: Compiling a MIN function between two non-overlapping inputs: BinaryFunction[type=SUB, left=PreparedCache[id=382, range=[684.3; 711.0], domainAxes=5, cachingSampler=CachingDensitySampler[id=382, input=YSampler[input=SubSampler[left=ConstSubSampler[left=706.0, right=ConstMulSampler[left=ConstSubSampler[left=1.0, right=CachingDensitySampler[id=215, input=YSampler[input=Sampler[noise=net.minecraft.world.level.levelgen.synth.NoiseStack$Perlin@6d3d3247, xzScale=1.0, yScale=0.0], y=0]]], right=5.0]], right=ConstMulSampler[left=ConstSubSampler[left=1.0, right=Sampler[input=ConstMulSampler[left=CachingDensitySampler[id=88, input=YSampler[input=SubSampler[left=ConstSubSampler[left=1.0, right=ConstMulSampler[left=YSampler[input=Sampler[x=-1219, y=0, z=-3037, metric=EUCLIDEAN], y=0], right=0.012658228]], right=ConstMulSampler[left=ConstAddSampler[left=CachingDensitySampler[id=1, input=YSampler[input=Sampler[noise=net.minecraft.world.level.levelgen.synth.NoiseStack$Perlin@1685443b, xzScale=1.0, yScale=0.0], y=0]], right=1.0], right=0.2]], y=0]], right=1.6666666], min=0.0, max=1.0]], right=6.7]], y=0]]], right=ConstantFunction[value=12.0]] ([672.3; 699.0]) and ConstantFunction[value=660.0] ([660.0; 660.0])
[12:13:09] [Worker-Main-2/WARN]: Compiling a MIN function between two non-overlapping inputs: BinaryFunction[type=SUB, left=PreparedCache[id=382, range=[684.3; 711.0], domainAxes=5, cachingSampler=CachingDensitySampler[id=382, input=YSampler[input=SubSampler[left=ConstSubSampler[left=706.0, right=ConstMulSampler[left=ConstSubSampler[left=1.0, right=CachingDensitySampler[id=215, input=YSampler[input=Sampler[noise=net.minecraft.world.level.levelgen.synth.NoiseStack$Perlin@6d3d3247, xzScale=1.0, yScale=0.0], y=0]]], right=5.0]], right=ConstMulSampler[left=ConstSubSampler[left=1.0, right=Sampler[input=ConstMulSampler[left=CachingDensitySampler[id=88, input=YSampler[input=SubSampler[left=ConstSubSampler[left=1.0, right=ConstMulSampler[left=YSampler[input=Sampler[x=-1219, y=0, z=-3037, metric=EUCLIDEAN], y=0], right=0.012658228]], right=ConstMulSampler[left=ConstAddSampler[left=CachingDensitySampler[id=1, input=YSampler[input=Sampler[noise=net.minecraft.world.level.levelgen.synth.NoiseStack$Perlin@1685443b, xzScale=1.0, yScale=0.0], y=0]], right=1.0], right=0.2]], y=0]], right=1.6666666], min=0.0, max=1.0]], right=6.7]], y=0]]], right=ConstantFunction[value=12.0]] ([672.3; 699.0]) and ConstantFunction[value=660.0] ([660.0; 660.0])
[12:13:09] [Worker-Main-2/WARN]: Compiling a MIN function between two non-overlapping inputs: BinaryFunction[type=SUB, left=PreparedCache[id=384, range=[695.25; 755.75], domainAxes=5, cachingSampler=CachingDensitySampler[id=384, input=YSampler[input=SubSampler[left=ConstSubSampler[left=742.0, right=ConstMulSampler[left=ConstSubSampler[left=1.0, right=CachingDensitySampler[id=215, input=YSampler[input=Sampler[noise=net.minecraft.world.level.levelgen.synth.NoiseStack$Perlin@6d3d3247, xzScale=1.0, yScale=0.0], y=0]]], right=13.75]], right=ConstMulSampler[left=ConstSubSampler[left=1.0, right=Sampler[input=ConstMulSampler[left=CachingDensitySampler[id=89, input=YSampler[input=SubSampler[left=ConstSubSampler[left=1.0, right=ConstMulSampler[left=YSampler[input=Sampler[x=-1025, y=0, z=-2938, metric=EUCLIDEAN], y=0], right=0.015384615]], right=ConstMulSampler[left=ConstAddSampler[left=CachingDensitySampler[id=1, input=YSampler[input=Sampler[noise=net.minecraft.world.level.levelgen.synth.NoiseStack$Perlin@1685443b, xzScale=1.0, yScale=0.0], y=0]], right=1.0], right=0.2]], y=0]], right=1.6666666], min=0.0, max=1.0]], right=5.5]], y=0]]], right=ConstantFunction[value=12.0]] ([683.25; 743.75]) and ConstantFunction[value=678.0] ([678.0; 678.0])
[12:13:09] [Worker-Main-2/WARN]: Compiling a MIN function between two non-overlapping inputs: BinaryFunction[type=SUB, left=PreparedCache[id=384, range=[695.25; 755.75], domainAxes=5, cachingSampler=CachingDensitySampler[id=384, input=YSampler[input=SubSampler[left=ConstSubSampler[left=742.0, right=ConstMulSampler[left=ConstSubSampler[left=1.0, right=CachingDensitySampler[id=215, input=YSampler[input=Sampler[noise=net.minecraft.world.level.levelgen.synth.NoiseStack$Perlin@6d3d3247, xzScale=1.0, yScale=0.0], y=0]]], right=13.75]], right=ConstMulSampler[left=ConstSubSampler[left=1.0, right=Sampler[input=ConstMulSampler[left=CachingDensitySampler[id=89, input=YSampler[input=SubSampler[left=ConstSubSampler[left=1.0, right=ConstMulSampler[left=YSampler[input=Sampler[x=-1025, y=0, z=-2938, metric=EUCLIDEAN], y=0], right=0.015384615]], right=ConstMulSampler[left=ConstAddSampler[left=CachingDensitySampler[id=1, input=YSampler[input=Sampler[noise=net.minecraft.world.level.levelgen.synth.NoiseStack$Perlin@1685443b, xzScale=1.0, yScale=0.0], y=0]], right=1.0], right=0.2]], y=0]], right=1.6666666], min=0.0, max=1.0]], right=5.5]], y=0]]], right=ConstantFunction[value=12.0]] ([683.25; 743.75]) and ConstantFunction[value=678.0] ([678.0; 678.0])
[12:13:09] [Worker-Main-2/WARN]: Compiling a MIN function between two non-overlapping inputs: BinaryFunction[type=SUB, left=PreparedCache[id=388, range=[782.0; 807.0], domainAxes=5, cachingSampler=CachingDensitySampler[id=388, input=YSampler[input=SubSampler[left=ConstSubSampler[left=802.0, right=ConstMulSampler[left=ConstSubSampler[left=1.0, right=CachingDensitySampler[id=215, input=YSampler[input=Sampler[noise=net.minecraft.world.level.levelgen.synth.NoiseStack$Perlin@6d3d3247, xzScale=1.0, yScale=0.0], y=0]]], right=5.0]], right=ConstMulSampler[left=ConstSubSampler[left=1.0, right=Sampler[input=ConstMulSampler[left=CachingDensitySampler[id=91, input=YSampler[input=SubSampler[left=ConstSubSampler[left=1.0, right=ConstMulSampler[left=YSampler[input=Sampler[x=-1343, y=0, z=-2901, metric=EUCLIDEAN], y=0], right=0.016129032]], right=ConstMulSampler[left=ConstAddSampler[left=CachingDensitySampler[id=1, input=YSampler[input=Sampler[noise=net.minecraft.world.level.levelgen.synth.NoiseStack$Perlin@1685443b, xzScale=1.0, yScale=0.0], y=0]], right=1.0], right=0.2]], y=0]], right=1.6666666], min=0.0, max=1.0]], right=5.0]], y=0]]], right=ConstantFunction[value=12.0]] ([770.0; 795.0]) and ConstantFunction[value=756.0] ([756.0; 756.0])
[12:13:09] [Worker-Main-2/WARN]: Compiling a MIN function between two non-overlapping inputs: BinaryFunction[type=SUB, left=PreparedCache[id=388, range=[782.0; 807.0], domainAxes=5, cachingSampler=CachingDensitySampler[id=388, input=YSampler[input=SubSampler[left=ConstSubSampler[left=802.0, right=ConstMulSampler[left=ConstSubSampler[left=1.0, right=CachingDensitySampler[id=215, input=YSampler[input=Sampler[noise=net.minecraft.world.level.levelgen.synth.NoiseStack$Perlin@6d3d3247, xzScale=1.0, yScale=0.0], y=0]]], right=5.0]], right=ConstMulSampler[left=ConstSubSampler[left=1.0, right=Sampler[input=ConstMulSampler[left=CachingDensitySampler[id=91, input=YSampler[input=SubSampler[left=ConstSubSampler[left=1.0, right=ConstMulSampler[left=YSampler[input=Sampler[x=-1343, y=0, z=-2901, metric=EUCLIDEAN], y=0], right=0.016129032]], right=ConstMulSampler[left=ConstAddSampler[left=CachingDensitySampler[id=1, input=YSampler[input=Sampler[noise=net.minecraft.world.level.levelgen.synth.NoiseStack$Perlin@1685443b, xzScale=1.0, yScale=0.0], y=0]], right=1.0], right=0.2]], y=0]], right=1.6666666], min=0.0, max=1.0]], right=5.0]], y=0]]], right=ConstantFunction[value=12.0]] ([770.0; 795.0]) and ConstantFunction[value=756.0] ([756.0; 756.0])
[12:13:09] [Worker-Main-2/WARN]: Compiling a MIN function between two non-overlapping inputs: BinaryFunction[type=SUB, left=PreparedCache[id=390, range=[681.0; 727.0], domainAxes=5, cachingSampler=CachingDensitySampler[id=390, input=YSampler[input=SubSampler[left=ConstSubSampler[left=718.0, right=ConstMulSampler[left=ConstSubSampler[left=1.0, right=CachingDensitySampler[id=215, input=YSampler[input=Sampler[noise=net.minecraft.world.level.levelgen.synth.NoiseStack$Perlin@6d3d3247, xzScale=1.0, yScale=0.0], y=0]]], right=9.0]], right=ConstMulSampler[left=ConstSubSampler[left=1.0, right=Sampler[input=ConstMulSampler[left=CachingDensitySampler[id=86, input=YSampler[input=SubSampler[left=ConstSubSampler[left=1.0, right=ConstMulSampler[left=YSampler[input=Sampler[x=-864, y=0, z=-3445, metric=EUCLIDEAN], y=0], right=0.005076142]], right=ConstMulSampler[left=ConstAddSampler[left=CachingDensitySampler[id=1, input=YSampler[input=Sampler[noise=net.minecraft.world.level.levelgen.synth.NoiseStack$Perlin@1685443b, xzScale=1.0, yScale=0.0], y=0]], right=1.0], right=0.2]], y=0]], right=1.6666666], min=0.0, max=1.0]], right=10.0]], y=0]]], right=ConstantFunction[value=12.0]] ([669.0; 715.0]) and ConstantFunction[value=664.0] ([664.0; 664.0])
[12:13:09] [Worker-Main-2/WARN]: Compiling a MIN function between two non-overlapping inputs: BinaryFunction[type=SUB, left=PreparedCache[id=390, range=[681.0; 727.0], domainAxes=5, cachingSampler=CachingDensitySampler[id=390, input=YSampler[input=SubSampler[left=ConstSubSampler[left=718.0, right=ConstMulSampler[left=ConstSubSampler[left=1.0, right=CachingDensitySampler[id=215, input=YSampler[input=Sampler[noise=net.minecraft.world.level.levelgen.synth.NoiseStack$Perlin@6d3d3247, xzScale=1.0, yScale=0.0], y=0]]], right=9.0]], right=ConstMulSampler[left=ConstSubSampler[left=1.0, right=Sampler[input=ConstMulSampler[left=CachingDensitySampler[id=86, input=YSampler[input=SubSampler[left=ConstSubSampler[left=1.0, right=ConstMulSampler[left=YSampler[input=Sampler[x=-864, y=0, z=-3445, metric=EUCLIDEAN], y=0], right=0.005076142]], right=ConstMulSampler[left=ConstAddSampler[left=CachingDensitySampler[id=1, input=YSampler[input=Sampler[noise=net.minecraft.world.level.levelgen.synth.NoiseStack$Perlin@1685443b, xzScale=1.0, yScale=0.0], y=0]], right=1.0], right=0.2]], y=0]], right=1.6666666], min=0.0, max=1.0]], right=10.0]], y=0]]], right=ConstantFunction[value=12.0]] ([669.0; 715.0]) and ConstantFunction[value=664.0] ([664.0; 664.0])
[12:13:09] [Worker-Main-2/WARN]: Compiling a MIN function between two non-overlapping inputs: BinaryFunction[type=SUB, left=PreparedCache[id=396, range=[-1121.1; -1108.0], domainAxes=5, cachingSampler=CachingDensitySampler[id=396, input=YSampler[input=SubSampler[left=ConstSubSampler[left=-1110.0, right=ConstMulSampler[left=ConstSubSampler[left=1.0, right=CachingDensitySampler[id=215, input=YSampler[input=Sampler[noise=net.minecraft.world.level.levelgen.synth.NoiseStack$Perlin@6d3d3247, xzScale=1.0, yScale=0.0], y=0]]], right=2.0]], right=ConstMulSampler[left=ConstSubSampler[left=1.0, right=Sampler[input=ConstMulSampler[left=CachingDensitySampler[id=155, input=YSampler[input=SubSampler[left=ConstSubSampler[left=1.0, right=ConstMulSampler[left=YSampler[input=Sampler[x=1969, y=0, z=-2777, metric=EUCLIDEAN], y=0], right=0.015625]], right=ConstMulSampler[left=ConstAddSampler[left=CachingDensitySampler[id=1, input=YSampler[input=Sampler[noise=net.minecraft.world.level.levelgen.synth.NoiseStack$Perlin@1685443b, xzScale=1.0, yScale=0.0], y=0]], right=1.0], right=0.2]], y=0]], right=1.6666666], min=0.0, max=1.0]], right=5.1]], y=0]]], right=ConstantFunction[value=12.0]] ([-1133.1; -1120.0]) and ConstantFunction[value=-1150.0] ([-1150.0; -1150.0])
[12:13:09] [Worker-Main-2/WARN]: Compiling a MIN function between two non-overlapping inputs: BinaryFunction[type=SUB, left=PreparedCache[id=396, range=[-1121.1; -1108.0], domainAxes=5, cachingSampler=CachingDensitySampler[id=396, input=YSampler[input=SubSampler[left=ConstSubSampler[left=-1110.0, right=ConstMulSampler[left=ConstSubSampler[left=1.0, right=CachingDensitySampler[id=215, input=YSampler[input=Sampler[noise=net.minecraft.world.level.levelgen.synth.NoiseStack$Perlin@6d3d3247, xzScale=1.0, yScale=0.0], y=0]]], right=2.0]], right=ConstMulSampler[left=ConstSubSampler[left=1.0, right=Sampler[input=ConstMulSampler[left=CachingDensitySampler[id=155, input=YSampler[input=SubSampler[left=ConstSubSampler[left=1.0, right=ConstMulSampler[left=YSampler[input=Sampler[x=1969, y=0, z=-2777, metric=EUCLIDEAN], y=0], right=0.015625]], right=ConstMulSampler[left=ConstAddSampler[left=CachingDensitySampler[id=1, input=YSampler[input=Sampler[noise=net.minecraft.world.level.levelgen.synth.NoiseStack$Perlin@1685443b, xzScale=1.0, yScale=0.0], y=0]], right=1.0], right=0.2]], y=0]], right=1.6666666], min=0.0, max=1.0]], right=5.1]], y=0]]], right=ConstantFunction[value=12.0]] ([-1133.1; -1120.0]) and ConstantFunction[value=-1150.0] ([-1150.0; -1150.0])
[12:13:09] [Worker-Main-2/WARN]: Compiling a MIN function between two non-overlapping inputs: BinaryFunction[type=SUB, left=PreparedCache[id=398, range=[-1360.0; -1348.0], domainAxes=5, cachingSampler=CachingDensitySampler[id=398, input=YSampler[input=SubSampler[left=ConstSubSampler[left=-1350.0, right=ConstMulSampler[left=ConstSubSampler[left=1.0, right=CachingDensitySampler[id=215, input=YSampler[input=Sampler[noise=net.minecraft.world.level.levelgen.synth.NoiseStack$Perlin@6d3d3247, xzScale=1.0, yScale=0.0], y=0]]], right=2.0]], right=ConstMulSampler[left=ConstSubSampler[left=1.0, right=Sampler[input=ConstMulSampler[left=CachingDensitySampler[id=143, input=YSampler[input=SubSampler[left=ConstSubSampler[left=1.0, right=ConstMulSampler[left=YSampler[input=Sampler[x=1114, y=0, z=-3126, metric=EUCLIDEAN], y=0], right=0.01923077]], right=ConstMulSampler[left=ConstAddSampler[left=CachingDensitySampler[id=1, input=YSampler[input=Sampler[noise=net.minecraft.world.level.levelgen.synth.NoiseStack$Perlin@1685443b, xzScale=1.0, yScale=0.0], y=0]], right=1.0], right=0.2]], y=0]], right=1.6666666], min=0.0, max=1.0]], right=4.0]], y=0]]], right=ConstantFunction[value=12.0]] ([-1372.0; -1360.0]) and ConstantFunction[value=-1390.0] ([-1390.0; -1390.0])
[12:13:09] [Worker-Main-2/WARN]: Compiling a MIN function between two non-overlapping inputs: BinaryFunction[type=SUB, left=PreparedCache[id=398, range=[-1360.0; -1348.0], domainAxes=5, cachingSampler=CachingDensitySampler[id=398, input=YSampler[input=SubSampler[left=ConstSubSampler[left=-1350.0, right=ConstMulSampler[left=ConstSubSampler[left=1.0, right=CachingDensitySampler[id=215, input=YSampler[input=Sampler[noise=net.minecraft.world.level.levelgen.synth.NoiseStack$Perlin@6d3d3247, xzScale=1.0, yScale=0.0], y=0]]], right=2.0]], right=ConstMulSampler[left=ConstSubSampler[left=1.0, right=Sampler[input=ConstMulSampler[left=CachingDensitySampler[id=143, input=YSampler[input=SubSampler[left=ConstSubSampler[left=1.0, right=ConstMulSampler[left=YSampler[input=Sampler[x=1114, y=0, z=-3126, metric=EUCLIDEAN], y=0], right=0.01923077]], right=ConstMulSampler[left=ConstAddSampler[left=CachingDensitySampler[id=1, input=YSampler[input=Sampler[noise=net.minecraft.world.level.levelgen.synth.NoiseStack$Perlin@1685443b, xzScale=1.0, yScale=0.0], y=0]], right=1.0], right=0.2]], y=0]], right=1.6666666], min=0.0, max=1.0]], right=4.0]], y=0]]], right=ConstantFunction[value=12.0]] ([-1372.0; -1360.0]) and ConstantFunction[value=-1390.0] ([-1390.0; -1390.0])
[12:13:09] [Worker-Main-2/WARN]: Compiling a MIN function between two non-overlapping inputs: BinaryFunction[type=SUB, left=PreparedCache[id=402, range=[-1162.8; -1148.0], domainAxes=5, cachingSampler=CachingDensitySampler[id=402, input=YSampler[input=SubSampler[left=ConstSubSampler[left=-1150.0, right=ConstMulSampler[left=ConstSubSampler[left=1.0, right=CachingDensitySampler[id=215, input=YSampler[input=Sampler[noise=net.minecraft.world.level.levelgen.synth.NoiseStack$Perlin@6d3d3247, xzScale=1.0, yScale=0.0], y=0]]], right=2.0]], right=ConstMulSampler[left=ConstSubSampler[left=1.0, right=Sampler[input=ConstMulSampler[left=CachingDensitySampler[id=130, input=YSampler[input=SubSampler[left=ConstSubSampler[left=1.0, right=ConstMulSampler[left=YSampler[input=Sampler[x=1106, y=0, z=-3663, metric=EUCLIDEAN], y=0], right=0.013513514]], right=ConstMulSampler[left=ConstAddSampler[left=CachingDensitySampler[id=1, input=YSampler[input=Sampler[noise=net.minecraft.world.level.levelgen.synth.NoiseStack$Perlin@1685443b, xzScale=1.0, yScale=0.0], y=0]], right=1.0], right=0.2]], y=0]], right=1.6666666], min=0.0, max=1.0]], right=6.8]], y=0]]], right=ConstantFunction[value=12.0]] ([-1174.8; -1160.0]) and ConstantFunction[value=-1190.0] ([-1190.0; -1190.0])
[12:13:09] [Worker-Main-2/WARN]: Compiling a MIN function between two non-overlapping inputs: BinaryFunction[type=SUB, left=PreparedCache[id=402, range=[-1162.8; -1148.0], domainAxes=5, cachingSampler=CachingDensitySampler[id=402, input=YSampler[input=SubSampler[left=ConstSubSampler[left=-1150.0, right=ConstMulSampler[left=ConstSubSampler[left=1.0, right=CachingDensitySampler[id=215, input=YSampler[input=Sampler[noise=net.minecraft.world.level.levelgen.synth.NoiseStack$Perlin@6d3d3247, xzScale=1.0, yScale=0.0], y=0]]], right=2.0]], right=ConstMulSampler[left=ConstSubSampler[left=1.0, right=Sampler[input=ConstMulSampler[left=CachingDensitySampler[id=130, input=YSampler[input=SubSampler[left=ConstSubSampler[left=1.0, right=ConstMulSampler[left=YSampler[input=Sampler[x=1106, y=0, z=-3663, metric=EUCLIDEAN], y=0], right=0.013513514]], right=ConstMulSampler[left=ConstAddSampler[left=CachingDensitySampler[id=1, input=YSampler[input=Sampler[noise=net.minecraft.world.level.levelgen.synth.NoiseStack$Perlin@1685443b, xzScale=1.0, yScale=0.0], y=0]], right=1.0], right=0.2]], y=0]], right=1.6666666], min=0.0, max=1.0]], right=6.8]], y=0]]], right=ConstantFunction[value=12.0]] ([-1174.8; -1160.0]) and ConstantFunction[value=-1190.0] ([-1190.0; -1190.0])
[12:13:09] [Worker-Main-2/WARN]: Compiling a MIN function between two non-overlapping inputs: BinaryFunction[type=SUB, left=PreparedCache[id=438, range=[582.5; 602.5], domainAxes=5, cachingSampler=CachingDensitySampler[id=438, input=YSampler[input=SubSampler[left=ConstSubSampler[left=600.0, right=ConstMulSampler[left=ConstSubSampler[left=1.0, right=CachingDensitySampler[id=215, input=YSampler[input=Sampler[noise=net.minecraft.world.level.levelgen.synth.NoiseStack$Perlin@6d3d3247, xzScale=1.0, yScale=0.0], y=0]]], right=2.5]], right=ConstMulSampler[left=ConstSubSampler[left=1.0, right=Sampler[input=ConstMulSampler[left=CachingDensitySampler[id=204, input=YSampler[input=SubSampler[left=ConstSubSampler[left=1.0, right=ConstMulSampler[left=YSampler[input=Sampler[x=3420, y=0, z=3420, metric=EUCLIDEAN], y=0], right=0.004166667]], right=ConstMulSampler[left=ConstAddSampler[left=CachingDensitySampler[id=1, input=YSampler[input=Sampler[noise=net.minecraft.world.level.levelgen.synth.NoiseStack$Perlin@1685443b, xzScale=1.0, yScale=0.0], y=0]], right=1.0], right=0.2]], y=0]], right=1.6666666], min=0.0, max=1.0]], right=10.0]], y=0]]], right=ConstantFunction[value=12.0]] ([570.5; 590.5]) and ConstantFunction[value=559.0] ([559.0; 559.0])
[12:13:09] [Worker-Main-2/WARN]: Compiling a MIN function between two non-overlapping inputs: BinaryFunction[type=SUB, left=PreparedCache[id=438, range=[582.5; 602.5], domainAxes=5, cachingSampler=CachingDensitySampler[id=438, input=YSampler[input=SubSampler[left=ConstSubSampler[left=600.0, right=ConstMulSampler[left=ConstSubSampler[left=1.0, right=CachingDensitySampler[id=215, input=YSampler[input=Sampler[noise=net.minecraft.world.level.levelgen.synth.NoiseStack$Perlin@6d3d3247, xzScale=1.0, yScale=0.0], y=0]]], right=2.5]], right=ConstMulSampler[left=ConstSubSampler[left=1.0, right=Sampler[input=ConstMulSampler[left=CachingDensitySampler[id=204, input=YSampler[input=SubSampler[left=ConstSubSampler[left=1.0, right=ConstMulSampler[left=YSampler[input=Sampler[x=3420, y=0, z=3420, metric=EUCLIDEAN], y=0], right=0.004166667]], right=ConstMulSampler[left=ConstAddSampler[left=CachingDensitySampler[id=1, input=YSampler[input=Sampler[noise=net.minecraft.world.level.levelgen.synth.NoiseStack$Perlin@1685443b, xzScale=1.0, yScale=0.0], y=0]], right=1.0], right=0.2]], y=0]], right=1.6666666], min=0.0, max=1.0]], right=10.0]], y=0]]], right=ConstantFunction[value=12.0]] ([570.5; 590.5]) and ConstantFunction[value=559.0] ([559.0; 559.0])
[12:13:09] [Worker-Main-2/WARN]: Compiling a MIN function between two non-overlapping inputs: BinaryFunction[type=SUB, left=PreparedCache[id=440, range=[594.6; 610.5], domainAxes=5, cachingSampler=CachingDensitySampler[id=440, input=YSampler[input=SubSampler[left=ConstSubSampler[left=608.0, right=ConstMulSampler[left=ConstSubSampler[left=1.0, right=CachingDensitySampler[id=215, input=YSampler[input=Sampler[noise=net.minecraft.world.level.levelgen.synth.NoiseStack$Perlin@6d3d3247, xzScale=1.0, yScale=0.0], y=0]]], right=2.5]], right=ConstMulSampler[left=ConstSubSampler[left=1.0, right=Sampler[input=ConstMulSampler[left=CachingDensitySampler[id=211, input=YSampler[input=SubSampler[left=ConstSubSampler[left=1.0, right=ConstMulSampler[left=YSampler[input=Sampler[x=3740, y=0, z=3198, metric=EUCLIDEAN], y=0], right=0.016949153]], right=ConstMulSampler[left=ConstAddSampler[left=CachingDensitySampler[id=1, input=YSampler[input=Sampler[noise=net.minecraft.world.level.levelgen.synth.NoiseStack$Perlin@1685443b, xzScale=1.0, yScale=0.0], y=0]], right=1.0], right=0.2]], y=0]], right=1.6666666], min=0.0, max=1.0]], right=5.9]], y=0]]], right=ConstantFunction[value=12.0]] ([582.6; 598.5]) and ConstantFunction[value=567.0] ([567.0; 567.0])
[12:13:09] [Worker-Main-2/WARN]: Compiling a MIN function between two non-overlapping inputs: BinaryFunction[type=SUB, left=PreparedCache[id=440, range=[594.6; 610.5], domainAxes=5, cachingSampler=CachingDensitySampler[id=440, input=YSampler[input=SubSampler[left=ConstSubSampler[left=608.0, right=ConstMulSampler[left=ConstSubSampler[left=1.0, right=CachingDensitySampler[id=215, input=YSampler[input=Sampler[noise=net.minecraft.world.level.levelgen.synth.NoiseStack$Perlin@6d3d3247, xzScale=1.0, yScale=0.0], y=0]]], right=2.5]], right=ConstMulSampler[left=ConstSubSampler[left=1.0, right=Sampler[input=ConstMulSampler[left=CachingDensitySampler[id=211, input=YSampler[input=SubSampler[left=ConstSubSampler[left=1.0, right=ConstMulSampler[left=YSampler[input=Sampler[x=3740, y=0, z=3198, metric=EUCLIDEAN], y=0], right=0.016949153]], right=ConstMulSampler[left=ConstAddSampler[left=CachingDensitySampler[id=1, input=YSampler[input=Sampler[noise=net.minecraft.world.level.levelgen.synth.NoiseStack$Perlin@1685443b, xzScale=1.0, yScale=0.0], y=0]], right=1.0], right=0.2]], y=0]], right=1.6666666], min=0.0, max=1.0]], right=5.9]], y=0]]], right=ConstantFunction[value=12.0]] ([582.6; 598.5]) and ConstantFunction[value=567.0] ([567.0; 567.0])
[12:13:09] [Worker-Main-2/WARN]: Compiling a MIN function between two non-overlapping inputs: BinaryFunction[type=SUB, left=PreparedCache[id=442, range=[506.5; 526.5], domainAxes=5, cachingSampler=CachingDensitySampler[id=442, input=YSampler[input=SubSampler[left=ConstSubSampler[left=524.0, right=ConstMulSampler[left=ConstSubSampler[left=1.0, right=CachingDensitySampler[id=215, input=YSampler[input=Sampler[noise=net.minecraft.world.level.levelgen.synth.NoiseStack$Perlin@6d3d3247, xzScale=1.0, yScale=0.0], y=0]]], right=2.5]], right=ConstMulSampler[left=ConstSubSampler[left=1.0, right=Sampler[input=ConstMulSampler[left=CachingDensitySampler[id=186, input=YSampler[input=SubSampler[left=ConstSubSampler[left=1.0, right=ConstMulSampler[left=YSampler[input=Sampler[x=3025, y=0, z=3662, metric=EUCLIDEAN], y=0], right=0.005235602]], right=ConstMulSampler[left=ConstAddSampler[left=CachingDensitySampler[id=1, input=YSampler[input=Sampler[noise=net.minecraft.world.level.levelgen.synth.NoiseStack$Perlin@1685443b, xzScale=1.0, yScale=0.0], y=0]], right=1.0], right=0.2]], y=0]], right=1.6666666], min=0.0, max=1.0]], right=10.0]], y=0]]], right=ConstantFunction[value=12.0]] ([494.5; 514.5]) and ConstantFunction[value=483.0] ([483.0; 483.0])
[12:13:09] [Worker-Main-2/WARN]: Compiling a MIN function between two non-overlapping inputs: BinaryFunction[type=SUB, left=PreparedCache[id=442, range=[506.5; 526.5], domainAxes=5, cachingSampler=CachingDensitySampler[id=442, input=YSampler[input=SubSampler[left=ConstSubSampler[left=524.0, right=ConstMulSampler[left=ConstSubSampler[left=1.0, right=CachingDensitySampler[id=215, input=YSampler[input=Sampler[noise=net.minecraft.world.level.levelgen.synth.NoiseStack$Perlin@6d3d3247, xzScale=1.0, yScale=0.0], y=0]]], right=2.5]], right=ConstMulSampler[left=ConstSubSampler[left=1.0, right=Sampler[input=ConstMulSampler[left=CachingDensitySampler[id=186, input=YSampler[input=SubSampler[left=ConstSubSampler[left=1.0, right=ConstMulSampler[left=YSampler[input=Sampler[x=3025, y=0, z=3662, metric=EUCLIDEAN], y=0], right=0.005235602]], right=ConstMulSampler[left=ConstAddSampler[left=CachingDensitySampler[id=1, input=YSampler[input=Sampler[noise=net.minecraft.world.level.levelgen.synth.NoiseStack$Perlin@1685443b, xzScale=1.0, yScale=0.0], y=0]], right=1.0], right=0.2]], y=0]], right=1.6666666], min=0.0, max=1.0]], right=10.0]], y=0]]], right=ConstantFunction[value=12.0]] ([494.5; 514.5]) and ConstantFunction[value=483.0] ([483.0; 483.0])
[12:13:09] [Worker-Main-2/WARN]: Compiling a MIN function between two non-overlapping inputs: BinaryFunction[type=SUB, left=PreparedCache[id=444, range=[498.1; 514.5], domainAxes=5, cachingSampler=CachingDensitySampler[id=444, input=YSampler[input=SubSampler[left=ConstSubSampler[left=512.0, right=ConstMulSampler[left=ConstSubSampler[left=1.0, right=CachingDensitySampler[id=215, input=YSampler[input=Sampler[noise=net.minecraft.world.level.levelgen.synth.NoiseStack$Perlin@6d3d3247, xzScale=1.0, yScale=0.0], y=0]]], right=2.5]], right=ConstMulSampler[left=ConstSubSampler[left=1.0, right=Sampler[input=ConstMulSampler[left=CachingDensitySampler[id=212, input=YSampler[input=SubSampler[left=ConstSubSampler[left=1.0, right=ConstMulSampler[left=YSampler[input=Sampler[x=3859, y=0, z=3413, metric=EUCLIDEAN], y=0], right=0.014285714]], right=ConstMulSampler[left=ConstAddSampler[left=CachingDensitySampler[id=1, input=YSampler[input=Sampler[noise=net.minecraft.world.level.levelgen.synth.NoiseStack$Perlin@1685443b, xzScale=1.0, yScale=0.0], y=0]], right=1.0], right=0.2]], y=0]], right=1.6666666], min=0.0, max=1.0]], right=6.4]], y=0]]], right=ConstantFunction[value=12.0]] ([486.1; 502.5]) and ConstantFunction[value=471.0] ([471.0; 471.0])
[12:13:09] [Worker-Main-2/WARN]: Compiling a MIN function between two non-overlapping inputs: BinaryFunction[type=SUB, left=PreparedCache[id=444, range=[498.1; 514.5], domainAxes=5, cachingSampler=CachingDensitySampler[id=444, input=YSampler[input=SubSampler[left=ConstSubSampler[left=512.0, right=ConstMulSampler[left=ConstSubSampler[left=1.0, right=CachingDensitySampler[id=215, input=YSampler[input=Sampler[noise=net.minecraft.world.level.levelgen.synth.NoiseStack$Perlin@6d3d3247, xzScale=1.0, yScale=0.0], y=0]]], right=2.5]], right=ConstMulSampler[left=ConstSubSampler[left=1.0, right=Sampler[input=ConstMulSampler[left=CachingDensitySampler[id=212, input=YSampler[input=SubSampler[left=ConstSubSampler[left=1.0, right=ConstMulSampler[left=YSampler[input=Sampler[x=3859, y=0, z=3413, metric=EUCLIDEAN], y=0], right=0.014285714]], right=ConstMulSampler[left=ConstAddSampler[left=CachingDensitySampler[id=1, input=YSampler[input=Sampler[noise=net.minecraft.world.level.levelgen.synth.NoiseStack$Perlin@1685443b, xzScale=1.0, yScale=0.0], y=0]], right=1.0], right=0.2]], y=0]], right=1.6666666], min=0.0, max=1.0]], right=6.4]], y=0]]], right=ConstantFunction[value=12.0]] ([486.1; 502.5]) and ConstantFunction[value=471.0] ([471.0; 471.0])
[12:13:09] [Worker-Main-2/WARN]: Compiling a MIN function between two non-overlapping inputs: BinaryFunction[type=SUB, left=PreparedCache[id=446, range=[526.5; 546.5], domainAxes=5, cachingSampler=CachingDensitySampler[id=446, input=YSampler[input=SubSampler[left=ConstSubSampler[left=544.0, right=ConstMulSampler[left=ConstSubSampler[left=1.0, right=CachingDensitySampler[id=215, input=YSampler[input=Sampler[noise=net.minecraft.world.level.levelgen.synth.NoiseStack$Perlin@6d3d3247, xzScale=1.0, yScale=0.0], y=0]]], right=2.5]], right=ConstMulSampler[left=ConstSubSampler[left=1.0, right=Sampler[input=ConstMulSampler[left=CachingDensitySampler[id=203, input=YSampler[input=SubSampler[left=ConstSubSampler[left=1.0, right=ConstMulSampler[left=YSampler[input=Sampler[x=3473, y=0, z=2967, metric=EUCLIDEAN], y=0], right=0.0057142857]], right=ConstMulSampler[left=ConstAddSampler[left=CachingDensitySampler[id=1, input=YSampler[input=Sampler[noise=net.minecraft.world.level.levelgen.synth.NoiseStack$Perlin@1685443b, xzScale=1.0, yScale=0.0], y=0]], right=1.0], right=0.2]], y=0]], right=1.6666666], min=0.0, max=1.0]], right=10.0]], y=0]]], right=ConstantFunction[value=12.0]] ([514.5; 534.5]) and ConstantFunction[value=503.0] ([503.0; 503.0])
[12:13:09] [Worker-Main-2/WARN]: Compiling a MIN function between two non-overlapping inputs: BinaryFunction[type=SUB, left=PreparedCache[id=446, range=[526.5; 546.5], domainAxes=5, cachingSampler=CachingDensitySampler[id=446, input=YSampler[input=SubSampler[left=ConstSubSampler[left=544.0, right=ConstMulSampler[left=ConstSubSampler[left=1.0, right=CachingDensitySampler[id=215, input=YSampler[input=Sampler[noise=net.minecraft.world.level.levelgen.synth.NoiseStack$Perlin@6d3d3247, xzScale=1.0, yScale=0.0], y=0]]], right=2.5]], right=ConstMulSampler[left=ConstSubSampler[left=1.0, right=Sampler[input=ConstMulSampler[left=CachingDensitySampler[id=203, input=YSampler[input=SubSampler[left=ConstSubSampler[left=1.0, right=ConstMulSampler[left=YSampler[input=Sampler[x=3473, y=0, z=2967, metric=EUCLIDEAN], y=0], right=0.0057142857]], right=ConstMulSampler[left=ConstAddSampler[left=CachingDensitySampler[id=1, input=YSampler[input=Sampler[noise=net.minecraft.world.level.levelgen.synth.NoiseStack$Perlin@1685443b, xzScale=1.0, yScale=0.0], y=0]], right=1.0], right=0.2]], y=0]], right=1.6666666], min=0.0, max=1.0]], right=10.0]], y=0]]], right=ConstantFunction[value=12.0]] ([514.5; 534.5]) and ConstantFunction[value=503.0] ([503.0; 503.0])
[12:13:09] [Worker-Main-2/WARN]: Compiling a MIN function between two non-overlapping inputs: BinaryFunction[type=SUB, left=PreparedCache[id=448, range=[-928.0; -894.0], domainAxes=5, cachingSampler=CachingDensitySampler[id=448, input=YSampler[input=SubSampler[left=ConstSubSampler[left=-900.0, right=ConstMulSampler[left=ConstSubSampler[left=1.0, right=CachingDensitySampler[id=215, input=YSampler[input=Sampler[noise=net.minecraft.world.level.levelgen.synth.NoiseStack$Perlin@6d3d3247, xzScale=1.0, yScale=0.0], y=0]]], right=6.0]], right=ConstMulSampler[left=ConstSubSampler[left=1.0, right=Sampler[input=ConstMulSampler[left=CachingDensitySampler[id=15, input=YSampler[input=SubSampler[left=ConstSubSampler[left=1.0, right=ConstMulSampler[left=YSampler[input=Sampler[x=-3380, y=0, z=3380, metric=EUCLIDEAN], y=0], right=0.0029411765]], right=ConstMulSampler[left=ConstAddSampler[left=CachingDensitySampler[id=1, input=YSampler[input=Sampler[noise=net.minecraft.world.level.levelgen.synth.NoiseStack$Perlin@1685443b, xzScale=1.0, yScale=0.0], y=0]], right=1.0], right=0.15764706]], y=0]], right=1.6666666], min=0.0, max=1.0]], right=10.0]], y=0]]], right=ConstantFunction[value=12.0]] ([-940.0; -906.0]) and ConstantFunction[value=-948.0] ([-948.0; -948.0])
[12:13:09] [Worker-Main-2/WARN]: Compiling a MIN function between two non-overlapping inputs: BinaryFunction[type=SUB, left=PreparedCache[id=448, range=[-928.0; -894.0], domainAxes=5, cachingSampler=CachingDensitySampler[id=448, input=YSampler[input=SubSampler[left=ConstSubSampler[left=-900.0, right=ConstMulSampler[left=ConstSubSampler[left=1.0, right=CachingDensitySampler[id=215, input=YSampler[input=Sampler[noise=net.minecraft.world.level.levelgen.synth.NoiseStack$Perlin@6d3d3247, xzScale=1.0, yScale=0.0], y=0]]], right=6.0]], right=ConstMulSampler[left=ConstSubSampler[left=1.0, right=Sampler[input=ConstMulSampler[left=CachingDensitySampler[id=15, input=YSampler[input=SubSampler[left=ConstSubSampler[left=1.0, right=ConstMulSampler[left=YSampler[input=Sampler[x=-3380, y=0, z=3380, metric=EUCLIDEAN], y=0], right=0.0029411765]], right=ConstMulSampler[left=ConstAddSampler[left=CachingDensitySampler[id=1, input=YSampler[input=Sampler[noise=net.minecraft.world.level.levelgen.synth.NoiseStack$Perlin@1685443b, xzScale=1.0, yScale=0.0], y=0]], right=1.0], right=0.15764706]], y=0]], right=1.6666666], min=0.0, max=1.0]], right=10.0]], y=0]]], right=ConstantFunction[value=12.0]] ([-940.0; -906.0]) and ConstantFunction[value=-948.0] ([-948.0; -948.0])
[12:13:09] [Worker-Main-2/WARN]: Compiling a MIN function between two non-overlapping inputs: BinaryFunction[type=SUB, left=PreparedCache[id=456, range=[-960.0; -926.0], domainAxes=5, cachingSampler=CachingDensitySampler[id=456, input=YSampler[input=SubSampler[left=ConstSubSampler[left=-932.0, right=ConstMulSampler[left=ConstSubSampler[left=1.0, right=CachingDensitySampler[id=215, input=YSampler[input=Sampler[noise=net.minecraft.world.level.levelgen.synth.NoiseStack$Perlin@6d3d3247, xzScale=1.0, yScale=0.0], y=0]]], right=6.0]], right=ConstMulSampler[left=ConstSubSampler[left=1.0, right=Sampler[input=ConstMulSampler[left=CachingDensitySampler[id=49, input=YSampler[input=SubSampler[left=ConstSubSampler[left=1.0, right=ConstMulSampler[left=YSampler[input=Sampler[x=-2797, y=0, z=3488, metric=EUCLIDEAN], y=0], right=0.01010101]], right=ConstMulSampler[left=ConstAddSampler[left=CachingDensitySampler[id=1, input=YSampler[input=Sampler[noise=net.minecraft.world.level.levelgen.synth.NoiseStack$Perlin@1685443b, xzScale=1.0, yScale=0.0], y=0]], right=1.0], right=0.2]], y=0]], right=1.6666666], min=0.0, max=1.0]], right=10.0]], y=0]]], right=ConstantFunction[value=12.0]] ([-972.0; -938.0]) and ConstantFunction[value=-980.0] ([-980.0; -980.0])
[12:13:09] [Worker-Main-2/WARN]: Compiling a MIN function between two non-overlapping inputs: BinaryFunction[type=SUB, left=PreparedCache[id=456, range=[-960.0; -926.0], domainAxes=5, cachingSampler=CachingDensitySampler[id=456, input=YSampler[input=SubSampler[left=ConstSubSampler[left=-932.0, right=ConstMulSampler[left=ConstSubSampler[left=1.0, right=CachingDensitySampler[id=215, input=YSampler[input=Sampler[noise=net.minecraft.world.level.levelgen.synth.NoiseStack$Perlin@6d3d3247, xzScale=1.0, yScale=0.0], y=0]]], right=6.0]], right=ConstMulSampler[left=ConstSubSampler[left=1.0, right=Sampler[input=ConstMulSampler[left=CachingDensitySampler[id=49, input=YSampler[input=SubSampler[left=ConstSubSampler[left=1.0, right=ConstMulSampler[left=YSampler[input=Sampler[x=-2797, y=0, z=3488, metric=EUCLIDEAN], y=0], right=0.01010101]], right=ConstMulSampler[left=ConstAddSampler[left=CachingDensitySampler[id=1, input=YSampler[input=Sampler[noise=net.minecraft.world.level.levelgen.synth.NoiseStack$Perlin@1685443b, xzScale=1.0, yScale=0.0], y=0]], right=1.0], right=0.2]], y=0]], right=1.6666666], min=0.0, max=1.0]], right=10.0]], y=0]]], right=ConstantFunction[value=12.0]] ([-972.0; -938.0]) and ConstantFunction[value=-980.0] ([-980.0; -980.0])
[12:13:09] [Worker-Main-2/WARN]: Compiling a MIN function between two non-overlapping inputs: BinaryFunction[type=SUB, left=PreparedCache[id=458, range=[-850.5; -795.5], domainAxes=5, cachingSampler=CachingDensitySampler[id=458, input=YSampler[input=SubSampler[left=ConstSubSampler[left=-808.0, right=ConstMulSampler[left=ConstSubSampler[left=1.0, right=CachingDensitySampler[id=215, input=YSampler[input=Sampler[noise=net.minecraft.world.level.levelgen.synth.NoiseStack$Perlin@6d3d3247, xzScale=1.0, yScale=0.0], y=0]]], right=12.5]], right=ConstMulSampler[left=ConstSubSampler[left=1.0, right=Sampler[input=ConstMulSampler[left=CachingDensitySampler[id=50, input=YSampler[input=SubSampler[left=ConstSubSampler[left=1.0, right=ConstMulSampler[left=YSampler[input=Sampler[x=-2828, y=0, z=3276, metric=EUCLIDEAN], y=0], right=0.01754386]], right=ConstMulSampler[left=ConstAddSampler[left=CachingDensitySampler[id=1, input=YSampler[input=Sampler[noise=net.minecraft.world.level.levelgen.synth.NoiseStack$Perlin@1685443b, xzScale=1.0, yScale=0.0], y=0]], right=1.0], right=0.2]], y=0]], right=1.6666666], min=0.0, max=1.0]], right=5.0]], y=0]]], right=ConstantFunction[value=12.0]] ([-862.5; -807.5]) and ConstantFunction[value=-869.0] ([-869.0; -869.0])
[12:13:09] [Worker-Main-2/WARN]: Compiling a MIN function between two non-overlapping inputs: BinaryFunction[type=SUB, left=PreparedCache[id=458, range=[-850.5; -795.5], domainAxes=5, cachingSampler=CachingDensitySampler[id=458, input=YSampler[input=SubSampler[left=ConstSubSampler[left=-808.0, right=ConstMulSampler[left=ConstSubSampler[left=1.0, right=CachingDensitySampler[id=215, input=YSampler[input=Sampler[noise=net.minecraft.world.level.levelgen.synth.NoiseStack$Perlin@6d3d3247, xzScale=1.0, yScale=0.0], y=0]]], right=12.5]], right=ConstMulSampler[left=ConstSubSampler[left=1.0, right=Sampler[input=ConstMulSampler[left=CachingDensitySampler[id=50, input=YSampler[input=SubSampler[left=ConstSubSampler[left=1.0, right=ConstMulSampler[left=YSampler[input=Sampler[x=-2828, y=0, z=3276, metric=EUCLIDEAN], y=0], right=0.01754386]], right=ConstMulSampler[left=ConstAddSampler[left=CachingDensitySampler[id=1, input=YSampler[input=Sampler[noise=net.minecraft.world.level.levelgen.synth.NoiseStack$Perlin@1685443b, xzScale=1.0, yScale=0.0], y=0]], right=1.0], right=0.2]], y=0]], right=1.6666666], min=0.0, max=1.0]], right=5.0]], y=0]]], right=ConstantFunction[value=12.0]] ([-862.5; -807.5]) and ConstantFunction[value=-869.0] ([-869.0; -869.0])
[12:13:09] [Worker-Main-2/WARN]: Compiling a MIN function between two non-overlapping inputs: BinaryFunction[type=SUB, left=PreparedCache[id=460, range=[854.0; 912.0], domainAxes=5, cachingSampler=CachingDensitySampler[id=460, input=YSampler[input=SubSampler[left=ConstSubSampler[left=900.0, right=ConstMulSampler[left=ConstSubSampler[left=1.0, right=CachingDensitySampler[id=215, input=YSampler[input=Sampler[noise=net.minecraft.world.level.levelgen.synth.NoiseStack$Perlin@6d3d3247, xzScale=1.0, yScale=0.0], y=0]]], right=12.0]], right=ConstMulSampler[left=ConstSubSampler[left=1.0, right=Sampler[input=ConstMulSampler[left=CachingDensitySampler[id=156, input=YSampler[input=SubSampler[left=ConstSubSampler[left=1.0, right=ConstMulSampler[left=YSampler[input=Sampler[x=2200, y=0, z=-1500, metric=EUCLIDEAN], y=0], right=0.0033333334]], right=ConstMulSampler[left=ConstAddSampler[left=CachingDensitySampler[id=1, input=YSampler[input=Sampler[noise=net.minecraft.world.level.levelgen.synth.NoiseStack$Perlin@1685443b, xzScale=1.0, yScale=0.0], y=0]], right=1.0], right=0.17333333]], y=0]], right=1.6666666], min=0.0, max=1.0]], right=10.0]], y=0]]], right=ConstantFunction[value=12.0]] ([842.0; 900.0]) and ConstantFunction[value=840.0] ([840.0; 840.0])
[12:13:09] [Worker-Main-2/WARN]: Compiling a MIN function between two non-overlapping inputs: BinaryFunction[type=SUB, left=PreparedCache[id=460, range=[854.0; 912.0], domainAxes=5, cachingSampler=CachingDensitySampler[id=460, input=YSampler[input=SubSampler[left=ConstSubSampler[left=900.0, right=ConstMulSampler[left=ConstSubSampler[left=1.0, right=CachingDensitySampler[id=215, input=YSampler[input=Sampler[noise=net.minecraft.world.level.levelgen.synth.NoiseStack$Perlin@6d3d3247, xzScale=1.0, yScale=0.0], y=0]]], right=12.0]], right=ConstMulSampler[left=ConstSubSampler[left=1.0, right=Sampler[input=ConstMulSampler[left=CachingDensitySampler[id=156, input=YSampler[input=SubSampler[left=ConstSubSampler[left=1.0, right=ConstMulSampler[left=YSampler[input=Sampler[x=2200, y=0, z=-1500, metric=EUCLIDEAN], y=0], right=0.0033333334]], right=ConstMulSampler[left=ConstAddSampler[left=CachingDensitySampler[id=1, input=YSampler[input=Sampler[noise=net.minecraft.world.level.levelgen.synth.NoiseStack$Perlin@1685443b, xzScale=1.0, yScale=0.0], y=0]], right=1.0], right=0.17333333]], y=0]], right=1.6666666], min=0.0, max=1.0]], right=10.0]], y=0]]], right=ConstantFunction[value=12.0]] ([842.0; 900.0]) and ConstantFunction[value=840.0] ([840.0; 840.0])
[12:13:09] [Worker-Main-2/WARN]: Compiling a MIN function between two non-overlapping inputs: BinaryFunction[type=SUB, left=PreparedCache[id=462, range=[741.2; 801.0], domainAxes=5, cachingSampler=CachingDensitySampler[id=462, input=YSampler[input=SubSampler[left=ConstSubSampler[left=788.0, right=ConstMulSampler[left=ConstSubSampler[left=1.0, right=CachingDensitySampler[id=215, input=YSampler[input=Sampler[noise=net.minecraft.world.level.levelgen.synth.NoiseStack$Perlin@6d3d3247, xzScale=1.0, yScale=0.0], y=0]]], right=13.0]], right=ConstMulSampler[left=ConstSubSampler[left=1.0, right=Sampler[input=ConstMulSampler[left=CachingDensitySampler[id=157, input=YSampler[input=SubSampler[left=ConstSubSampler[left=1.0, right=ConstMulSampler[left=YSampler[input=Sampler[x=2024, y=0, z=-1868, metric=EUCLIDEAN], y=0], right=0.012048192]], right=ConstMulSampler[left=ConstAddSampler[left=CachingDensitySampler[id=1, input=YSampler[input=Sampler[noise=net.minecraft.world.level.levelgen.synth.NoiseStack$Perlin@1685443b, xzScale=1.0, yScale=0.0], y=0]], right=1.0], right=0.2]], y=0]], right=1.6666666], min=0.0, max=1.0]], right=7.8]], y=0]]], right=ConstantFunction[value=12.0]] ([729.2; 789.0]) and ConstantFunction[value=726.0] ([726.0; 726.0])
[12:13:09] [Worker-Main-2/WARN]: Compiling a MIN function between two non-overlapping inputs: BinaryFunction[type=SUB, left=PreparedCache[id=462, range=[741.2; 801.0], domainAxes=5, cachingSampler=CachingDensitySampler[id=462, input=YSampler[input=SubSampler[left=ConstSubSampler[left=788.0, right=ConstMulSampler[left=ConstSubSampler[left=1.0, right=CachingDensitySampler[id=215, input=YSampler[input=Sampler[noise=net.minecraft.world.level.levelgen.synth.NoiseStack$Perlin@6d3d3247, xzScale=1.0, yScale=0.0], y=0]]], right=13.0]], right=ConstMulSampler[left=ConstSubSampler[left=1.0, right=Sampler[input=ConstMulSampler[left=CachingDensitySampler[id=157, input=YSampler[input=SubSampler[left=ConstSubSampler[left=1.0, right=ConstMulSampler[left=YSampler[input=Sampler[x=2024, y=0, z=-1868, metric=EUCLIDEAN], y=0], right=0.012048192]], right=ConstMulSampler[left=ConstAddSampler[left=CachingDensitySampler[id=1, input=YSampler[input=Sampler[noise=net.minecraft.world.level.levelgen.synth.NoiseStack$Perlin@1685443b, xzScale=1.0, yScale=0.0], y=0]], right=1.0], right=0.2]], y=0]], right=1.6666666], min=0.0, max=1.0]], right=7.8]], y=0]]], right=ConstantFunction[value=12.0]] ([729.2; 789.0]) and ConstantFunction[value=726.0] ([726.0; 726.0])
[12:13:09] [Worker-Main-2/WARN]: Compiling a MIN function between two non-overlapping inputs: BinaryFunction[type=SUB, left=PreparedCache[id=466, range=[817.15; 862.25], domainAxes=5, cachingSampler=CachingDensitySampler[id=466, input=YSampler[input=SubSampler[left=ConstSubSampler[left=852.0, right=ConstMulSampler[left=ConstSubSampler[left=1.0, right=CachingDensitySampler[id=215, input=YSampler[input=Sampler[noise=net.minecraft.world.level.levelgen.synth.NoiseStack$Perlin@6d3d3247, xzScale=1.0, yScale=0.0], y=0]]], right=10.25]], right=ConstMulSampler[left=ConstSubSampler[left=1.0, right=Sampler[input=ConstMulSampler[left=CachingDensitySampler[id=158, input=YSampler[input=SubSampler[left=ConstSubSampler[left=1.0, right=ConstMulSampler[left=YSampler[input=Sampler[x=1837, y=0, z=-1794, metric=EUCLIDEAN], y=0], right=0.018518519]], right=ConstMulSampler[left=ConstAddSampler[left=CachingDensitySampler[id=1, input=YSampler[input=Sampler[noise=net.minecraft.world.level.levelgen.synth.NoiseStack$Perlin@1685443b, xzScale=1.0, yScale=0.0], y=0]], right=1.0], right=0.2]], y=0]], right=1.6666666], min=0.0, max=1.0]], right=4.1]], y=0]]], right=ConstantFunction[value=12.0]] ([805.15; 850.25]) and ConstantFunction[value=796.0] ([796.0; 796.0])
[12:13:09] [Worker-Main-2/WARN]: Compiling a MIN function between two non-overlapping inputs: BinaryFunction[type=SUB, left=PreparedCache[id=466, range=[817.15; 862.25], domainAxes=5, cachingSampler=CachingDensitySampler[id=466, input=YSampler[input=SubSampler[left=ConstSubSampler[left=852.0, right=ConstMulSampler[left=ConstSubSampler[left=1.0, right=CachingDensitySampler[id=215, input=YSampler[input=Sampler[noise=net.minecraft.world.level.levelgen.synth.NoiseStack$Perlin@6d3d3247, xzScale=1.0, yScale=0.0], y=0]]], right=10.25]], right=ConstMulSampler[left=ConstSubSampler[left=1.0, right=Sampler[input=ConstMulSampler[left=CachingDensitySampler[id=158, input=YSampler[input=SubSampler[left=ConstSubSampler[left=1.0, right=ConstMulSampler[left=YSampler[input=Sampler[x=1837, y=0, z=-1794, metric=EUCLIDEAN], y=0], right=0.018518519]], right=ConstMulSampler[left=ConstAddSampler[left=CachingDensitySampler[id=1, input=YSampler[input=Sampler[noise=net.minecraft.world.level.levelgen.synth.NoiseStack$Perlin@1685443b, xzScale=1.0, yScale=0.0], y=0]], right=1.0], right=0.2]], y=0]], right=1.6666666], min=0.0, max=1.0]], right=4.1]], y=0]]], right=ConstantFunction[value=12.0]] ([805.15; 850.25]) and ConstantFunction[value=796.0] ([796.0; 796.0])
[12:13:09] [Worker-Main-2/WARN]: Compiling a MIN function between two non-overlapping inputs: BinaryFunction[type=SUB, left=PreparedCache[id=468, range=[783.0; 845.0], domainAxes=5, cachingSampler=CachingDensitySampler[id=468, input=YSampler[input=SubSampler[left=ConstSubSampler[left=832.0, right=ConstMulSampler[left=ConstSubSampler[left=1.0, right=CachingDensitySampler[id=215, input=YSampler[input=Sampler[noise=net.minecraft.world.level.levelgen.synth.NoiseStack$Perlin@6d3d3247, xzScale=1.0, yScale=0.0], y=0]]], right=13.0]], right=ConstMulSampler[left=ConstSubSampler[left=1.0, right=Sampler[input=ConstMulSampler[left=CachingDensitySampler[id=160, input=YSampler[input=SubSampler[left=ConstSubSampler[left=1.0, right=ConstMulSampler[left=YSampler[input=Sampler[x=1857, y=0, z=-816, metric=EUCLIDEAN], y=0], right=0.007246377]], right=ConstMulSampler[left=ConstAddSampler[left=CachingDensitySampler[id=1, input=YSampler[input=Sampler[noise=net.minecraft.world.level.levelgen.synth.NoiseStack$Perlin@1685443b, xzScale=1.0, yScale=0.0], y=0]], right=1.0], right=0.2]], y=0]], right=1.6666666], min=0.0, max=1.0]], right=10.0]], y=0]]], right=ConstantFunction[value=12.0]] ([771.0; 833.0]) and ConstantFunction[value=770.0] ([770.0; 770.0])
[12:13:09] [Worker-Main-2/WARN]: Compiling a MIN function between two non-overlapping inputs: BinaryFunction[type=SUB, left=PreparedCache[id=468, range=[783.0; 845.0], domainAxes=5, cachingSampler=CachingDensitySampler[id=468, input=YSampler[input=SubSampler[left=ConstSubSampler[left=832.0, right=ConstMulSampler[left=ConstSubSampler[left=1.0, right=CachingDensitySampler[id=215, input=YSampler[input=Sampler[noise=net.minecraft.world.level.levelgen.synth.NoiseStack$Perlin@6d3d3247, xzScale=1.0, yScale=0.0], y=0]]], right=13.0]], right=ConstMulSampler[left=ConstSubSampler[left=1.0, right=Sampler[input=ConstMulSampler[left=CachingDensitySampler[id=160, input=YSampler[input=SubSampler[left=ConstSubSampler[left=1.0, right=ConstMulSampler[left=YSampler[input=Sampler[x=1857, y=0, z=-816, metric=EUCLIDEAN], y=0], right=0.007246377]], right=ConstMulSampler[left=ConstAddSampler[left=CachingDensitySampler[id=1, input=YSampler[input=Sampler[noise=net.minecraft.world.level.levelgen.synth.NoiseStack$Perlin@1685443b, xzScale=1.0, yScale=0.0], y=0]], right=1.0], right=0.2]], y=0]], right=1.6666666], min=0.0, max=1.0]], right=10.0]], y=0]]], right=ConstantFunction[value=12.0]] ([771.0; 833.0]) and ConstantFunction[value=770.0] ([770.0; 770.0])
[12:13:09] [Worker-Main-2/WARN]: Compiling a MIN function between two non-overlapping inputs: BinaryFunction[type=SUB, left=PreparedCache[id=476, range=[-177.9; -140.0], domainAxes=5, cachingSampler=CachingDensitySampler[id=476, input=YSampler[input=SubSampler[left=ConstSubSampler[left=-148.0, right=ConstMulSampler[left=ConstSubSampler[left=1.0, right=CachingDensitySampler[id=215, input=YSampler[input=Sampler[noise=net.minecraft.world.level.levelgen.synth.NoiseStack$Perlin@6d3d3247, xzScale=1.0, yScale=0.0], y=0]]], right=8.0]], right=ConstMulSampler[left=ConstSubSampler[left=1.0, right=Sampler[input=ConstMulSampler[left=CachingDensitySampler[id=103, input=YSampler[input=SubSampler[left=ConstSubSampler[left=1.0, right=ConstMulSampler[left=YSampler[input=Sampler[x=-494, y=0, z=-2825, metric=EUCLIDEAN], y=0], right=0.012987013]], right=ConstMulSampler[left=ConstAddSampler[left=CachingDensitySampler[id=1, input=YSampler[input=Sampler[noise=net.minecraft.world.level.levelgen.synth.NoiseStack$Perlin@1685443b, xzScale=1.0, yScale=0.0], y=0]], right=1.0], right=0.2]], y=0]], right=1.6666666], min=0.0, max=1.0]], right=5.9]], y=0]]], right=ConstantFunction[value=12.0]] ([-189.9; -152.0]) and ConstantFunction[value=-200.0] ([-200.0; -200.0])
[12:13:09] [Worker-Main-2/WARN]: Compiling a MIN function between two non-overlapping inputs: BinaryFunction[type=SUB, left=PreparedCache[id=476, range=[-177.9; -140.0], domainAxes=5, cachingSampler=CachingDensitySampler[id=476, input=YSampler[input=SubSampler[left=ConstSubSampler[left=-148.0, right=ConstMulSampler[left=ConstSubSampler[left=1.0, right=CachingDensitySampler[id=215, input=YSampler[input=Sampler[noise=net.minecraft.world.level.levelgen.synth.NoiseStack$Perlin@6d3d3247, xzScale=1.0, yScale=0.0], y=0]]], right=8.0]], right=ConstMulSampler[left=ConstSubSampler[left=1.0, right=Sampler[input=ConstMulSampler[left=CachingDensitySampler[id=103, input=YSampler[input=SubSampler[left=ConstSubSampler[left=1.0, right=ConstMulSampler[left=YSampler[input=Sampler[x=-494, y=0, z=-2825, metric=EUCLIDEAN], y=0], right=0.012987013]], right=ConstMulSampler[left=ConstAddSampler[left=CachingDensitySampler[id=1, input=YSampler[input=Sampler[noise=net.minecraft.world.level.levelgen.synth.NoiseStack$Perlin@1685443b, xzScale=1.0, yScale=0.0], y=0]], right=1.0], right=0.2]], y=0]], right=1.6666666], min=0.0, max=1.0]], right=5.9]], y=0]]], right=ConstantFunction[value=12.0]] ([-189.9; -152.0]) and ConstantFunction[value=-200.0] ([-200.0; -200.0])
[12:13:09] [Worker-Main-2/WARN]: Compiling a MIN function between two non-overlapping inputs: BinaryFunction[type=SUB, left=PreparedCache[id=482, range=[-837.0; -791.0], domainAxes=5, cachingSampler=CachingDensitySampler[id=482, input=YSampler[input=SubSampler[left=ConstSubSampler[left=-800.0, right=ConstMulSampler[left=ConstSubSampler[left=1.0, right=CachingDensitySampler[id=215, input=YSampler[input=Sampler[noise=net.minecraft.world.level.levelgen.synth.NoiseStack$Perlin@6d3d3247, xzScale=1.0, yScale=0.0], y=0]]], right=9.0]], right=ConstMulSampler[left=ConstSubSampler[left=1.0, right=Sampler[input=ConstMulSampler[left=CachingDensitySampler[id=174, input=YSampler[input=SubSampler[left=ConstSubSampler[left=1.0, right=ConstMulSampler[left=YSampler[input=Sampler[x=2500, y=0, z=2500, metric=EUCLIDEAN], y=0], right=0.0033333334]], right=ConstMulSampler[left=ConstAddSampler[left=CachingDensitySampler[id=1, input=YSampler[input=Sampler[noise=net.minecraft.world.level.levelgen.synth.NoiseStack$Perlin@1685443b, xzScale=1.0, yScale=0.0], y=0]], right=1.0], right=0.17333333]], y=0]], right=1.6666666], min=0.0, max=1.0]], right=10.0]], y=0]]], right=ConstantFunction[value=12.0]] ([-849.0; -803.0]) and ConstantFunction[value=-854.0] ([-854.0; -854.0])
[12:13:09] [Worker-Main-2/WARN]: Compiling a MIN function between two non-overlapping inputs: BinaryFunction[type=SUB, left=PreparedCache[id=482, range=[-837.0; -791.0], domainAxes=5, cachingSampler=CachingDensitySampler[id=482, input=YSampler[input=SubSampler[left=ConstSubSampler[left=-800.0, right=ConstMulSampler[left=ConstSubSampler[left=1.0, right=CachingDensitySampler[id=215, input=YSampler[input=Sampler[noise=net.minecraft.world.level.levelgen.synth.NoiseStack$Perlin@6d3d3247, xzScale=1.0, yScale=0.0], y=0]]], right=9.0]], right=ConstMulSampler[left=ConstSubSampler[left=1.0, right=Sampler[input=ConstMulSampler[left=CachingDensitySampler[id=174, input=YSampler[input=SubSampler[left=ConstSubSampler[left=1.0, right=ConstMulSampler[left=YSampler[input=Sampler[x=2500, y=0, z=2500, metric=EUCLIDEAN], y=0], right=0.0033333334]], right=ConstMulSampler[left=ConstAddSampler[left=CachingDensitySampler[id=1, input=YSampler[input=Sampler[noise=net.minecraft.world.level.levelgen.synth.NoiseStack$Perlin@1685443b, xzScale=1.0, yScale=0.0], y=0]], right=1.0], right=0.17333333]], y=0]], right=1.6666666], min=0.0, max=1.0]], right=10.0]], y=0]]], right=ConstantFunction[value=12.0]] ([-849.0; -803.0]) and ConstantFunction[value=-854.0] ([-854.0; -854.0])
[12:13:09] [Worker-Main-2/WARN]: Compiling a MIN function between two non-overlapping inputs: BinaryFunction[type=SUB, left=PreparedCache[id=488, range=[-753.0; -707.0], domainAxes=5, cachingSampler=CachingDensitySampler[id=488, input=YSampler[input=SubSampler[left=ConstSubSampler[left=-716.0, right=ConstMulSampler[left=ConstSubSampler[left=1.0, right=CachingDensitySampler[id=215, input=YSampler[input=Sampler[noise=net.minecraft.world.level.levelgen.synth.NoiseStack$Perlin@6d3d3247, xzScale=1.0, yScale=0.0], y=0]]], right=9.0]], right=ConstMulSampler[left=ConstSubSampler[left=1.0, right=Sampler[input=ConstMulSampler[left=CachingDensitySampler[id=185, input=YSampler[input=SubSampler[left=ConstSubSampler[left=1.0, right=ConstMulSampler[left=YSampler[input=Sampler[x=2759, y=0, z=2959, metric=EUCLIDEAN], y=0], right=0.0060975607]], right=ConstMulSampler[left=ConstAddSampler[left=CachingDensitySampler[id=1, input=YSampler[input=Sampler[noise=net.minecraft.world.level.levelgen.synth.NoiseStack$Perlin@1685443b, xzScale=1.0, yScale=0.0], y=0]], right=1.0], right=0.2]], y=0]], right=1.6666666], min=0.0, max=1.0]], right=10.0]], y=0]]], right=ConstantFunction[value=12.0]] ([-765.0; -719.0]) and ConstantFunction[value=-770.0] ([-770.0; -770.0])
[12:13:09] [Worker-Main-2/WARN]: Compiling a MIN function between two non-overlapping inputs: BinaryFunction[type=SUB, left=PreparedCache[id=488, range=[-753.0; -707.0], domainAxes=5, cachingSampler=CachingDensitySampler[id=488, input=YSampler[input=SubSampler[left=ConstSubSampler[left=-716.0, right=ConstMulSampler[left=ConstSubSampler[left=1.0, right=CachingDensitySampler[id=215, input=YSampler[input=Sampler[noise=net.minecraft.world.level.levelgen.synth.NoiseStack$Perlin@6d3d3247, xzScale=1.0, yScale=0.0], y=0]]], right=9.0]], right=ConstMulSampler[left=ConstSubSampler[left=1.0, right=Sampler[input=ConstMulSampler[left=CachingDensitySampler[id=185, input=YSampler[input=SubSampler[left=ConstSubSampler[left=1.0, right=ConstMulSampler[left=YSampler[input=Sampler[x=2759, y=0, z=2959, metric=EUCLIDEAN], y=0], right=0.0060975607]], right=ConstMulSampler[left=ConstAddSampler[left=CachingDensitySampler[id=1, input=YSampler[input=Sampler[noise=net.minecraft.world.level.levelgen.synth.NoiseStack$Perlin@1685443b, xzScale=1.0, yScale=0.0], y=0]], right=1.0], right=0.2]], y=0]], right=1.6666666], min=0.0, max=1.0]], right=10.0]], y=0]]], right=ConstantFunction[value=12.0]] ([-765.0; -719.0]) and ConstantFunction[value=-770.0] ([-770.0; -770.0])
[12:13:09] [Worker-Main-2/WARN]: Compiling a MIN function between two non-overlapping inputs: BinaryFunction[type=SUB, left=PreparedCache[id=498, range=[980.6; 994.0], domainAxes=5, cachingSampler=CachingDensitySampler[id=498, input=YSampler[input=SubSampler[left=ConstSubSampler[left=992.0, right=ConstMulSampler[left=ConstSubSampler[left=1.0, right=CachingDensitySampler[id=215, input=YSampler[input=Sampler[noise=net.minecraft.world.level.levelgen.synth.NoiseStack$Perlin@6d3d3247, xzScale=1.0, yScale=0.0], y=0]]], right=2.0]], right=ConstMulSampler[left=ConstSubSampler[left=1.0, right=Sampler[input=ConstMulSampler[left=CachingDensitySampler[id=120, input=YSampler[input=SubSampler[left=ConstSubSampler[left=1.0, right=ConstMulSampler[left=YSampler[input=Sampler[x=-258, y=0, z=3539, metric=EUCLIDEAN], y=0], right=0.015384615]], right=ConstMulSampler[left=ConstAddSampler[left=CachingDensitySampler[id=1, input=YSampler[input=Sampler[noise=net.minecraft.world.level.levelgen.synth.NoiseStack$Perlin@1685443b, xzScale=1.0, yScale=0.0], y=0]], right=1.0], right=0.2]], y=0]], right=1.6666666], min=0.0, max=1.0]], right=5.4]], y=0]]], right=ConstantFunction[value=12.0]] ([968.6; 982.0]) and ConstantFunction[value=952.0] ([952.0; 952.0])
[12:13:09] [Worker-Main-2/WARN]: Compiling a MIN function between two non-overlapping inputs: BinaryFunction[type=SUB, left=PreparedCache[id=498, range=[980.6; 994.0], domainAxes=5, cachingSampler=CachingDensitySampler[id=498, input=YSampler[input=SubSampler[left=ConstSubSampler[left=992.0, right=ConstMulSampler[left=ConstSubSampler[left=1.0, right=CachingDensitySampler[id=215, input=YSampler[input=Sampler[noise=net.minecraft.world.level.levelgen.synth.NoiseStack$Perlin@6d3d3247, xzScale=1.0, yScale=0.0], y=0]]], right=2.0]], right=ConstMulSampler[left=ConstSubSampler[left=1.0, right=Sampler[input=ConstMulSampler[left=CachingDensitySampler[id=120, input=YSampler[input=SubSampler[left=ConstSubSampler[left=1.0, right=ConstMulSampler[left=YSampler[input=Sampler[x=-258, y=0, z=3539, metric=EUCLIDEAN], y=0], right=0.015384615]], right=ConstMulSampler[left=ConstAddSampler[left=CachingDensitySampler[id=1, input=YSampler[input=Sampler[noise=net.minecraft.world.level.levelgen.synth.NoiseStack$Perlin@1685443b, xzScale=1.0, yScale=0.0], y=0]], right=1.0], right=0.2]], y=0]], right=1.6666666], min=0.0, max=1.0]], right=5.4]], y=0]]], right=ConstantFunction[value=12.0]] ([968.6; 982.0]) and ConstantFunction[value=952.0] ([952.0; 952.0])
[12:13:09] [Worker-Main-2/WARN]: Compiling a MIN function between two non-overlapping inputs: BinaryFunction[type=SUB, left=PreparedCache[id=502, range=[951.2; 966.0], domainAxes=5, cachingSampler=CachingDensitySampler[id=502, input=YSampler[input=SubSampler[left=ConstSubSampler[left=964.0, right=ConstMulSampler[left=ConstSubSampler[left=1.0, right=CachingDensitySampler[id=215, input=YSampler[input=Sampler[noise=net.minecraft.world.level.levelgen.synth.NoiseStack$Perlin@6d3d3247, xzScale=1.0, yScale=0.0], y=0]]], right=2.0]], right=ConstMulSampler[left=ConstSubSampler[left=1.0, right=Sampler[input=ConstMulSampler[left=CachingDensitySampler[id=121, input=YSampler[input=SubSampler[left=ConstSubSampler[left=1.0, right=ConstMulSampler[left=YSampler[input=Sampler[x=-119, y=0, z=3667, metric=EUCLIDEAN], y=0], right=0.011235955]], right=ConstMulSampler[left=ConstAddSampler[left=CachingDensitySampler[id=1, input=YSampler[input=Sampler[noise=net.minecraft.world.level.levelgen.synth.NoiseStack$Perlin@1685443b, xzScale=1.0, yScale=0.0], y=0]], right=1.0], right=0.2]], y=0]], right=1.6666666], min=0.0, max=1.0]], right=6.8]], y=0]]], right=ConstantFunction[value=12.0]] ([939.2; 954.0]) and ConstantFunction[value=924.0] ([924.0; 924.0])
[12:13:09] [Worker-Main-2/WARN]: Compiling a MIN function between two non-overlapping inputs: BinaryFunction[type=SUB, left=PreparedCache[id=502, range=[951.2; 966.0], domainAxes=5, cachingSampler=CachingDensitySampler[id=502, input=YSampler[input=SubSampler[left=ConstSubSampler[left=964.0, right=ConstMulSampler[left=ConstSubSampler[left=1.0, right=CachingDensitySampler[id=215, input=YSampler[input=Sampler[noise=net.minecraft.world.level.levelgen.synth.NoiseStack$Perlin@6d3d3247, xzScale=1.0, yScale=0.0], y=0]]], right=2.0]], right=ConstMulSampler[left=ConstSubSampler[left=1.0, right=Sampler[input=ConstMulSampler[left=CachingDensitySampler[id=121, input=YSampler[input=SubSampler[left=ConstSubSampler[left=1.0, right=ConstMulSampler[left=YSampler[input=Sampler[x=-119, y=0, z=3667, metric=EUCLIDEAN], y=0], right=0.011235955]], right=ConstMulSampler[left=ConstAddSampler[left=CachingDensitySampler[id=1, input=YSampler[input=Sampler[noise=net.minecraft.world.level.levelgen.synth.NoiseStack$Perlin@1685443b, xzScale=1.0, yScale=0.0], y=0]], right=1.0], right=0.2]], y=0]], right=1.6666666], min=0.0, max=1.0]], right=6.8]], y=0]]], right=ConstantFunction[value=12.0]] ([939.2; 954.0]) and ConstantFunction[value=924.0] ([924.0; 924.0])
[12:13:09] [Worker-Main-2/WARN]: Compiling a MIN function between two non-overlapping inputs: BinaryFunction[type=SUB, left=PreparedCache[id=504, range=[185.0; 215.0], domainAxes=5, cachingSampler=CachingDensitySampler[id=504, input=YSampler[input=SubSampler[left=ConstSubSampler[left=210.0, right=ConstMulSampler[left=ConstSubSampler[left=1.0, right=CachingDensitySampler[id=215, input=YSampler[input=Sampler[noise=net.minecraft.world.level.levelgen.synth.NoiseStack$Perlin@6d3d3247, xzScale=1.0, yScale=0.0], y=0]]], right=5.0]], right=ConstMulSampler[left=ConstSubSampler[left=1.0, right=Sampler[input=ConstMulSampler[left=CachingDensitySampler[id=54, input=YSampler[input=SubSampler[left=ConstSubSampler[left=1.0, right=ConstMulSampler[left=YSampler[input=Sampler[x=-2200, y=0, z=-2900, metric=EUCLIDEAN], y=0], right=0.0033333334]], right=ConstMulSampler[left=ConstAddSampler[left=CachingDensitySampler[id=1, input=YSampler[input=Sampler[noise=net.minecraft.world.level.levelgen.synth.NoiseStack$Perlin@1685443b, xzScale=1.0, yScale=0.0], y=0]], right=1.0], right=0.17333333]], y=0]], right=1.6666666], min=0.0, max=1.0]], right=10.0]], y=0]]], right=ConstantFunction[value=12.0]] ([173.0; 203.0]) and ConstantFunction[value=164.0] ([164.0; 164.0])
[12:13:09] [Worker-Main-2/WARN]: Compiling a MIN function between two non-overlapping inputs: BinaryFunction[type=SUB, left=PreparedCache[id=504, range=[185.0; 215.0], domainAxes=5, cachingSampler=CachingDensitySampler[id=504, input=YSampler[input=SubSampler[left=ConstSubSampler[left=210.0, right=ConstMulSampler[left=ConstSubSampler[left=1.0, right=CachingDensitySampler[id=215, input=YSampler[input=Sampler[noise=net.minecraft.world.level.levelgen.synth.NoiseStack$Perlin@6d3d3247, xzScale=1.0, yScale=0.0], y=0]]], right=5.0]], right=ConstMulSampler[left=ConstSubSampler[left=1.0, right=Sampler[input=ConstMulSampler[left=CachingDensitySampler[id=54, input=YSampler[input=SubSampler[left=ConstSubSampler[left=1.0, right=ConstMulSampler[left=YSampler[input=Sampler[x=-2200, y=0, z=-2900, metric=EUCLIDEAN], y=0], right=0.0033333334]], right=ConstMulSampler[left=ConstAddSampler[left=CachingDensitySampler[id=1, input=YSampler[input=Sampler[noise=net.minecraft.world.level.levelgen.synth.NoiseStack$Perlin@1685443b, xzScale=1.0, yScale=0.0], y=0]], right=1.0], right=0.17333333]], y=0]], right=1.6666666], min=0.0, max=1.0]], right=10.0]], y=0]]], right=ConstantFunction[value=12.0]] ([173.0; 203.0]) and ConstantFunction[value=164.0] ([164.0; 164.0])
[12:13:09] [Worker-Main-2/WARN]: Compiling a MIN function between two non-overlapping inputs: BinaryFunction[type=SUB, left=PreparedCache[id=506, range=[181.4; 207.0], domainAxes=5, cachingSampler=CachingDensitySampler[id=506, input=YSampler[input=SubSampler[left=ConstSubSampler[left=202.0, right=ConstMulSampler[left=ConstSubSampler[left=1.0, right=CachingDensitySampler[id=215, input=YSampler[input=Sampler[noise=net.minecraft.world.level.levelgen.synth.NoiseStack$Perlin@6d3d3247, xzScale=1.0, yScale=0.0], y=0]]], right=5.0]], right=ConstMulSampler[left=ConstSubSampler[left=1.0, right=Sampler[input=ConstMulSampler[left=CachingDensitySampler[id=68, input=YSampler[input=SubSampler[left=ConstSubSampler[left=1.0, right=ConstMulSampler[left=YSampler[input=Sampler[x=-1876, y=0, z=-3092, metric=EUCLIDEAN], y=0], right=0.01923077]], right=ConstMulSampler[left=ConstAddSampler[left=CachingDensitySampler[id=1, input=YSampler[input=Sampler[noise=net.minecraft.world.level.levelgen.synth.NoiseStack$Perlin@1685443b, xzScale=1.0, yScale=0.0], y=0]], right=1.0], right=0.2]], y=0]], right=1.6666666], min=0.0, max=1.0]], right=5.6]], y=0]]], right=ConstantFunction[value=12.0]] ([169.4; 195.0]) and ConstantFunction[value=156.0] ([156.0; 156.0])
[12:13:09] [Worker-Main-2/WARN]: Compiling a MIN function between two non-overlapping inputs: BinaryFunction[type=SUB, left=PreparedCache[id=506, range=[181.4; 207.0], domainAxes=5, cachingSampler=CachingDensitySampler[id=506, input=YSampler[input=SubSampler[left=ConstSubSampler[left=202.0, right=ConstMulSampler[left=ConstSubSampler[left=1.0, right=CachingDensitySampler[id=215, input=YSampler[input=Sampler[noise=net.minecraft.world.level.levelgen.synth.NoiseStack$Perlin@6d3d3247, xzScale=1.0, yScale=0.0], y=0]]], right=5.0]], right=ConstMulSampler[left=ConstSubSampler[left=1.0, right=Sampler[input=ConstMulSampler[left=CachingDensitySampler[id=68, input=YSampler[input=SubSampler[left=ConstSubSampler[left=1.0, right=ConstMulSampler[left=YSampler[input=Sampler[x=-1876, y=0, z=-3092, metric=EUCLIDEAN], y=0], right=0.01923077]], right=ConstMulSampler[left=ConstAddSampler[left=CachingDensitySampler[id=1, input=YSampler[input=Sampler[noise=net.minecraft.world.level.levelgen.synth.NoiseStack$Perlin@1685443b, xzScale=1.0, yScale=0.0], y=0]], right=1.0], right=0.2]], y=0]], right=1.6666666], min=0.0, max=1.0]], right=5.6]], y=0]]], right=ConstantFunction[value=12.0]] ([169.4; 195.0]) and ConstantFunction[value=156.0] ([156.0; 156.0])
[12:13:09] [Worker-Main-2/WARN]: Compiling a MIN function between two non-overlapping inputs: BinaryFunction[type=SUB, left=PreparedCache[id=512, range=[315.9; 339.0], domainAxes=5, cachingSampler=CachingDensitySampler[id=512, input=YSampler[input=SubSampler[left=ConstSubSampler[left=334.0, right=ConstMulSampler[left=ConstSubSampler[left=1.0, right=CachingDensitySampler[id=215, input=YSampler[input=Sampler[noise=net.minecraft.world.level.levelgen.synth.NoiseStack$Perlin@6d3d3247, xzScale=1.0, yScale=0.0], y=0]]], right=5.0]], right=ConstMulSampler[left=ConstSubSampler[left=1.0, right=Sampler[input=ConstMulSampler[left=CachingDensitySampler[id=56, input=YSampler[input=SubSampler[left=ConstSubSampler[left=1.0, right=ConstMulSampler[left=YSampler[input=Sampler[x=-2116, y=0, z=-2515, metric=EUCLIDEAN], y=0], right=0.024390243]], right=ConstMulSampler[left=ConstAddSampler[left=CachingDensitySampler[id=1, input=YSampler[input=Sampler[noise=net.minecraft.world.level.levelgen.synth.NoiseStack$Perlin@1685443b, xzScale=1.0, yScale=0.0], y=0]], right=1.0], right=0.2]], y=0]], right=1.6666666], min=0.0, max=1.0]], right=3.1]], y=0]]], right=ConstantFunction[value=12.0]] ([303.9; 327.0]) and ConstantFunction[value=288.0] ([288.0; 288.0])
[12:13:09] [Worker-Main-2/WARN]: Compiling a MIN function between two non-overlapping inputs: BinaryFunction[type=SUB, left=PreparedCache[id=512, range=[315.9; 339.0], domainAxes=5, cachingSampler=CachingDensitySampler[id=512, input=YSampler[input=SubSampler[left=ConstSubSampler[left=334.0, right=ConstMulSampler[left=ConstSubSampler[left=1.0, right=CachingDensitySampler[id=215, input=YSampler[input=Sampler[noise=net.minecraft.world.level.levelgen.synth.NoiseStack$Perlin@6d3d3247, xzScale=1.0, yScale=0.0], y=0]]], right=5.0]], right=ConstMulSampler[left=ConstSubSampler[left=1.0, right=Sampler[input=ConstMulSampler[left=CachingDensitySampler[id=56, input=YSampler[input=SubSampler[left=ConstSubSampler[left=1.0, right=ConstMulSampler[left=YSampler[input=Sampler[x=-2116, y=0, z=-2515, metric=EUCLIDEAN], y=0], right=0.024390243]], right=ConstMulSampler[left=ConstAddSampler[left=CachingDensitySampler[id=1, input=YSampler[input=Sampler[noise=net.minecraft.world.level.levelgen.synth.NoiseStack$Perlin@1685443b, xzScale=1.0, yScale=0.0], y=0]], right=1.0], right=0.2]], y=0]], right=1.6666666], min=0.0, max=1.0]], right=3.1]], y=0]]], right=ConstantFunction[value=12.0]] ([303.9; 327.0]) and ConstantFunction[value=288.0] ([288.0; 288.0])
[12:13:09] [Worker-Main-2/WARN]: Compiling a MIN function between two non-overlapping inputs: BinaryFunction[type=SUB, left=PreparedCache[id=514, range=[-557.0; -511.0], domainAxes=5, cachingSampler=CachingDensitySampler[id=514, input=YSampler[input=SubSampler[left=ConstSubSampler[left=-520.0, right=ConstMulSampler[left=ConstSubSampler[left=1.0, right=CachingDensitySampler[id=215, input=YSampler[input=Sampler[noise=net.minecraft.world.level.levelgen.synth.NoiseStack$Perlin@6d3d3247, xzScale=1.0, yScale=0.0], y=0]]], right=9.0]], right=ConstMulSampler[left=ConstSubSampler[left=1.0, right=Sampler[input=ConstMulSampler[left=CachingDensitySampler[id=192, input=YSampler[input=SubSampler[left=ConstSubSampler[left=1.0, right=ConstMulSampler[left=YSampler[input=Sampler[x=3600, y=0, z=200, metric=EUCLIDEAN], y=0], right=0.0033333334]], right=ConstMulSampler[left=ConstAddSampler[left=CachingDensitySampler[id=1, input=YSampler[input=Sampler[noise=net.minecraft.world.level.levelgen.synth.NoiseStack$Perlin@1685443b, xzScale=1.0, yScale=0.0], y=0]], right=1.0], right=0.17333333]], y=0]], right=1.6666666], min=0.0, max=1.0]], right=10.0]], y=0]]], right=ConstantFunction[value=12.0]] ([-569.0; -523.0]) and ConstantFunction[value=-574.0] ([-574.0; -574.0])
[12:13:09] [Worker-Main-2/WARN]: Compiling a MIN function between two non-overlapping inputs: BinaryFunction[type=SUB, left=PreparedCache[id=514, range=[-557.0; -511.0], domainAxes=5, cachingSampler=CachingDensitySampler[id=514, input=YSampler[input=SubSampler[left=ConstSubSampler[left=-520.0, right=ConstMulSampler[left=ConstSubSampler[left=1.0, right=CachingDensitySampler[id=215, input=YSampler[input=Sampler[noise=net.minecraft.world.level.levelgen.synth.NoiseStack$Perlin@6d3d3247, xzScale=1.0, yScale=0.0], y=0]]], right=9.0]], right=ConstMulSampler[left=ConstSubSampler[left=1.0, right=Sampler[input=ConstMulSampler[left=CachingDensitySampler[id=192, input=YSampler[input=SubSampler[left=ConstSubSampler[left=1.0, right=ConstMulSampler[left=YSampler[input=Sampler[x=3600, y=0, z=200, metric=EUCLIDEAN], y=0], right=0.0033333334]], right=ConstMulSampler[left=ConstAddSampler[left=CachingDensitySampler[id=1, input=YSampler[input=Sampler[noise=net.minecraft.world.level.levelgen.synth.NoiseStack$Perlin@1685443b, xzScale=1.0, yScale=0.0], y=0]], right=1.0], right=0.17333333]], y=0]], right=1.6666666], min=0.0, max=1.0]], right=10.0]], y=0]]], right=ConstantFunction[value=12.0]] ([-569.0; -523.0]) and ConstantFunction[value=-574.0] ([-574.0; -574.0])
[12:13:09] [Worker-Main-2/WARN]: Compiling a MIN function between two non-overlapping inputs: BinaryFunction[type=SUB, left=PreparedCache[id=516, range=[-553.0; -507.0], domainAxes=5, cachingSampler=CachingDensitySampler[id=516, input=YSampler[input=SubSampler[left=ConstSubSampler[left=-516.0, right=ConstMulSampler[left=ConstSubSampler[left=1.0, right=CachingDensitySampler[id=215, input=YSampler[input=Sampler[noise=net.minecraft.world.level.levelgen.synth.NoiseStack$Perlin@6d3d3247, xzScale=1.0, yScale=0.0], y=0]]], right=9.0]], right=ConstMulSampler[left=ConstSubSampler[left=1.0, right=Sampler[input=ConstMulSampler[left=CachingDensitySampler[id=180, input=YSampler[input=SubSampler[left=ConstSubSampler[left=1.0, right=ConstMulSampler[left=YSampler[input=Sampler[x=3163, y=0, z=341, metric=EUCLIDEAN], y=0], right=0.007633588]], right=ConstMulSampler[left=ConstAddSampler[left=CachingDensitySampler[id=1, input=YSampler[input=Sampler[noise=net.minecraft.world.level.levelgen.synth.NoiseStack$Perlin@1685443b, xzScale=1.0, yScale=0.0], y=0]], right=1.0], right=0.2]], y=0]], right=1.6666666], min=0.0, max=1.0]], right=10.0]], y=0]]], right=ConstantFunction[value=12.0]] ([-565.0; -519.0]) and ConstantFunction[value=-570.0] ([-570.0; -570.0])
[12:13:09] [Worker-Main-2/WARN]: Compiling a MIN function between two non-overlapping inputs: BinaryFunction[type=SUB, left=PreparedCache[id=516, range=[-553.0; -507.0], domainAxes=5, cachingSampler=CachingDensitySampler[id=516, input=YSampler[input=SubSampler[left=ConstSubSampler[left=-516.0, right=ConstMulSampler[left=ConstSubSampler[left=1.0, right=CachingDensitySampler[id=215, input=YSampler[input=Sampler[noise=net.minecraft.world.level.levelgen.synth.NoiseStack$Perlin@6d3d3247, xzScale=1.0, yScale=0.0], y=0]]], right=9.0]], right=ConstMulSampler[left=ConstSubSampler[left=1.0, right=Sampler[input=ConstMulSampler[left=CachingDensitySampler[id=180, input=YSampler[input=SubSampler[left=ConstSubSampler[left=1.0, right=ConstMulSampler[left=YSampler[input=Sampler[x=3163, y=0, z=341, metric=EUCLIDEAN], y=0], right=0.007633588]], right=ConstMulSampler[left=ConstAddSampler[left=CachingDensitySampler[id=1, input=YSampler[input=Sampler[noise=net.minecraft.world.level.levelgen.synth.NoiseStack$Perlin@1685443b, xzScale=1.0, yScale=0.0], y=0]], right=1.0], right=0.2]], y=0]], right=1.6666666], min=0.0, max=1.0]], right=10.0]], y=0]]], right=ConstantFunction[value=12.0]] ([-565.0; -519.0]) and ConstantFunction[value=-570.0] ([-570.0; -570.0])
[12:13:09] [Worker-Main-2/WARN]: Compiling a MIN function between two non-overlapping inputs: BinaryFunction[type=SUB, left=PreparedCache[id=518, range=[-655.4; -611.0], domainAxes=5, cachingSampler=CachingDensitySampler[id=518, input=YSampler[input=SubSampler[left=ConstSubSampler[left=-620.0, right=ConstMulSampler[left=ConstSubSampler[left=1.0, right=CachingDensitySampler[id=215, input=YSampler[input=Sampler[noise=net.minecraft.world.level.levelgen.synth.NoiseStack$Perlin@6d3d3247, xzScale=1.0, yScale=0.0], y=0]]], right=9.0]], right=ConstMulSampler[left=ConstSubSampler[left=1.0, right=Sampler[input=ConstMulSampler[left=CachingDensitySampler[id=193, input=YSampler[input=SubSampler[left=ConstSubSampler[left=1.0, right=ConstMulSampler[left=YSampler[input=Sampler[x=3486, y=0, z=-214, metric=EUCLIDEAN], y=0], right=0.012345679]], right=ConstMulSampler[left=ConstAddSampler[left=CachingDensitySampler[id=1, input=YSampler[input=Sampler[noise=net.minecraft.world.level.levelgen.synth.NoiseStack$Perlin@1685443b, xzScale=1.0, yScale=0.0], y=0]], right=1.0], right=0.2]], y=0]], right=1.6666666], min=0.0, max=1.0]], right=8.4]], y=0]]], right=ConstantFunction[value=12.0]] ([-667.4; -623.0]) and ConstantFunction[value=-674.0] ([-674.0; -674.0])
[12:13:09] [Worker-Main-2/WARN]: Compiling a MIN function between two non-overlapping inputs: BinaryFunction[type=SUB, left=PreparedCache[id=518, range=[-655.4; -611.0], domainAxes=5, cachingSampler=CachingDensitySampler[id=518, input=YSampler[input=SubSampler[left=ConstSubSampler[left=-620.0, right=ConstMulSampler[left=ConstSubSampler[left=1.0, right=CachingDensitySampler[id=215, input=YSampler[input=Sampler[noise=net.minecraft.world.level.levelgen.synth.NoiseStack$Perlin@6d3d3247, xzScale=1.0, yScale=0.0], y=0]]], right=9.0]], right=ConstMulSampler[left=ConstSubSampler[left=1.0, right=Sampler[input=ConstMulSampler[left=CachingDensitySampler[id=193, input=YSampler[input=SubSampler[left=ConstSubSampler[left=1.0, right=ConstMulSampler[left=YSampler[input=Sampler[x=3486, y=0, z=-214, metric=EUCLIDEAN], y=0], right=0.012345679]], right=ConstMulSampler[left=ConstAddSampler[left=CachingDensitySampler[id=1, input=YSampler[input=Sampler[noise=net.minecraft.world.level.levelgen.synth.NoiseStack$Perlin@1685443b, xzScale=1.0, yScale=0.0], y=0]], right=1.0], right=0.2]], y=0]], right=1.6666666], min=0.0, max=1.0]], right=8.4]], y=0]]], right=ConstantFunction[value=12.0]] ([-667.4; -623.0]) and ConstantFunction[value=-674.0] ([-674.0; -674.0])
[12:13:09] [Worker-Main-2/WARN]: Compiling a MIN function between two non-overlapping inputs: BinaryFunction[type=SUB, left=PreparedCache[id=520, range=[-634.15; -569.25], domainAxes=5, cachingSampler=CachingDensitySampler[id=520, input=YSampler[input=SubSampler[left=ConstSubSampler[left=-584.0, right=ConstMulSampler[left=ConstSubSampler[left=1.0, right=CachingDensitySampler[id=215, input=YSampler[input=Sampler[noise=net.minecraft.world.level.levelgen.synth.NoiseStack$Perlin@6d3d3247, xzScale=1.0, yScale=0.0], y=0]]], right=14.75]], right=ConstMulSampler[left=ConstSubSampler[left=1.0, right=Sampler[input=ConstMulSampler[left=CachingDensitySampler[id=207, input=YSampler[input=SubSampler[left=ConstSubSampler[left=1.0, right=ConstMulSampler[left=YSampler[input=Sampler[x=3661, y=0, z=-227, metric=EUCLIDEAN], y=0], right=0.016949153]], right=ConstMulSampler[left=ConstAddSampler[left=CachingDensitySampler[id=1, input=YSampler[input=Sampler[noise=net.minecraft.world.level.levelgen.synth.NoiseStack$Perlin@1685443b, xzScale=1.0, yScale=0.0], y=0]], right=1.0], right=0.2]], y=0]], right=1.6666666], min=0.0, max=1.0]], right=5.9]], y=0]]], right=ConstantFunction[value=12.0]] ([-646.15; -581.25]) and ConstantFunction[value=-650.0] ([-650.0; -650.0])
[12:13:09] [Worker-Main-2/WARN]: Compiling a MIN function between two non-overlapping inputs: BinaryFunction[type=SUB, left=PreparedCache[id=520, range=[-634.15; -569.25], domainAxes=5, cachingSampler=CachingDensitySampler[id=520, input=YSampler[input=SubSampler[left=ConstSubSampler[left=-584.0, right=ConstMulSampler[left=ConstSubSampler[left=1.0, right=CachingDensitySampler[id=215, input=YSampler[input=Sampler[noise=net.minecraft.world.level.levelgen.synth.NoiseStack$Perlin@6d3d3247, xzScale=1.0, yScale=0.0], y=0]]], right=14.75]], right=ConstMulSampler[left=ConstSubSampler[left=1.0, right=Sampler[input=ConstMulSampler[left=CachingDensitySampler[id=207, input=YSampler[input=SubSampler[left=ConstSubSampler[left=1.0, right=ConstMulSampler[left=YSampler[input=Sampler[x=3661, y=0, z=-227, metric=EUCLIDEAN], y=0], right=0.016949153]], right=ConstMulSampler[left=ConstAddSampler[left=CachingDensitySampler[id=1, input=YSampler[input=Sampler[noise=net.minecraft.world.level.levelgen.synth.NoiseStack$Perlin@1685443b, xzScale=1.0, yScale=0.0], y=0]], right=1.0], right=0.2]], y=0]], right=1.6666666], min=0.0, max=1.0]], right=5.9]], y=0]]], right=ConstantFunction[value=12.0]] ([-646.15; -581.25]) and ConstantFunction[value=-650.0] ([-650.0; -650.0])
[12:13:09] [Worker-Main-2/WARN]: Compiling a MIN function between two non-overlapping inputs: BinaryFunction[type=SUB, left=PreparedCache[id=522, range=[-631.2; -591.0], domainAxes=5, cachingSampler=CachingDensitySampler[id=522, input=YSampler[input=SubSampler[left=ConstSubSampler[left=-600.0, right=ConstMulSampler[left=ConstSubSampler[left=1.0, right=CachingDensitySampler[id=215, input=YSampler[input=Sampler[noise=net.minecraft.world.level.levelgen.synth.NoiseStack$Perlin@6d3d3247, xzScale=1.0, yScale=0.0], y=0]]], right=9.0]], right=ConstMulSampler[left=ConstSubSampler[left=1.0, right=Sampler[input=ConstMulSampler[left=CachingDensitySampler[id=196, input=YSampler[input=SubSampler[left=ConstSubSampler[left=1.0, right=ConstMulSampler[left=YSampler[input=Sampler[x=3477, y=0, z=610, metric=EUCLIDEAN], y=0], right=0.018867925]], right=ConstMulSampler[left=ConstAddSampler[left=CachingDensitySampler[id=1, input=YSampler[input=Sampler[noise=net.minecraft.world.level.levelgen.synth.NoiseStack$Perlin@1685443b, xzScale=1.0, yScale=0.0], y=0]], right=1.0], right=0.2]], y=0]], right=1.6666666], min=0.0, max=1.0]], right=4.2]], y=0]]], right=ConstantFunction[value=12.0]] ([-643.2; -603.0]) and ConstantFunction[value=-654.0] ([-654.0; -654.0])
[12:13:09] [Worker-Main-2/WARN]: Compiling a MIN function between two non-overlapping inputs: BinaryFunction[type=SUB, left=PreparedCache[id=522, range=[-631.2; -591.0], domainAxes=5, cachingSampler=CachingDensitySampler[id=522, input=YSampler[input=SubSampler[left=ConstSubSampler[left=-600.0, right=ConstMulSampler[left=ConstSubSampler[left=1.0, right=CachingDensitySampler[id=215, input=YSampler[input=Sampler[noise=net.minecraft.world.level.levelgen.synth.NoiseStack$Perlin@6d3d3247, xzScale=1.0, yScale=0.0], y=0]]], right=9.0]], right=ConstMulSampler[left=ConstSubSampler[left=1.0, right=Sampler[input=ConstMulSampler[left=CachingDensitySampler[id=196, input=YSampler[input=SubSampler[left=ConstSubSampler[left=1.0, right=ConstMulSampler[left=YSampler[input=Sampler[x=3477, y=0, z=610, metric=EUCLIDEAN], y=0], right=0.018867925]], right=ConstMulSampler[left=ConstAddSampler[left=CachingDensitySampler[id=1, input=YSampler[input=Sampler[noise=net.minecraft.world.level.levelgen.synth.NoiseStack$Perlin@1685443b, xzScale=1.0, yScale=0.0], y=0]], right=1.0], right=0.2]], y=0]], right=1.6666666], min=0.0, max=1.0]], right=4.2]], y=0]]], right=ConstantFunction[value=12.0]] ([-643.2; -603.0]) and ConstantFunction[value=-654.0] ([-654.0; -654.0])
[12:13:09] [Worker-Main-2/WARN]: Compiling a MIN function between two non-overlapping inputs: BinaryFunction[type=SUB, left=PreparedCache[id=526, range=[880.9; 898.0], domainAxes=5, cachingSampler=CachingDensitySampler[id=526, input=YSampler[input=SubSampler[left=ConstSubSampler[left=896.0, right=ConstMulSampler[left=ConstSubSampler[left=1.0, right=CachingDensitySampler[id=215, input=YSampler[input=Sampler[noise=net.minecraft.world.level.levelgen.synth.NoiseStack$Perlin@6d3d3247, xzScale=1.0, yScale=0.0], y=0]]], right=2.0]], right=ConstMulSampler[left=ConstSubSampler[left=1.0, right=Sampler[input=ConstMulSampler[left=CachingDensitySampler[id=81, input=YSampler[input=SubSampler[left=ConstSubSampler[left=1.0, right=ConstMulSampler[left=YSampler[input=Sampler[x=-1549, y=0, z=1519, metric=EUCLIDEAN], y=0], right=0.011904762]], right=ConstMulSampler[left=ConstAddSampler[left=CachingDensitySampler[id=1, input=YSampler[input=Sampler[noise=net.minecraft.world.level.levelgen.synth.NoiseStack$Perlin@1685443b, xzScale=1.0, yScale=0.0], y=0]], right=1.0], right=0.2]], y=0]], right=1.6666666], min=0.0, max=1.0]], right=9.1]], y=0]]], right=ConstantFunction[value=12.0]] ([868.9; 886.0]) and ConstantFunction[value=856.0] ([856.0; 856.0])
[12:13:09] [Worker-Main-2/WARN]: Compiling a MIN function between two non-overlapping inputs: BinaryFunction[type=SUB, left=PreparedCache[id=526, range=[880.9; 898.0], domainAxes=5, cachingSampler=CachingDensitySampler[id=526, input=YSampler[input=SubSampler[left=ConstSubSampler[left=896.0, right=ConstMulSampler[left=ConstSubSampler[left=1.0, right=CachingDensitySampler[id=215, input=YSampler[input=Sampler[noise=net.minecraft.world.level.levelgen.synth.NoiseStack$Perlin@6d3d3247, xzScale=1.0, yScale=0.0], y=0]]], right=2.0]], right=ConstMulSampler[left=ConstSubSampler[left=1.0, right=Sampler[input=ConstMulSampler[left=CachingDensitySampler[id=81, input=YSampler[input=SubSampler[left=ConstSubSampler[left=1.0, right=ConstMulSampler[left=YSampler[input=Sampler[x=-1549, y=0, z=1519, metric=EUCLIDEAN], y=0], right=0.011904762]], right=ConstMulSampler[left=ConstAddSampler[left=CachingDensitySampler[id=1, input=YSampler[input=Sampler[noise=net.minecraft.world.level.levelgen.synth.NoiseStack$Perlin@1685443b, xzScale=1.0, yScale=0.0], y=0]], right=1.0], right=0.2]], y=0]], right=1.6666666], min=0.0, max=1.0]], right=9.1]], y=0]]], right=ConstantFunction[value=12.0]] ([868.9; 886.0]) and ConstantFunction[value=856.0] ([856.0; 856.0])
[12:13:09] [Worker-Main-2/WARN]: Compiling a MIN function between two non-overlapping inputs: BinaryFunction[type=SUB, left=PreparedCache[id=528, range=[1013.9; 1026.0], domainAxes=5, cachingSampler=CachingDensitySampler[id=528, input=YSampler[input=SubSampler[left=ConstSubSampler[left=1024.0, right=ConstMulSampler[left=ConstSubSampler[left=1.0, right=CachingDensitySampler[id=215, input=YSampler[input=Sampler[noise=net.minecraft.world.level.levelgen.synth.NoiseStack$Perlin@6d3d3247, xzScale=1.0, yScale=0.0], y=0]]], right=2.0]], right=ConstMulSampler[left=ConstSubSampler[left=1.0, right=Sampler[input=ConstMulSampler[left=CachingDensitySampler[id=96, input=YSampler[input=SubSampler[left=ConstSubSampler[left=1.0, right=ConstMulSampler[left=YSampler[input=Sampler[x=-1110, y=0, z=1291, metric=EUCLIDEAN], y=0], right=0.018518519]], right=ConstMulSampler[left=ConstAddSampler[left=CachingDensitySampler[id=1, input=YSampler[input=Sampler[noise=net.minecraft.world.level.levelgen.synth.NoiseStack$Perlin@1685443b, xzScale=1.0, yScale=0.0], y=0]], right=1.0], right=0.2]], y=0]], right=1.6666666], min=0.0, max=1.0]], right=4.1]], y=0]]], right=ConstantFunction[value=12.0]] ([1001.9; 1014.0]) and ConstantFunction[value=984.0] ([984.0; 984.0])
[12:13:09] [Worker-Main-2/WARN]: Compiling a MIN function between two non-overlapping inputs: BinaryFunction[type=SUB, left=PreparedCache[id=528, range=[1013.9; 1026.0], domainAxes=5, cachingSampler=CachingDensitySampler[id=528, input=YSampler[input=SubSampler[left=ConstSubSampler[left=1024.0, right=ConstMulSampler[left=ConstSubSampler[left=1.0, right=CachingDensitySampler[id=215, input=YSampler[input=Sampler[noise=net.minecraft.world.level.levelgen.synth.NoiseStack$Perlin@6d3d3247, xzScale=1.0, yScale=0.0], y=0]]], right=2.0]], right=ConstMulSampler[left=ConstSubSampler[left=1.0, right=Sampler[input=ConstMulSampler[left=CachingDensitySampler[id=96, input=YSampler[input=SubSampler[left=ConstSubSampler[left=1.0, right=ConstMulSampler[left=YSampler[input=Sampler[x=-1110, y=0, z=1291, metric=EUCLIDEAN], y=0], right=0.018518519]], right=ConstMulSampler[left=ConstAddSampler[left=CachingDensitySampler[id=1, input=YSampler[input=Sampler[noise=net.minecraft.world.level.levelgen.synth.NoiseStack$Perlin@1685443b, xzScale=1.0, yScale=0.0], y=0]], right=1.0], right=0.2]], y=0]], right=1.6666666], min=0.0, max=1.0]], right=4.1]], y=0]]], right=ConstantFunction[value=12.0]] ([1001.9; 1014.0]) and ConstantFunction[value=984.0] ([984.0; 984.0])
[12:13:09] [Worker-Main-2/WARN]: Compiling a MIN function between two non-overlapping inputs: BinaryFunction[type=SUB, left=PreparedCache[id=532, range=[878.5; 890.0], domainAxes=5, cachingSampler=CachingDensitySampler[id=532, input=YSampler[input=SubSampler[left=ConstSubSampler[left=888.0, right=ConstMulSampler[left=ConstSubSampler[left=1.0, right=CachingDensitySampler[id=215, input=YSampler[input=Sampler[noise=net.minecraft.world.level.levelgen.synth.NoiseStack$Perlin@6d3d3247, xzScale=1.0, yScale=0.0], y=0]]], right=2.0]], right=ConstMulSampler[left=ConstSubSampler[left=1.0, right=Sampler[input=ConstMulSampler[left=CachingDensitySampler[id=95, input=YSampler[input=SubSampler[left=ConstSubSampler[left=1.0, right=ConstMulSampler[left=YSampler[input=Sampler[x=-1176, y=0, z=915, metric=EUCLIDEAN], y=0], right=0.02173913]], right=ConstMulSampler[left=ConstAddSampler[left=CachingDensitySampler[id=1, input=YSampler[input=Sampler[noise=net.minecraft.world.level.levelgen.synth.NoiseStack$Perlin@1685443b, xzScale=1.0, yScale=0.0], y=0]], right=1.0], right=0.2]], y=0]], right=1.6666666], min=0.0, max=1.0]], right=3.5]], y=0]]], right=ConstantFunction[value=12.0]] ([866.5; 878.0]) and ConstantFunction[value=848.0] ([848.0; 848.0])
[12:13:09] [Worker-Main-2/WARN]: Compiling a MIN function between two non-overlapping inputs: BinaryFunction[type=SUB, left=PreparedCache[id=532, range=[878.5; 890.0], domainAxes=5, cachingSampler=CachingDensitySampler[id=532, input=YSampler[input=SubSampler[left=ConstSubSampler[left=888.0, right=ConstMulSampler[left=ConstSubSampler[left=1.0, right=CachingDensitySampler[id=215, input=YSampler[input=Sampler[noise=net.minecraft.world.level.levelgen.synth.NoiseStack$Perlin@6d3d3247, xzScale=1.0, yScale=0.0], y=0]]], right=2.0]], right=ConstMulSampler[left=ConstSubSampler[left=1.0, right=Sampler[input=ConstMulSampler[left=CachingDensitySampler[id=95, input=YSampler[input=SubSampler[left=ConstSubSampler[left=1.0, right=ConstMulSampler[left=YSampler[input=Sampler[x=-1176, y=0, z=915, metric=EUCLIDEAN], y=0], right=0.02173913]], right=ConstMulSampler[left=ConstAddSampler[left=CachingDensitySampler[id=1, input=YSampler[input=Sampler[noise=net.minecraft.world.level.levelgen.synth.NoiseStack$Perlin@1685443b, xzScale=1.0, yScale=0.0], y=0]], right=1.0], right=0.2]], y=0]], right=1.6666666], min=0.0, max=1.0]], right=3.5]], y=0]]], right=ConstantFunction[value=12.0]] ([866.5; 878.0]) and ConstantFunction[value=848.0] ([848.0; 848.0])
[12:13:09] [Worker-Main-2/WARN]: Compiling a MIN function between two non-overlapping inputs: BinaryFunction[type=SUB, left=PreparedCache[id=540, range=[866.2; 941.0], domainAxes=5, cachingSampler=CachingDensitySampler[id=540, input=YSampler[input=SubSampler[left=ConstSubSampler[left=924.0, right=ConstMulSampler[left=ConstSubSampler[left=1.0, right=CachingDensitySampler[id=215, input=YSampler[input=Sampler[noise=net.minecraft.world.level.levelgen.synth.NoiseStack$Perlin@6d3d3247, xzScale=1.0, yScale=0.0], y=0]]], right=17.0]], right=ConstMulSampler[left=ConstSubSampler[left=1.0, right=Sampler[input=ConstMulSampler[left=CachingDensitySampler[id=114, input=YSampler[input=SubSampler[left=ConstSubSampler[left=1.0, right=ConstMulSampler[left=YSampler[input=Sampler[x=-290, y=0, z=-3701, metric=EUCLIDEAN], y=0], right=0.015151516]], right=ConstMulSampler[left=ConstAddSampler[left=CachingDensitySampler[id=1, input=YSampler[input=Sampler[noise=net.minecraft.world.level.levelgen.synth.NoiseStack$Perlin@1685443b, xzScale=1.0, yScale=0.0], y=0]], right=1.0], right=0.2]], y=0]], right=1.6666666], min=0.0, max=1.0]], right=6.8]], y=0]]], right=ConstantFunction[value=12.0]] ([854.2; 929.0]) and ConstantFunction[value=854.0] ([854.0; 854.0])
[12:13:09] [Worker-Main-2/WARN]: Compiling a MIN function between two non-overlapping inputs: BinaryFunction[type=SUB, left=PreparedCache[id=540, range=[866.2; 941.0], domainAxes=5, cachingSampler=CachingDensitySampler[id=540, input=YSampler[input=SubSampler[left=ConstSubSampler[left=924.0, right=ConstMulSampler[left=ConstSubSampler[left=1.0, right=CachingDensitySampler[id=215, input=YSampler[input=Sampler[noise=net.minecraft.world.level.levelgen.synth.NoiseStack$Perlin@6d3d3247, xzScale=1.0, yScale=0.0], y=0]]], right=17.0]], right=ConstMulSampler[left=ConstSubSampler[left=1.0, right=Sampler[input=ConstMulSampler[left=CachingDensitySampler[id=114, input=YSampler[input=SubSampler[left=ConstSubSampler[left=1.0, right=ConstMulSampler[left=YSampler[input=Sampler[x=-290, y=0, z=-3701, metric=EUCLIDEAN], y=0], right=0.015151516]], right=ConstMulSampler[left=ConstAddSampler[left=CachingDensitySampler[id=1, input=YSampler[input=Sampler[noise=net.minecraft.world.level.levelgen.synth.NoiseStack$Perlin@1685443b, xzScale=1.0, yScale=0.0], y=0]], right=1.0], right=0.2]], y=0]], right=1.6666666], min=0.0, max=1.0]], right=6.8]], y=0]]], right=ConstantFunction[value=12.0]] ([854.2; 929.0]) and ConstantFunction[value=854.0] ([854.0; 854.0])
[12:13:09] [Worker-Main-2/WARN]: Compiling a MIN function between two non-overlapping inputs: BinaryFunction[type=SUB, left=PreparedCache[id=542, range=[797.25; 857.75], domainAxes=5, cachingSampler=CachingDensitySampler[id=542, input=YSampler[input=SubSampler[left=ConstSubSampler[left=844.0, right=ConstMulSampler[left=ConstSubSampler[left=1.0, right=CachingDensitySampler[id=215, input=YSampler[input=Sampler[noise=net.minecraft.world.level.levelgen.synth.NoiseStack$Perlin@6d3d3247, xzScale=1.0, yScale=0.0], y=0]]], right=13.75]], right=ConstMulSampler[left=ConstSubSampler[left=1.0, right=Sampler[input=ConstMulSampler[left=CachingDensitySampler[id=123, input=YSampler[input=SubSampler[left=ConstSubSampler[left=1.0, right=ConstMulSampler[left=YSampler[input=Sampler[x=421, y=0, z=-3039, metric=EUCLIDEAN], y=0], right=0.018518519]], right=ConstMulSampler[left=ConstAddSampler[left=CachingDensitySampler[id=1, input=YSampler[input=Sampler[noise=net.minecraft.world.level.levelgen.synth.NoiseStack$Perlin@1685443b, xzScale=1.0, yScale=0.0], y=0]], right=1.0], right=0.2]], y=0]], right=1.6666666], min=0.0, max=1.0]], right=5.5]], y=0]]], right=ConstantFunction[value=12.0]] ([785.25; 845.75]) and ConstantFunction[value=780.0] ([780.0; 780.0])
[12:13:09] [Worker-Main-2/WARN]: Compiling a MIN function between two non-overlapping inputs: BinaryFunction[type=SUB, left=PreparedCache[id=542, range=[797.25; 857.75], domainAxes=5, cachingSampler=CachingDensitySampler[id=542, input=YSampler[input=SubSampler[left=ConstSubSampler[left=844.0, right=ConstMulSampler[left=ConstSubSampler[left=1.0, right=CachingDensitySampler[id=215, input=YSampler[input=Sampler[noise=net.minecraft.world.level.levelgen.synth.NoiseStack$Perlin@6d3d3247, xzScale=1.0, yScale=0.0], y=0]]], right=13.75]], right=ConstMulSampler[left=ConstSubSampler[left=1.0, right=Sampler[input=ConstMulSampler[left=CachingDensitySampler[id=123, input=YSampler[input=SubSampler[left=ConstSubSampler[left=1.0, right=ConstMulSampler[left=YSampler[input=Sampler[x=421, y=0, z=-3039, metric=EUCLIDEAN], y=0], right=0.018518519]], right=ConstMulSampler[left=ConstAddSampler[left=CachingDensitySampler[id=1, input=YSampler[input=Sampler[noise=net.minecraft.world.level.levelgen.synth.NoiseStack$Perlin@1685443b, xzScale=1.0, yScale=0.0], y=0]], right=1.0], right=0.2]], y=0]], right=1.6666666], min=0.0, max=1.0]], right=5.5]], y=0]]], right=ConstantFunction[value=12.0]] ([785.25; 845.75]) and ConstantFunction[value=780.0] ([780.0; 780.0])
[12:13:09] [Worker-Main-2/WARN]: Compiling a MIN function between two non-overlapping inputs: BinaryFunction[type=SUB, left=PreparedCache[id=544, range=[936.3; 1003.0], domainAxes=5, cachingSampler=CachingDensitySampler[id=544, input=YSampler[input=SubSampler[left=ConstSubSampler[left=988.0, right=ConstMulSampler[left=ConstSubSampler[left=1.0, right=CachingDensitySampler[id=215, input=YSampler[input=Sampler[noise=net.minecraft.world.level.levelgen.synth.NoiseStack$Perlin@6d3d3247, xzScale=1.0, yScale=0.0], y=0]]], right=15.0]], right=ConstMulSampler[left=ConstSubSampler[left=1.0, right=Sampler[input=ConstMulSampler[left=CachingDensitySampler[id=124, input=YSampler[input=SubSampler[left=ConstSubSampler[left=1.0, right=ConstMulSampler[left=YSampler[input=Sampler[x=522, y=0, z=-3468, metric=EUCLIDEAN], y=0], right=0.015873017]], right=ConstMulSampler[left=ConstAddSampler[left=CachingDensitySampler[id=1, input=YSampler[input=Sampler[noise=net.minecraft.world.level.levelgen.synth.NoiseStack$Perlin@1685443b, xzScale=1.0, yScale=0.0], y=0]], right=1.0], right=0.2]], y=0]], right=1.6666666], min=0.0, max=1.0]], right=6.7]], y=0]]], right=ConstantFunction[value=12.0]] ([924.3; 991.0]) and ConstantFunction[value=922.0] ([922.0; 922.0])
[12:13:09] [Worker-Main-2/WARN]: Compiling a MIN function between two non-overlapping inputs: BinaryFunction[type=SUB, left=PreparedCache[id=544, range=[936.3; 1003.0], domainAxes=5, cachingSampler=CachingDensitySampler[id=544, input=YSampler[input=SubSampler[left=ConstSubSampler[left=988.0, right=ConstMulSampler[left=ConstSubSampler[left=1.0, right=CachingDensitySampler[id=215, input=YSampler[input=Sampler[noise=net.minecraft.world.level.levelgen.synth.NoiseStack$Perlin@6d3d3247, xzScale=1.0, yScale=0.0], y=0]]], right=15.0]], right=ConstMulSampler[left=ConstSubSampler[left=1.0, right=Sampler[input=ConstMulSampler[left=CachingDensitySampler[id=124, input=YSampler[input=SubSampler[left=ConstSubSampler[left=1.0, right=ConstMulSampler[left=YSampler[input=Sampler[x=522, y=0, z=-3468, metric=EUCLIDEAN], y=0], right=0.015873017]], right=ConstMulSampler[left=ConstAddSampler[left=CachingDensitySampler[id=1, input=YSampler[input=Sampler[noise=net.minecraft.world.level.levelgen.synth.NoiseStack$Perlin@1685443b, xzScale=1.0, yScale=0.0], y=0]], right=1.0], right=0.2]], y=0]], right=1.6666666], min=0.0, max=1.0]], right=6.7]], y=0]]], right=ConstantFunction[value=12.0]] ([924.3; 991.0]) and ConstantFunction[value=922.0] ([922.0; 922.0])
[12:13:09] [Worker-Main-2/WARN]: Compiling a MIN function between two non-overlapping inputs: BinaryFunction[type=SUB, left=PreparedCache[id=546, range=[-548.0; -514.0], domainAxes=5, cachingSampler=CachingDensitySampler[id=546, input=YSampler[input=SubSampler[left=ConstSubSampler[left=-520.0, right=ConstMulSampler[left=ConstSubSampler[left=1.0, right=CachingDensitySampler[id=215, input=YSampler[input=Sampler[noise=net.minecraft.world.level.levelgen.synth.NoiseStack$Perlin@6d3d3247, xzScale=1.0, yScale=0.0], y=0]]], right=6.0]], right=ConstMulSampler[left=ConstSubSampler[left=1.0, right=Sampler[input=ConstMulSampler[left=CachingDensitySampler[id=4, input=YSampler[input=SubSampler[left=ConstSubSampler[left=1.0, right=ConstMulSampler[left=YSampler[input=Sampler[x=-3600, y=0, z=-300, metric=EUCLIDEAN], y=0], right=0.0035211267]], right=ConstMulSampler[left=ConstAddSampler[left=CachingDensitySampler[id=1, input=YSampler[input=Sampler[noise=net.minecraft.world.level.levelgen.synth.NoiseStack$Perlin@1685443b, xzScale=1.0, yScale=0.0], y=0]], right=1.0], right=0.18084507]], y=0]], right=1.6666666], min=0.0, max=1.0]], right=10.0]], y=0]]], right=ConstantFunction[value=12.0]] ([-560.0; -526.0]) and ConstantFunction[value=-568.0] ([-568.0; -568.0])
[12:13:09] [Worker-Main-2/WARN]: Compiling a MIN function between two non-overlapping inputs: BinaryFunction[type=SUB, left=PreparedCache[id=546, range=[-548.0; -514.0], domainAxes=5, cachingSampler=CachingDensitySampler[id=546, input=YSampler[input=SubSampler[left=ConstSubSampler[left=-520.0, right=ConstMulSampler[left=ConstSubSampler[left=1.0, right=CachingDensitySampler[id=215, input=YSampler[input=Sampler[noise=net.minecraft.world.level.levelgen.synth.NoiseStack$Perlin@6d3d3247, xzScale=1.0, yScale=0.0], y=0]]], right=6.0]], right=ConstMulSampler[left=ConstSubSampler[left=1.0, right=Sampler[input=ConstMulSampler[left=CachingDensitySampler[id=4, input=YSampler[input=SubSampler[left=ConstSubSampler[left=1.0, right=ConstMulSampler[left=YSampler[input=Sampler[x=-3600, y=0, z=-300, metric=EUCLIDEAN], y=0], right=0.0035211267]], right=ConstMulSampler[left=ConstAddSampler[left=CachingDensitySampler[id=1, input=YSampler[input=Sampler[noise=net.minecraft.world.level.levelgen.synth.NoiseStack$Perlin@1685443b, xzScale=1.0, yScale=0.0], y=0]], right=1.0], right=0.18084507]], y=0]], right=1.6666666], min=0.0, max=1.0]], right=10.0]], y=0]]], right=ConstantFunction[value=12.0]] ([-560.0; -526.0]) and ConstantFunction[value=-568.0] ([-568.0; -568.0])
[12:13:09] [Worker-Main-2/WARN]: Compiling a MIN function between two non-overlapping inputs: BinaryFunction[type=SUB, left=PreparedCache[id=548, range=[-399.8; -370.0], domainAxes=5, cachingSampler=CachingDensitySampler[id=548, input=YSampler[input=SubSampler[left=ConstSubSampler[left=-376.0, right=ConstMulSampler[left=ConstSubSampler[left=1.0, right=CachingDensitySampler[id=215, input=YSampler[input=Sampler[noise=net.minecraft.world.level.levelgen.synth.NoiseStack$Perlin@6d3d3247, xzScale=1.0, yScale=0.0], y=0]]], right=6.0]], right=ConstMulSampler[left=ConstSubSampler[left=1.0, right=Sampler[input=ConstMulSampler[left=CachingDensitySampler[id=5, input=YSampler[input=SubSampler[left=ConstSubSampler[left=1.0, right=ConstMulSampler[left=YSampler[input=Sampler[x=-3699, y=0, z=85, metric=EUCLIDEAN], y=0], right=0.017857144]], right=ConstMulSampler[left=ConstAddSampler[left=CachingDensitySampler[id=1, input=YSampler[input=Sampler[noise=net.minecraft.world.level.levelgen.synth.NoiseStack$Perlin@1685443b, xzScale=1.0, yScale=0.0], y=0]], right=1.0], right=0.2]], y=0]], right=1.6666666], min=0.0, max=1.0]], right=5.8]], y=0]]], right=ConstantFunction[value=12.0]] ([-411.8; -382.0]) and ConstantFunction[value=-424.0] ([-424.0; -424.0])
[12:13:09] [Worker-Main-2/WARN]: Compiling a MIN function between two non-overlapping inputs: BinaryFunction[type=SUB, left=PreparedCache[id=548, range=[-399.8; -370.0], domainAxes=5, cachingSampler=CachingDensitySampler[id=548, input=YSampler[input=SubSampler[left=ConstSubSampler[left=-376.0, right=ConstMulSampler[left=ConstSubSampler[left=1.0, right=CachingDensitySampler[id=215, input=YSampler[input=Sampler[noise=net.minecraft.world.level.levelgen.synth.NoiseStack$Perlin@6d3d3247, xzScale=1.0, yScale=0.0], y=0]]], right=6.0]], right=ConstMulSampler[left=ConstSubSampler[left=1.0, right=Sampler[input=ConstMulSampler[left=CachingDensitySampler[id=5, input=YSampler[input=SubSampler[left=ConstSubSampler[left=1.0, right=ConstMulSampler[left=YSampler[input=Sampler[x=-3699, y=0, z=85, metric=EUCLIDEAN], y=0], right=0.017857144]], right=ConstMulSampler[left=ConstAddSampler[left=CachingDensitySampler[id=1, input=YSampler[input=Sampler[noise=net.minecraft.world.level.levelgen.synth.NoiseStack$Perlin@1685443b, xzScale=1.0, yScale=0.0], y=0]], right=1.0], right=0.2]], y=0]], right=1.6666666], min=0.0, max=1.0]], right=5.8]], y=0]]], right=ConstantFunction[value=12.0]] ([-411.8; -382.0]) and ConstantFunction[value=-424.0] ([-424.0; -424.0])
[12:13:09] [Worker-Main-2/WARN]: Compiling a MIN function between two non-overlapping inputs: BinaryFunction[type=SUB, left=PreparedCache[id=550, range=[-671.85; -604.75], domainAxes=5, cachingSampler=CachingDensitySampler[id=550, input=YSampler[input=SubSampler[left=ConstSubSampler[left=-620.0, right=ConstMulSampler[left=ConstSubSampler[left=1.0, right=CachingDensitySampler[id=215, input=YSampler[input=Sampler[noise=net.minecraft.world.level.levelgen.synth.NoiseStack$Perlin@6d3d3247, xzScale=1.0, yScale=0.0], y=0]]], right=15.25]], right=ConstMulSampler[left=ConstSubSampler[left=1.0, right=Sampler[input=ConstMulSampler[left=CachingDensitySampler[id=6, input=YSampler[input=SubSampler[left=ConstSubSampler[left=1.0, right=ConstMulSampler[left=YSampler[input=Sampler[x=-3505, y=0, z=134, metric=EUCLIDEAN], y=0], right=0.015384615]], right=ConstMulSampler[left=ConstAddSampler[left=CachingDensitySampler[id=1, input=YSampler[input=Sampler[noise=net.minecraft.world.level.levelgen.synth.NoiseStack$Perlin@1685443b, xzScale=1.0, yScale=0.0], y=0]], right=1.0], right=0.2]], y=0]], right=1.6666666], min=0.0, max=1.0]], right=6.1]], y=0]]], right=ConstantFunction[value=12.0]] ([-683.85; -616.75]) and ConstantFunction[value=-686.0] ([-686.0; -686.0])
[12:13:09] [Worker-Main-2/WARN]: Compiling a MIN function between two non-overlapping inputs: BinaryFunction[type=SUB, left=PreparedCache[id=550, range=[-671.85; -604.75], domainAxes=5, cachingSampler=CachingDensitySampler[id=550, input=YSampler[input=SubSampler[left=ConstSubSampler[left=-620.0, right=ConstMulSampler[left=ConstSubSampler[left=1.0, right=CachingDensitySampler[id=215, input=YSampler[input=Sampler[noise=net.minecraft.world.level.levelgen.synth.NoiseStack$Perlin@6d3d3247, xzScale=1.0, yScale=0.0], y=0]]], right=15.25]], right=ConstMulSampler[left=ConstSubSampler[left=1.0, right=Sampler[input=ConstMulSampler[left=CachingDensitySampler[id=6, input=YSampler[input=SubSampler[left=ConstSubSampler[left=1.0, right=ConstMulSampler[left=YSampler[input=Sampler[x=-3505, y=0, z=134, metric=EUCLIDEAN], y=0], right=0.015384615]], right=ConstMulSampler[left=ConstAddSampler[left=CachingDensitySampler[id=1, input=YSampler[input=Sampler[noise=net.minecraft.world.level.levelgen.synth.NoiseStack$Perlin@1685443b, xzScale=1.0, yScale=0.0], y=0]], right=1.0], right=0.2]], y=0]], right=1.6666666], min=0.0, max=1.0]], right=6.1]], y=0]]], right=ConstantFunction[value=12.0]] ([-683.85; -616.75]) and ConstantFunction[value=-686.0] ([-686.0; -686.0])
[12:13:09] [Worker-Main-2/WARN]: Compiling a MIN function between two non-overlapping inputs: BinaryFunction[type=SUB, left=PreparedCache[id=552, range=[-541.3; -477.5], domainAxes=5, cachingSampler=CachingDensitySampler[id=552, input=YSampler[input=SubSampler[left=ConstSubSampler[left=-492.0, right=ConstMulSampler[left=ConstSubSampler[left=1.0, right=CachingDensitySampler[id=215, input=YSampler[input=Sampler[noise=net.minecraft.world.level.levelgen.synth.NoiseStack$Perlin@6d3d3247, xzScale=1.0, yScale=0.0], y=0]]], right=14.5]], right=ConstMulSampler[left=ConstSubSampler[left=1.0, right=Sampler[input=ConstMulSampler[left=CachingDensitySampler[id=7, input=YSampler[input=SubSampler[left=ConstSubSampler[left=1.0, right=ConstMulSampler[left=YSampler[input=Sampler[x=-3636, y=0, z=209, metric=EUCLIDEAN], y=0], right=0.016949153]], right=ConstMulSampler[left=ConstAddSampler[left=CachingDensitySampler[id=1, input=YSampler[input=Sampler[noise=net.minecraft.world.level.levelgen.synth.NoiseStack$Perlin@1685443b, xzScale=1.0, yScale=0.0], y=0]], right=1.0], right=0.2]], y=0]], right=1.6666666], min=0.0, max=1.0]], right=5.8]], y=0]]], right=ConstantFunction[value=12.0]] ([-553.3; -489.5]) and ConstantFunction[value=-557.0] ([-557.0; -557.0])
[12:13:09] [Worker-Main-2/WARN]: Compiling a MIN function between two non-overlapping inputs: BinaryFunction[type=SUB, left=PreparedCache[id=552, range=[-541.3; -477.5], domainAxes=5, cachingSampler=CachingDensitySampler[id=552, input=YSampler[input=SubSampler[left=ConstSubSampler[left=-492.0, right=ConstMulSampler[left=ConstSubSampler[left=1.0, right=CachingDensitySampler[id=215, input=YSampler[input=Sampler[noise=net.minecraft.world.level.levelgen.synth.NoiseStack$Perlin@6d3d3247, xzScale=1.0, yScale=0.0], y=0]]], right=14.5]], right=ConstMulSampler[left=ConstSubSampler[left=1.0, right=Sampler[input=ConstMulSampler[left=CachingDensitySampler[id=7, input=YSampler[input=SubSampler[left=ConstSubSampler[left=1.0, right=ConstMulSampler[left=YSampler[input=Sampler[x=-3636, y=0, z=209, metric=EUCLIDEAN], y=0], right=0.016949153]], right=ConstMulSampler[left=ConstAddSampler[left=CachingDensitySampler[id=1, input=YSampler[input=Sampler[noise=net.minecraft.world.level.levelgen.synth.NoiseStack$Perlin@1685443b, xzScale=1.0, yScale=0.0], y=0]], right=1.0], right=0.2]], y=0]], right=1.6666666], min=0.0, max=1.0]], right=5.8]], y=0]]], right=ConstantFunction[value=12.0]] ([-553.3; -489.5]) and ConstantFunction[value=-557.0] ([-557.0; -557.0])
[12:13:09] [Worker-Main-2/WARN]: Compiling a MIN function between two non-overlapping inputs: BinaryFunction[type=SUB, left=PreparedCache[id=554, range=[-656.0; -622.0], domainAxes=5, cachingSampler=CachingDensitySampler[id=554, input=YSampler[input=SubSampler[left=ConstSubSampler[left=-628.0, right=ConstMulSampler[left=ConstSubSampler[left=1.0, right=CachingDensitySampler[id=215, input=YSampler[input=Sampler[noise=net.minecraft.world.level.levelgen.synth.NoiseStack$Perlin@6d3d3247, xzScale=1.0, yScale=0.0], y=0]]], right=6.0]], right=ConstMulSampler[left=ConstSubSampler[left=1.0, right=Sampler[input=ConstMulSampler[left=CachingDensitySampler[id=23, input=YSampler[input=SubSampler[left=ConstSubSampler[left=1.0, right=ConstMulSampler[left=YSampler[input=Sampler[x=-3332, y=0, z=311, metric=EUCLIDEAN], y=0], right=0.0076923077]], right=ConstMulSampler[left=ConstAddSampler[left=CachingDensitySampler[id=1, input=YSampler[input=Sampler[noise=net.minecraft.world.level.levelgen.synth.NoiseStack$Perlin@1685443b, xzScale=1.0, yScale=0.0], y=0]], right=1.0], right=0.2]], y=0]], right=1.6666666], min=0.0, max=1.0]], right=10.0]], y=0]]], right=ConstantFunction[value=12.0]] ([-668.0; -634.0]) and ConstantFunction[value=-676.0] ([-676.0; -676.0])
[12:13:09] [Worker-Main-2/WARN]: Compiling a MIN function between two non-overlapping inputs: BinaryFunction[type=SUB, left=PreparedCache[id=554, range=[-656.0; -622.0], domainAxes=5, cachingSampler=CachingDensitySampler[id=554, input=YSampler[input=SubSampler[left=ConstSubSampler[left=-628.0, right=ConstMulSampler[left=ConstSubSampler[left=1.0, right=CachingDensitySampler[id=215, input=YSampler[input=Sampler[noise=net.minecraft.world.level.levelgen.synth.NoiseStack$Perlin@6d3d3247, xzScale=1.0, yScale=0.0], y=0]]], right=6.0]], right=ConstMulSampler[left=ConstSubSampler[left=1.0, right=Sampler[input=ConstMulSampler[left=CachingDensitySampler[id=23, input=YSampler[input=SubSampler[left=ConstSubSampler[left=1.0, right=ConstMulSampler[left=YSampler[input=Sampler[x=-3332, y=0, z=311, metric=EUCLIDEAN], y=0], right=0.0076923077]], right=ConstMulSampler[left=ConstAddSampler[left=CachingDensitySampler[id=1, input=YSampler[input=Sampler[noise=net.minecraft.world.level.levelgen.synth.NoiseStack$Perlin@1685443b, xzScale=1.0, yScale=0.0], y=0]], right=1.0], right=0.2]], y=0]], right=1.6666666], min=0.0, max=1.0]], right=10.0]], y=0]]], right=ConstantFunction[value=12.0]] ([-668.0; -634.0]) and ConstantFunction[value=-676.0] ([-676.0; -676.0])
[12:13:09] [Worker-Main-2/WARN]: Compiling a MIN function between two non-overlapping inputs: BinaryFunction[type=SUB, left=PreparedCache[id=556, range=[383.0; 429.0], domainAxes=5, cachingSampler=CachingDensitySampler[id=556, input=YSampler[input=SubSampler[left=ConstSubSampler[left=420.0, right=ConstMulSampler[left=ConstSubSampler[left=1.0, right=CachingDensitySampler[id=215, input=YSampler[input=Sampler[noise=net.minecraft.world.level.levelgen.synth.NoiseStack$Perlin@6d3d3247, xzScale=1.0, yScale=0.0], y=0]]], right=9.0]], right=ConstMulSampler[left=ConstSubSampler[left=1.0, right=Sampler[input=ConstMulSampler[left=CachingDensitySampler[id=57, input=YSampler[input=SubSampler[left=ConstSubSampler[left=1.0, right=ConstMulSampler[left=YSampler[input=Sampler[x=-1900, y=0, z=-800, metric=EUCLIDEAN], y=0], right=0.003649635]], right=ConstMulSampler[left=ConstAddSampler[left=CachingDensitySampler[id=1, input=YSampler[input=Sampler[noise=net.minecraft.world.level.levelgen.synth.NoiseStack$Perlin@1685443b, xzScale=1.0, yScale=0.0], y=0]], right=1.0], right=0.1859854]], y=0]], right=1.6666666], min=0.0, max=1.0]], right=10.0]], y=0]]], right=ConstantFunction[value=12.0]] ([371.0; 417.0]) and ConstantFunction[value=366.0] ([366.0; 366.0])
[12:13:09] [Worker-Main-2/WARN]: Compiling a MIN function between two non-overlapping inputs: BinaryFunction[type=SUB, left=PreparedCache[id=556, range=[383.0; 429.0], domainAxes=5, cachingSampler=CachingDensitySampler[id=556, input=YSampler[input=SubSampler[left=ConstSubSampler[left=420.0, right=ConstMulSampler[left=ConstSubSampler[left=1.0, right=CachingDensitySampler[id=215, input=YSampler[input=Sampler[noise=net.minecraft.world.level.levelgen.synth.NoiseStack$Perlin@6d3d3247, xzScale=1.0, yScale=0.0], y=0]]], right=9.0]], right=ConstMulSampler[left=ConstSubSampler[left=1.0, right=Sampler[input=ConstMulSampler[left=CachingDensitySampler[id=57, input=YSampler[input=SubSampler[left=ConstSubSampler[left=1.0, right=ConstMulSampler[left=YSampler[input=Sampler[x=-1900, y=0, z=-800, metric=EUCLIDEAN], y=0], right=0.003649635]], right=ConstMulSampler[left=ConstAddSampler[left=CachingDensitySampler[id=1, input=YSampler[input=Sampler[noise=net.minecraft.world.level.levelgen.synth.NoiseStack$Perlin@1685443b, xzScale=1.0, yScale=0.0], y=0]], right=1.0], right=0.1859854]], y=0]], right=1.6666666], min=0.0, max=1.0]], right=10.0]], y=0]]], right=ConstantFunction[value=12.0]] ([371.0; 417.0]) and ConstantFunction[value=366.0] ([366.0; 366.0])
[12:13:09] [Worker-Main-2/WARN]: Compiling a MIN function between two non-overlapping inputs: BinaryFunction[type=SUB, left=PreparedCache[id=558, range=[499.0; 545.0], domainAxes=5, cachingSampler=CachingDensitySampler[id=558, input=YSampler[input=SubSampler[left=ConstSubSampler[left=536.0, right=ConstMulSampler[left=ConstSubSampler[left=1.0, right=CachingDensitySampler[id=215, input=YSampler[input=Sampler[noise=net.minecraft.world.level.levelgen.synth.NoiseStack$Perlin@6d3d3247, xzScale=1.0, yScale=0.0], y=0]]], right=9.0]], right=ConstMulSampler[left=ConstSubSampler[left=1.0, right=Sampler[input=ConstMulSampler[left=CachingDensitySampler[id=38, input=YSampler[input=SubSampler[left=ConstSubSampler[left=1.0, right=ConstMulSampler[left=YSampler[input=Sampler[x=-2413, y=0, z=-802, metric=EUCLIDEAN], y=0], right=0.0061728396]], right=ConstMulSampler[left=ConstAddSampler[left=CachingDensitySampler[id=1, input=YSampler[input=Sampler[noise=net.minecraft.world.level.levelgen.synth.NoiseStack$Perlin@1685443b, xzScale=1.0, yScale=0.0], y=0]], right=1.0], right=0.2]], y=0]], right=1.6666666], min=0.0, max=1.0]], right=10.0]], y=0]]], right=ConstantFunction[value=12.0]] ([487.0; 533.0]) and ConstantFunction[value=482.0] ([482.0; 482.0])
[12:13:09] [Worker-Main-2/WARN]: Compiling a MIN function between two non-overlapping inputs: BinaryFunction[type=SUB, left=PreparedCache[id=558, range=[499.0; 545.0], domainAxes=5, cachingSampler=CachingDensitySampler[id=558, input=YSampler[input=SubSampler[left=ConstSubSampler[left=536.0, right=ConstMulSampler[left=ConstSubSampler[left=1.0, right=CachingDensitySampler[id=215, input=YSampler[input=Sampler[noise=net.minecraft.world.level.levelgen.synth.NoiseStack$Perlin@6d3d3247, xzScale=1.0, yScale=0.0], y=0]]], right=9.0]], right=ConstMulSampler[left=ConstSubSampler[left=1.0, right=Sampler[input=ConstMulSampler[left=CachingDensitySampler[id=38, input=YSampler[input=SubSampler[left=ConstSubSampler[left=1.0, right=ConstMulSampler[left=YSampler[input=Sampler[x=-2413, y=0, z=-802, metric=EUCLIDEAN], y=0], right=0.0061728396]], right=ConstMulSampler[left=ConstAddSampler[left=CachingDensitySampler[id=1, input=YSampler[input=Sampler[noise=net.minecraft.world.level.levelgen.synth.NoiseStack$Perlin@1685443b, xzScale=1.0, yScale=0.0], y=0]], right=1.0], right=0.2]], y=0]], right=1.6666666], min=0.0, max=1.0]], right=10.0]], y=0]]], right=ConstantFunction[value=12.0]] ([487.0; 533.0]) and ConstantFunction[value=482.0] ([482.0; 482.0])
[12:13:09] [Worker-Main-2/WARN]: Compiling a MIN function between two non-overlapping inputs: BinaryFunction[type=SUB, left=PreparedCache[id=560, range=[510.1; 553.0], domainAxes=5, cachingSampler=CachingDensitySampler[id=560, input=YSampler[input=SubSampler[left=ConstSubSampler[left=544.0, right=ConstMulSampler[left=ConstSubSampler[left=1.0, right=CachingDensitySampler[id=215, input=YSampler[input=Sampler[noise=net.minecraft.world.level.levelgen.synth.NoiseStack$Perlin@6d3d3247, xzScale=1.0, yScale=0.0], y=0]]], right=9.0]], right=ConstMulSampler[left=ConstSubSampler[left=1.0, right=Sampler[input=ConstMulSampler[left=CachingDensitySampler[id=77, input=YSampler[input=SubSampler[left=ConstSubSampler[left=1.0, right=ConstMulSampler[left=YSampler[input=Sampler[x=-1845, y=0, z=-405, metric=EUCLIDEAN], y=0], right=0.014492754]], right=ConstMulSampler[left=ConstAddSampler[left=CachingDensitySampler[id=1, input=YSampler[input=Sampler[noise=net.minecraft.world.level.levelgen.synth.NoiseStack$Perlin@1685443b, xzScale=1.0, yScale=0.0], y=0]], right=1.0], right=0.2]], y=0]], right=1.6666666], min=0.0, max=1.0]], right=6.9]], y=0]]], right=ConstantFunction[value=12.0]] ([498.1; 541.0]) and ConstantFunction[value=490.0] ([490.0; 490.0])
[12:13:09] [Worker-Main-2/WARN]: Compiling a MIN function between two non-overlapping inputs: BinaryFunction[type=SUB, left=PreparedCache[id=560, range=[510.1; 553.0], domainAxes=5, cachingSampler=CachingDensitySampler[id=560, input=YSampler[input=SubSampler[left=ConstSubSampler[left=544.0, right=ConstMulSampler[left=ConstSubSampler[left=1.0, right=CachingDensitySampler[id=215, input=YSampler[input=Sampler[noise=net.minecraft.world.level.levelgen.synth.NoiseStack$Perlin@6d3d3247, xzScale=1.0, yScale=0.0], y=0]]], right=9.0]], right=ConstMulSampler[left=ConstSubSampler[left=1.0, right=Sampler[input=ConstMulSampler[left=CachingDensitySampler[id=77, input=YSampler[input=SubSampler[left=ConstSubSampler[left=1.0, right=ConstMulSampler[left=YSampler[input=Sampler[x=-1845, y=0, z=-405, metric=EUCLIDEAN], y=0], right=0.014492754]], right=ConstMulSampler[left=ConstAddSampler[left=CachingDensitySampler[id=1, input=YSampler[input=Sampler[noise=net.minecraft.world.level.levelgen.synth.NoiseStack$Perlin@1685443b, xzScale=1.0, yScale=0.0], y=0]], right=1.0], right=0.2]], y=0]], right=1.6666666], min=0.0, max=1.0]], right=6.9]], y=0]]], right=ConstantFunction[value=12.0]] ([498.1; 541.0]) and ConstantFunction[value=490.0] ([490.0; 490.0])
[12:13:09] [Worker-Main-2/WARN]: Compiling a MIN function between two non-overlapping inputs: BinaryFunction[type=SUB, left=PreparedCache[id=562, range=[463.9; 505.0], domainAxes=5, cachingSampler=CachingDensitySampler[id=562, input=YSampler[input=SubSampler[left=ConstSubSampler[left=496.0, right=ConstMulSampler[left=ConstSubSampler[left=1.0, right=CachingDensitySampler[id=215, input=YSampler[input=Sampler[noise=net.minecraft.world.level.levelgen.synth.NoiseStack$Perlin@6d3d3247, xzScale=1.0, yScale=0.0], y=0]]], right=9.0]], right=ConstMulSampler[left=ConstSubSampler[left=1.0, right=Sampler[input=ConstMulSampler[left=CachingDensitySampler[id=58, input=YSampler[input=SubSampler[left=ConstSubSampler[left=1.0, right=ConstMulSampler[left=YSampler[input=Sampler[x=-1979, y=0, z=-1207, metric=EUCLIDEAN], y=0], right=0.015873017]], right=ConstMulSampler[left=ConstAddSampler[left=CachingDensitySampler[id=1, input=YSampler[input=Sampler[noise=net.minecraft.world.level.levelgen.synth.NoiseStack$Perlin@1685443b, xzScale=1.0, yScale=0.0], y=0]], right=1.0], right=0.2]], y=0]], right=1.6666666], min=0.0, max=1.0]], right=5.1]], y=0]]], right=ConstantFunction[value=12.0]] ([451.9; 493.0]) and ConstantFunction[value=442.0] ([442.0; 442.0])
[12:13:09] [Worker-Main-2/WARN]: Compiling a MIN function between two non-overlapping inputs: BinaryFunction[type=SUB, left=PreparedCache[id=562, range=[463.9; 505.0], domainAxes=5, cachingSampler=CachingDensitySampler[id=562, input=YSampler[input=SubSampler[left=ConstSubSampler[left=496.0, right=ConstMulSampler[left=ConstSubSampler[left=1.0, right=CachingDensitySampler[id=215, input=YSampler[input=Sampler[noise=net.minecraft.world.level.levelgen.synth.NoiseStack$Perlin@6d3d3247, xzScale=1.0, yScale=0.0], y=0]]], right=9.0]], right=ConstMulSampler[left=ConstSubSampler[left=1.0, right=Sampler[input=ConstMulSampler[left=CachingDensitySampler[id=58, input=YSampler[input=SubSampler[left=ConstSubSampler[left=1.0, right=ConstMulSampler[left=YSampler[input=Sampler[x=-1979, y=0, z=-1207, metric=EUCLIDEAN], y=0], right=0.015873017]], right=ConstMulSampler[left=ConstAddSampler[left=CachingDensitySampler[id=1, input=YSampler[input=Sampler[noise=net.minecraft.world.level.levelgen.synth.NoiseStack$Perlin@1685443b, xzScale=1.0, yScale=0.0], y=0]], right=1.0], right=0.2]], y=0]], right=1.6666666], min=0.0, max=1.0]], right=5.1]], y=0]]], right=ConstantFunction[value=12.0]] ([451.9; 493.0]) and ConstantFunction[value=442.0] ([442.0; 442.0])
[12:13:09] [Worker-Main-2/WARN]: Compiling a MIN function between two non-overlapping inputs: BinaryFunction[type=SUB, left=PreparedCache[id=566, range=[988.9; 1044.0], domainAxes=5, cachingSampler=CachingDensitySampler[id=566, input=YSampler[input=SubSampler[left=ConstSubSampler[left=1032.0, right=ConstMulSampler[left=ConstSubSampler[left=1.0, right=CachingDensitySampler[id=215, input=YSampler[input=Sampler[noise=net.minecraft.world.level.levelgen.synth.NoiseStack$Perlin@6d3d3247, xzScale=1.0, yScale=0.0], y=0]]], right=12.0]], right=ConstMulSampler[left=ConstSubSampler[left=1.0, right=Sampler[input=ConstMulSampler[left=CachingDensitySampler[id=10, input=YSampler[input=SubSampler[left=ConstSubSampler[left=1.0, right=ConstMulSampler[left=YSampler[input=Sampler[x=-3786, y=0, z=2031, metric=EUCLIDEAN], y=0], right=0.012048192]], right=ConstMulSampler[left=ConstAddSampler[left=CachingDensitySampler[id=1, input=YSampler[input=Sampler[noise=net.minecraft.world.level.levelgen.synth.NoiseStack$Perlin@1685443b, xzScale=1.0, yScale=0.0], y=0]], right=1.0], right=0.2]], y=0]], right=1.6666666], min=0.0, max=1.0]], right=7.1]], y=0]]], right=ConstantFunction[value=12.0]] ([976.9; 1032.0]) and ConstantFunction[value=972.0] ([972.0; 972.0])
[12:13:09] [Worker-Main-2/WARN]: Compiling a MIN function between two non-overlapping inputs: BinaryFunction[type=SUB, left=PreparedCache[id=566, range=[988.9; 1044.0], domainAxes=5, cachingSampler=CachingDensitySampler[id=566, input=YSampler[input=SubSampler[left=ConstSubSampler[left=1032.0, right=ConstMulSampler[left=ConstSubSampler[left=1.0, right=CachingDensitySampler[id=215, input=YSampler[input=Sampler[noise=net.minecraft.world.level.levelgen.synth.NoiseStack$Perlin@6d3d3247, xzScale=1.0, yScale=0.0], y=0]]], right=12.0]], right=ConstMulSampler[left=ConstSubSampler[left=1.0, right=Sampler[input=ConstMulSampler[left=CachingDensitySampler[id=10, input=YSampler[input=SubSampler[left=ConstSubSampler[left=1.0, right=ConstMulSampler[left=YSampler[input=Sampler[x=-3786, y=0, z=2031, metric=EUCLIDEAN], y=0], right=0.012048192]], right=ConstMulSampler[left=ConstAddSampler[left=CachingDensitySampler[id=1, input=YSampler[input=Sampler[noise=net.minecraft.world.level.levelgen.synth.NoiseStack$Perlin@1685443b, xzScale=1.0, yScale=0.0], y=0]], right=1.0], right=0.2]], y=0]], right=1.6666666], min=0.0, max=1.0]], right=7.1]], y=0]]], right=ConstantFunction[value=12.0]] ([976.9; 1032.0]) and ConstantFunction[value=972.0] ([972.0; 972.0])
[12:13:09] [Worker-Main-2/WARN]: Compiling a MIN function between two non-overlapping inputs: BinaryFunction[type=SUB, left=PreparedCache[id=568, range=[964.6; 1015.0], domainAxes=5, cachingSampler=CachingDensitySampler[id=568, input=YSampler[input=SubSampler[left=ConstSubSampler[left=1004.0, right=ConstMulSampler[left=ConstSubSampler[left=1.0, right=CachingDensitySampler[id=215, input=YSampler[input=Sampler[noise=net.minecraft.world.level.levelgen.synth.NoiseStack$Perlin@6d3d3247, xzScale=1.0, yScale=0.0], y=0]]], right=11.0]], right=ConstMulSampler[left=ConstSubSampler[left=1.0, right=Sampler[input=ConstMulSampler[left=CachingDensitySampler[id=13, input=YSampler[input=SubSampler[left=ConstSubSampler[left=1.0, right=ConstMulSampler[left=YSampler[input=Sampler[x=-3836, y=0, z=2716, metric=EUCLIDEAN], y=0], right=0.014084507]], right=ConstMulSampler[left=ConstAddSampler[left=CachingDensitySampler[id=1, input=YSampler[input=Sampler[noise=net.minecraft.world.level.levelgen.synth.NoiseStack$Perlin@1685443b, xzScale=1.0, yScale=0.0], y=0]], right=1.0], right=0.2]], y=0]], right=1.6666666], min=0.0, max=1.0]], right=6.4]], y=0]]], right=ConstantFunction[value=12.0]] ([952.6; 1003.0]) and ConstantFunction[value=946.0] ([946.0; 946.0])
[12:13:09] [Worker-Main-2/WARN]: Compiling a MIN function between two non-overlapping inputs: BinaryFunction[type=SUB, left=PreparedCache[id=568, range=[964.6; 1015.0], domainAxes=5, cachingSampler=CachingDensitySampler[id=568, input=YSampler[input=SubSampler[left=ConstSubSampler[left=1004.0, right=ConstMulSampler[left=ConstSubSampler[left=1.0, right=CachingDensitySampler[id=215, input=YSampler[input=Sampler[noise=net.minecraft.world.level.levelgen.synth.NoiseStack$Perlin@6d3d3247, xzScale=1.0, yScale=0.0], y=0]]], right=11.0]], right=ConstMulSampler[left=ConstSubSampler[left=1.0, right=Sampler[input=ConstMulSampler[left=CachingDensitySampler[id=13, input=YSampler[input=SubSampler[left=ConstSubSampler[left=1.0, right=ConstMulSampler[left=YSampler[input=Sampler[x=-3836, y=0, z=2716, metric=EUCLIDEAN], y=0], right=0.014084507]], right=ConstMulSampler[left=ConstAddSampler[left=CachingDensitySampler[id=1, input=YSampler[input=Sampler[noise=net.minecraft.world.level.levelgen.synth.NoiseStack$Perlin@1685443b, xzScale=1.0, yScale=0.0], y=0]], right=1.0], right=0.2]], y=0]], right=1.6666666], min=0.0, max=1.0]], right=6.4]], y=0]]], right=ConstantFunction[value=12.0]] ([952.6; 1003.0]) and ConstantFunction[value=946.0] ([946.0; 946.0])
[12:13:09] [Worker-Main-2/WARN]: Compiling a MIN function between two non-overlapping inputs: BinaryFunction[type=SUB, left=PreparedCache[id=570, range=[795.7; 837.5], domainAxes=5, cachingSampler=CachingDensitySampler[id=570, input=YSampler[input=SubSampler[left=ConstSubSampler[left=828.0, right=ConstMulSampler[left=ConstSubSampler[left=1.0, right=CachingDensitySampler[id=215, input=YSampler[input=Sampler[noise=net.minecraft.world.level.levelgen.synth.NoiseStack$Perlin@6d3d3247, xzScale=1.0, yScale=0.0], y=0]]], right=9.5]], right=ConstMulSampler[left=ConstSubSampler[left=1.0, right=Sampler[input=ConstMulSampler[left=CachingDensitySampler[id=12, input=YSampler[input=SubSampler[left=ConstSubSampler[left=1.0, right=ConstMulSampler[left=YSampler[input=Sampler[x=-3889, y=0, z=2559, metric=EUCLIDEAN], y=0], right=0.021276595]], right=ConstMulSampler[left=ConstAddSampler[left=CachingDensitySampler[id=1, input=YSampler[input=Sampler[noise=net.minecraft.world.level.levelgen.synth.NoiseStack$Perlin@1685443b, xzScale=1.0, yScale=0.0], y=0]], right=1.0], right=0.2]], y=0]], right=1.6666666], min=0.0, max=1.0]], right=3.8]], y=0]]], right=ConstantFunction[value=12.0]] ([783.7; 825.5]) and ConstantFunction[value=773.0] ([773.0; 773.0])
[12:13:09] [Worker-Main-2/WARN]: Compiling a MIN function between two non-overlapping inputs: BinaryFunction[type=SUB, left=PreparedCache[id=570, range=[795.7; 837.5], domainAxes=5, cachingSampler=CachingDensitySampler[id=570, input=YSampler[input=SubSampler[left=ConstSubSampler[left=828.0, right=ConstMulSampler[left=ConstSubSampler[left=1.0, right=CachingDensitySampler[id=215, input=YSampler[input=Sampler[noise=net.minecraft.world.level.levelgen.synth.NoiseStack$Perlin@6d3d3247, xzScale=1.0, yScale=0.0], y=0]]], right=9.5]], right=ConstMulSampler[left=ConstSubSampler[left=1.0, right=Sampler[input=ConstMulSampler[left=CachingDensitySampler[id=12, input=YSampler[input=SubSampler[left=ConstSubSampler[left=1.0, right=ConstMulSampler[left=YSampler[input=Sampler[x=-3889, y=0, z=2559, metric=EUCLIDEAN], y=0], right=0.021276595]], right=ConstMulSampler[left=ConstAddSampler[left=CachingDensitySampler[id=1, input=YSampler[input=Sampler[noise=net.minecraft.world.level.levelgen.synth.NoiseStack$Perlin@1685443b, xzScale=1.0, yScale=0.0], y=0]], right=1.0], right=0.2]], y=0]], right=1.6666666], min=0.0, max=1.0]], right=3.8]], y=0]]], right=ConstantFunction[value=12.0]] ([783.7; 825.5]) and ConstantFunction[value=773.0] ([773.0; 773.0])
[12:13:09] [Worker-Main-2/WARN]: Compiling a MIN function between two non-overlapping inputs: BinaryFunction[type=SUB, left=PreparedCache[id=572, range=[976.1; 1032.0], domainAxes=5, cachingSampler=CachingDensitySampler[id=572, input=YSampler[input=SubSampler[left=ConstSubSampler[left=1020.0, right=ConstMulSampler[left=ConstSubSampler[left=1.0, right=CachingDensitySampler[id=215, input=YSampler[input=Sampler[noise=net.minecraft.world.level.levelgen.synth.NoiseStack$Perlin@6d3d3247, xzScale=1.0, yScale=0.0], y=0]]], right=12.0]], right=ConstMulSampler[left=ConstSubSampler[left=1.0, right=Sampler[input=ConstMulSampler[left=CachingDensitySampler[id=14, input=YSampler[input=SubSampler[left=ConstSubSampler[left=1.0, right=ConstMulSampler[left=YSampler[input=Sampler[x=-3688, y=0, z=2866, metric=EUCLIDEAN], y=0], right=0.012048192]], right=ConstMulSampler[left=ConstAddSampler[left=CachingDensitySampler[id=1, input=YSampler[input=Sampler[noise=net.minecraft.world.level.levelgen.synth.NoiseStack$Perlin@1685443b, xzScale=1.0, yScale=0.0], y=0]], right=1.0], right=0.2]], y=0]], right=1.6666666], min=0.0, max=1.0]], right=7.9]], y=0]]], right=ConstantFunction[value=12.0]] ([964.1; 1020.0]) and ConstantFunction[value=960.0] ([960.0; 960.0])
[12:13:09] [Worker-Main-2/WARN]: Compiling a MIN function between two non-overlapping inputs: BinaryFunction[type=SUB, left=PreparedCache[id=572, range=[976.1; 1032.0], domainAxes=5, cachingSampler=CachingDensitySampler[id=572, input=YSampler[input=SubSampler[left=ConstSubSampler[left=1020.0, right=ConstMulSampler[left=ConstSubSampler[left=1.0, right=CachingDensitySampler[id=215, input=YSampler[input=Sampler[noise=net.minecraft.world.level.levelgen.synth.NoiseStack$Perlin@6d3d3247, xzScale=1.0, yScale=0.0], y=0]]], right=12.0]], right=ConstMulSampler[left=ConstSubSampler[left=1.0, right=Sampler[input=ConstMulSampler[left=CachingDensitySampler[id=14, input=YSampler[input=SubSampler[left=ConstSubSampler[left=1.0, right=ConstMulSampler[left=YSampler[input=Sampler[x=-3688, y=0, z=2866, metric=EUCLIDEAN], y=0], right=0.012048192]], right=ConstMulSampler[left=ConstAddSampler[left=CachingDensitySampler[id=1, input=YSampler[input=Sampler[noise=net.minecraft.world.level.levelgen.synth.NoiseStack$Perlin@1685443b, xzScale=1.0, yScale=0.0], y=0]], right=1.0], right=0.2]], y=0]], right=1.6666666], min=0.0, max=1.0]], right=7.9]], y=0]]], right=ConstantFunction[value=12.0]] ([964.1; 1020.0]) and ConstantFunction[value=960.0] ([960.0; 960.0])
[12:13:09] [Worker-Main-2/WARN]: Compiling a MIN function between two non-overlapping inputs: BinaryFunction[type=SUB, left=PreparedCache[id=574, range=[1016.7; 1067.0], domainAxes=5, cachingSampler=CachingDensitySampler[id=574, input=YSampler[input=SubSampler[left=ConstSubSampler[left=1056.0, right=ConstMulSampler[left=ConstSubSampler[left=1.0, right=CachingDensitySampler[id=215, input=YSampler[input=Sampler[noise=net.minecraft.world.level.levelgen.synth.NoiseStack$Perlin@6d3d3247, xzScale=1.0, yScale=0.0], y=0]]], right=11.0]], right=ConstMulSampler[left=ConstSubSampler[left=1.0, right=Sampler[input=ConstMulSampler[left=CachingDensitySampler[id=28, input=YSampler[input=SubSampler[left=ConstSubSampler[left=1.0, right=ConstMulSampler[left=YSampler[input=Sampler[x=-3407, y=0, z=2103, metric=EUCLIDEAN], y=0], right=0.016949153]], right=ConstMulSampler[left=ConstAddSampler[left=CachingDensitySampler[id=1, input=YSampler[input=Sampler[noise=net.minecraft.world.level.levelgen.synth.NoiseStack$Perlin@1685443b, xzScale=1.0, yScale=0.0], y=0]], right=1.0], right=0.2]], y=0]], right=1.6666666], min=0.0, max=1.0]], right=6.3]], y=0]]], right=ConstantFunction[value=12.0]] ([1004.7; 1055.0]) and ConstantFunction[value=998.0] ([998.0; 998.0])
[12:13:09] [Worker-Main-2/WARN]: Compiling a MIN function between two non-overlapping inputs: BinaryFunction[type=SUB, left=PreparedCache[id=574, range=[1016.7; 1067.0], domainAxes=5, cachingSampler=CachingDensitySampler[id=574, input=YSampler[input=SubSampler[left=ConstSubSampler[left=1056.0, right=ConstMulSampler[left=ConstSubSampler[left=1.0, right=CachingDensitySampler[id=215, input=YSampler[input=Sampler[noise=net.minecraft.world.level.levelgen.synth.NoiseStack$Perlin@6d3d3247, xzScale=1.0, yScale=0.0], y=0]]], right=11.0]], right=ConstMulSampler[left=ConstSubSampler[left=1.0, right=Sampler[input=ConstMulSampler[left=CachingDensitySampler[id=28, input=YSampler[input=SubSampler[left=ConstSubSampler[left=1.0, right=ConstMulSampler[left=YSampler[input=Sampler[x=-3407, y=0, z=2103, metric=EUCLIDEAN], y=0], right=0.016949153]], right=ConstMulSampler[left=ConstAddSampler[left=CachingDensitySampler[id=1, input=YSampler[input=Sampler[noise=net.minecraft.world.level.levelgen.synth.NoiseStack$Perlin@1685443b, xzScale=1.0, yScale=0.0], y=0]], right=1.0], right=0.2]], y=0]], right=1.6666666], min=0.0, max=1.0]], right=6.3]], y=0]]], right=ConstantFunction[value=12.0]] ([1004.7; 1055.0]) and ConstantFunction[value=998.0] ([998.0; 998.0])
[12:13:09] [Worker-Main-2/WARN]: Compiling a MIN function between two non-overlapping inputs: BinaryFunction[type=SUB, left=PreparedCache[id=576, range=[182.0; 216.0], domainAxes=5, cachingSampler=CachingDensitySampler[id=576, input=YSampler[input=SubSampler[left=ConstSubSampler[left=210.0, right=ConstMulSampler[left=ConstSubSampler[left=1.0, right=CachingDensitySampler[id=215, input=YSampler[input=Sampler[noise=net.minecraft.world.level.levelgen.synth.NoiseStack$Perlin@6d3d3247, xzScale=1.0, yScale=0.0], y=0]]], right=6.0]], right=ConstMulSampler[left=ConstSubSampler[left=1.0, right=Sampler[input=ConstMulSampler[left=CachingDensitySampler[id=47, input=YSampler[input=SubSampler[left=ConstSubSampler[left=1.0, right=ConstMulSampler[left=YSampler[input=Sampler[x=-2800, y=0, z=2600, metric=EUCLIDEAN], y=0], right=0.0040983604]], right=ConstMulSampler[left=ConstAddSampler[left=CachingDensitySampler[id=1, input=YSampler[input=Sampler[noise=net.minecraft.world.level.levelgen.synth.NoiseStack$Perlin@1685443b, xzScale=1.0, yScale=0.0], y=0]], right=1.0], right=0.2]], y=0]], right=1.6666666], min=0.0, max=1.0]], right=10.0]], y=0]]], right=ConstantFunction[value=12.0]] ([170.0; 204.0]) and ConstantFunction[value=162.0] ([162.0; 162.0])
[12:13:09] [Worker-Main-2/WARN]: Compiling a MIN function between two non-overlapping inputs: BinaryFunction[type=SUB, left=PreparedCache[id=576, range=[182.0; 216.0], domainAxes=5, cachingSampler=CachingDensitySampler[id=576, input=YSampler[input=SubSampler[left=ConstSubSampler[left=210.0, right=ConstMulSampler[left=ConstSubSampler[left=1.0, right=CachingDensitySampler[id=215, input=YSampler[input=Sampler[noise=net.minecraft.world.level.levelgen.synth.NoiseStack$Perlin@6d3d3247, xzScale=1.0, yScale=0.0], y=0]]], right=6.0]], right=ConstMulSampler[left=ConstSubSampler[left=1.0, right=Sampler[input=ConstMulSampler[left=CachingDensitySampler[id=47, input=YSampler[input=SubSampler[left=ConstSubSampler[left=1.0, right=ConstMulSampler[left=YSampler[input=Sampler[x=-2800, y=0, z=2600, metric=EUCLIDEAN], y=0], right=0.0040983604]], right=ConstMulSampler[left=ConstAddSampler[left=CachingDensitySampler[id=1, input=YSampler[input=Sampler[noise=net.minecraft.world.level.levelgen.synth.NoiseStack$Perlin@1685443b, xzScale=1.0, yScale=0.0], y=0]], right=1.0], right=0.2]], y=0]], right=1.6666666], min=0.0, max=1.0]], right=10.0]], y=0]]], right=ConstantFunction[value=12.0]] ([170.0; 204.0]) and ConstantFunction[value=162.0] ([162.0; 162.0])
[12:13:09] [Worker-Main-2/WARN]: Compiling a MIN function between two non-overlapping inputs: BinaryFunction[type=SUB, left=PreparedCache[id=580, range=[312.95; 371.25], domainAxes=5, cachingSampler=CachingDensitySampler[id=580, input=YSampler[input=SubSampler[left=ConstSubSampler[left=358.0, right=ConstMulSampler[left=ConstSubSampler[left=1.0, right=CachingDensitySampler[id=215, input=YSampler[input=Sampler[noise=net.minecraft.world.level.levelgen.synth.NoiseStack$Perlin@6d3d3247, xzScale=1.0, yScale=0.0], y=0]]], right=13.25]], right=ConstMulSampler[left=ConstSubSampler[left=1.0, right=Sampler[input=ConstMulSampler[left=CachingDensitySampler[id=29, input=YSampler[input=SubSampler[left=ConstSubSampler[left=1.0, right=ConstMulSampler[left=YSampler[input=Sampler[x=-3082, y=0, z=2802, metric=EUCLIDEAN], y=0], right=0.01754386]], right=ConstMulSampler[left=ConstAddSampler[left=CachingDensitySampler[id=1, input=YSampler[input=Sampler[noise=net.minecraft.world.level.levelgen.synth.NoiseStack$Perlin@1685443b, xzScale=1.0, yScale=0.0], y=0]], right=1.0], right=0.2]], y=0]], right=1.6666666], min=0.0, max=1.0]], right=5.3]], y=0]]], right=ConstantFunction[value=12.0]] ([300.95; 359.25]) and ConstantFunction[value=296.0] ([296.0; 296.0])
[12:13:09] [Worker-Main-2/WARN]: Compiling a MIN function between two non-overlapping inputs: BinaryFunction[type=SUB, left=PreparedCache[id=580, range=[312.95; 371.25], domainAxes=5, cachingSampler=CachingDensitySampler[id=580, input=YSampler[input=SubSampler[left=ConstSubSampler[left=358.0, right=ConstMulSampler[left=ConstSubSampler[left=1.0, right=CachingDensitySampler[id=215, input=YSampler[input=Sampler[noise=net.minecraft.world.level.levelgen.synth.NoiseStack$Perlin@6d3d3247, xzScale=1.0, yScale=0.0], y=0]]], right=13.25]], right=ConstMulSampler[left=ConstSubSampler[left=1.0, right=Sampler[input=ConstMulSampler[left=CachingDensitySampler[id=29, input=YSampler[input=SubSampler[left=ConstSubSampler[left=1.0, right=ConstMulSampler[left=YSampler[input=Sampler[x=-3082, y=0, z=2802, metric=EUCLIDEAN], y=0], right=0.01754386]], right=ConstMulSampler[left=ConstAddSampler[left=CachingDensitySampler[id=1, input=YSampler[input=Sampler[noise=net.minecraft.world.level.levelgen.synth.NoiseStack$Perlin@1685443b, xzScale=1.0, yScale=0.0], y=0]], right=1.0], right=0.2]], y=0]], right=1.6666666], min=0.0, max=1.0]], right=5.3]], y=0]]], right=ConstantFunction[value=12.0]] ([300.95; 359.25]) and ConstantFunction[value=296.0] ([296.0; 296.0])
[12:13:09] [Worker-Main-2/WARN]: Compiling a MIN function between two non-overlapping inputs: BinaryFunction[type=SUB, left=PreparedCache[id=582, range=[171.5; 226.5], domainAxes=5, cachingSampler=CachingDensitySampler[id=582, input=YSampler[input=SubSampler[left=ConstSubSampler[left=214.0, right=ConstMulSampler[left=ConstSubSampler[left=1.0, right=CachingDensitySampler[id=215, input=YSampler[input=Sampler[noise=net.minecraft.world.level.levelgen.synth.NoiseStack$Perlin@6d3d3247, xzScale=1.0, yScale=0.0], y=0]]], right=12.5]], right=ConstMulSampler[left=ConstSubSampler[left=1.0, right=Sampler[input=ConstMulSampler[left=CachingDensitySampler[id=48, input=YSampler[input=SubSampler[left=ConstSubSampler[left=1.0, right=ConstMulSampler[left=YSampler[input=Sampler[x=-2487, y=0, z=2807, metric=EUCLIDEAN], y=0], right=0.016129032]], right=ConstMulSampler[left=ConstAddSampler[left=CachingDensitySampler[id=1, input=YSampler[input=Sampler[noise=net.minecraft.world.level.levelgen.synth.NoiseStack$Perlin@1685443b, xzScale=1.0, yScale=0.0], y=0]], right=1.0], right=0.2]], y=0]], right=1.6666666], min=0.0, max=1.0]], right=5.0]], y=0]]], right=ConstantFunction[value=12.0]] ([159.5; 214.5]) and ConstantFunction[value=153.0] ([153.0; 153.0])
[12:13:09] [Worker-Main-2/WARN]: Compiling a MIN function between two non-overlapping inputs: BinaryFunction[type=SUB, left=PreparedCache[id=582, range=[171.5; 226.5], domainAxes=5, cachingSampler=CachingDensitySampler[id=582, input=YSampler[input=SubSampler[left=ConstSubSampler[left=214.0, right=ConstMulSampler[left=ConstSubSampler[left=1.0, right=CachingDensitySampler[id=215, input=YSampler[input=Sampler[noise=net.minecraft.world.level.levelgen.synth.NoiseStack$Perlin@6d3d3247, xzScale=1.0, yScale=0.0], y=0]]], right=12.5]], right=ConstMulSampler[left=ConstSubSampler[left=1.0, right=Sampler[input=ConstMulSampler[left=CachingDensitySampler[id=48, input=YSampler[input=SubSampler[left=ConstSubSampler[left=1.0, right=ConstMulSampler[left=YSampler[input=Sampler[x=-2487, y=0, z=2807, metric=EUCLIDEAN], y=0], right=0.016129032]], right=ConstMulSampler[left=ConstAddSampler[left=CachingDensitySampler[id=1, input=YSampler[input=Sampler[noise=net.minecraft.world.level.levelgen.synth.NoiseStack$Perlin@1685443b, xzScale=1.0, yScale=0.0], y=0]], right=1.0], right=0.2]], y=0]], right=1.6666666], min=0.0, max=1.0]], right=5.0]], y=0]]], right=ConstantFunction[value=12.0]] ([159.5; 214.5]) and ConstantFunction[value=153.0] ([153.0; 153.0])
[12:13:09] [Worker-Main-2/WARN]: Compiling a MIN function between two non-overlapping inputs: BinaryFunction[type=SUB, left=PreparedCache[id=584, range=[190.1; 220.0], domainAxes=5, cachingSampler=CachingDensitySampler[id=584, input=YSampler[input=SubSampler[left=ConstSubSampler[left=214.0, right=ConstMulSampler[left=ConstSubSampler[left=1.0, right=CachingDensitySampler[id=215, input=YSampler[input=Sampler[noise=net.minecraft.world.level.levelgen.synth.NoiseStack$Perlin@6d3d3247, xzScale=1.0, yScale=0.0], y=0]]], right=6.0]], right=ConstMulSampler[left=ConstSubSampler[left=1.0, right=Sampler[input=ConstMulSampler[left=CachingDensitySampler[id=65, input=YSampler[input=SubSampler[left=ConstSubSampler[left=1.0, right=ConstMulSampler[left=YSampler[input=Sampler[x=-2402, y=0, z=2668, metric=EUCLIDEAN], y=0], right=0.016666668]], right=ConstMulSampler[left=ConstAddSampler[left=CachingDensitySampler[id=1, input=YSampler[input=Sampler[noise=net.minecraft.world.level.levelgen.synth.NoiseStack$Perlin@1685443b, xzScale=1.0, yScale=0.0], y=0]], right=1.0], right=0.2]], y=0]], right=1.6666666], min=0.0, max=1.0]], right=5.9]], y=0]]], right=ConstantFunction[value=12.0]] ([178.1; 208.0]) and ConstantFunction[value=166.0] ([166.0; 166.0])
[12:13:09] [Worker-Main-2/WARN]: Compiling a MIN function between two non-overlapping inputs: BinaryFunction[type=SUB, left=PreparedCache[id=584, range=[190.1; 220.0], domainAxes=5, cachingSampler=CachingDensitySampler[id=584, input=YSampler[input=SubSampler[left=ConstSubSampler[left=214.0, right=ConstMulSampler[left=ConstSubSampler[left=1.0, right=CachingDensitySampler[id=215, input=YSampler[input=Sampler[noise=net.minecraft.world.level.levelgen.synth.NoiseStack$Perlin@6d3d3247, xzScale=1.0, yScale=0.0], y=0]]], right=6.0]], right=ConstMulSampler[left=ConstSubSampler[left=1.0, right=Sampler[input=ConstMulSampler[left=CachingDensitySampler[id=65, input=YSampler[input=SubSampler[left=ConstSubSampler[left=1.0, right=ConstMulSampler[left=YSampler[input=Sampler[x=-2402, y=0, z=2668, metric=EUCLIDEAN], y=0], right=0.016666668]], right=ConstMulSampler[left=ConstAddSampler[left=CachingDensitySampler[id=1, input=YSampler[input=Sampler[noise=net.minecraft.world.level.levelgen.synth.NoiseStack$Perlin@1685443b, xzScale=1.0, yScale=0.0], y=0]], right=1.0], right=0.2]], y=0]], right=1.6666666], min=0.0, max=1.0]], right=5.9]], y=0]]], right=ConstantFunction[value=12.0]] ([178.1; 208.0]) and ConstantFunction[value=166.0] ([166.0; 166.0])
[12:13:09] [Worker-Main-2/WARN]: Compiling a MIN function between two non-overlapping inputs: BinaryFunction[type=SUB, left=PreparedCache[id=586, range=[102.55; 143.25], domainAxes=5, cachingSampler=CachingDensitySampler[id=586, input=YSampler[input=SubSampler[left=ConstSubSampler[left=134.0, right=ConstMulSampler[left=ConstSubSampler[left=1.0, right=CachingDensitySampler[id=215, input=YSampler[input=Sampler[noise=net.minecraft.world.level.levelgen.synth.NoiseStack$Perlin@6d3d3247, xzScale=1.0, yScale=0.0], y=0]]], right=9.25]], right=ConstMulSampler[left=ConstSubSampler[left=1.0, right=Sampler[input=ConstMulSampler[left=CachingDensitySampler[id=63, input=YSampler[input=SubSampler[left=ConstSubSampler[left=1.0, right=ConstMulSampler[left=YSampler[input=Sampler[x=-2291, y=0, z=2571, metric=EUCLIDEAN], y=0], right=0.02173913]], right=ConstMulSampler[left=ConstAddSampler[left=CachingDensitySampler[id=1, input=YSampler[input=Sampler[noise=net.minecraft.world.level.levelgen.synth.NoiseStack$Perlin@1685443b, xzScale=1.0, yScale=0.0], y=0]], right=1.0], right=0.2]], y=0]], right=1.6666666], min=0.0, max=1.0]], right=3.7]], y=0]]], right=ConstantFunction[value=12.0]] ([90.55; 131.25]) and ConstantFunction[value=80.0] ([80.0; 80.0])
[12:13:09] [Worker-Main-2/WARN]: Compiling a MIN function between two non-overlapping inputs: BinaryFunction[type=SUB, left=PreparedCache[id=586, range=[102.55; 143.25], domainAxes=5, cachingSampler=CachingDensitySampler[id=586, input=YSampler[input=SubSampler[left=ConstSubSampler[left=134.0, right=ConstMulSampler[left=ConstSubSampler[left=1.0, right=CachingDensitySampler[id=215, input=YSampler[input=Sampler[noise=net.minecraft.world.level.levelgen.synth.NoiseStack$Perlin@6d3d3247, xzScale=1.0, yScale=0.0], y=0]]], right=9.25]], right=ConstMulSampler[left=ConstSubSampler[left=1.0, right=Sampler[input=ConstMulSampler[left=CachingDensitySampler[id=63, input=YSampler[input=SubSampler[left=ConstSubSampler[left=1.0, right=ConstMulSampler[left=YSampler[input=Sampler[x=-2291, y=0, z=2571, metric=EUCLIDEAN], y=0], right=0.02173913]], right=ConstMulSampler[left=ConstAddSampler[left=CachingDensitySampler[id=1, input=YSampler[input=Sampler[noise=net.minecraft.world.level.levelgen.synth.NoiseStack$Perlin@1685443b, xzScale=1.0, yScale=0.0], y=0]], right=1.0], right=0.2]], y=0]], right=1.6666666], min=0.0, max=1.0]], right=3.7]], y=0]]], right=ConstantFunction[value=12.0]] ([90.55; 131.25]) and ConstantFunction[value=80.0] ([80.0; 80.0])
[12:13:09] [Worker-Main-2/WARN]: Compiling a MIN function between two non-overlapping inputs: BinaryFunction[type=SUB, left=PreparedCache[id=600, range=[-277.5; -257.5], domainAxes=5, cachingSampler=CachingDensitySampler[id=600, input=YSampler[input=SubSampler[left=ConstSubSampler[left=-260.0, right=ConstMulSampler[left=ConstSubSampler[left=1.0, right=CachingDensitySampler[id=215, input=YSampler[input=Sampler[noise=net.minecraft.world.level.levelgen.synth.NoiseStack$Perlin@6d3d3247, xzScale=1.0, yScale=0.0], y=0]]], right=2.5]], right=ConstMulSampler[left=ConstSubSampler[left=1.0, right=Sampler[input=ConstMulSampler[left=CachingDensitySampler[id=198, input=YSampler[input=SubSampler[left=ConstSubSampler[left=1.0, right=ConstMulSampler[left=YSampler[input=Sampler[x=3700, y=0, z=2200, metric=EUCLIDEAN], y=0], right=0.004237288]], right=ConstMulSampler[left=ConstAddSampler[left=CachingDensitySampler[id=1, input=YSampler[input=Sampler[noise=net.minecraft.world.level.levelgen.synth.NoiseStack$Perlin@1685443b, xzScale=1.0, yScale=0.0], y=0]], right=1.0], right=0.2]], y=0]], right=1.6666666], min=0.0, max=1.0]], right=10.0]], y=0]]], right=ConstantFunction[value=12.0]] ([-289.5; -269.5]) and ConstantFunction[value=-301.0] ([-301.0; -301.0])
[12:13:09] [Worker-Main-2/WARN]: Compiling a MIN function between two non-overlapping inputs: BinaryFunction[type=SUB, left=PreparedCache[id=600, range=[-277.5; -257.5], domainAxes=5, cachingSampler=CachingDensitySampler[id=600, input=YSampler[input=SubSampler[left=ConstSubSampler[left=-260.0, right=ConstMulSampler[left=ConstSubSampler[left=1.0, right=CachingDensitySampler[id=215, input=YSampler[input=Sampler[noise=net.minecraft.world.level.levelgen.synth.NoiseStack$Perlin@6d3d3247, xzScale=1.0, yScale=0.0], y=0]]], right=2.5]], right=ConstMulSampler[left=ConstSubSampler[left=1.0, right=Sampler[input=ConstMulSampler[left=CachingDensitySampler[id=198, input=YSampler[input=SubSampler[left=ConstSubSampler[left=1.0, right=ConstMulSampler[left=YSampler[input=Sampler[x=3700, y=0, z=2200, metric=EUCLIDEAN], y=0], right=0.004237288]], right=ConstMulSampler[left=ConstAddSampler[left=CachingDensitySampler[id=1, input=YSampler[input=Sampler[noise=net.minecraft.world.level.levelgen.synth.NoiseStack$Perlin@1685443b, xzScale=1.0, yScale=0.0], y=0]], right=1.0], right=0.2]], y=0]], right=1.6666666], min=0.0, max=1.0]], right=10.0]], y=0]]], right=ConstantFunction[value=12.0]] ([-289.5; -269.5]) and ConstantFunction[value=-301.0] ([-301.0; -301.0])
[12:13:09] [Worker-Main-2/WARN]: Compiling a MIN function between two non-overlapping inputs: BinaryFunction[type=SUB, left=PreparedCache[id=602, range=[-226.9; -209.5], domainAxes=5, cachingSampler=CachingDensitySampler[id=602, input=YSampler[input=SubSampler[left=ConstSubSampler[left=-212.0, right=ConstMulSampler[left=ConstSubSampler[left=1.0, right=CachingDensitySampler[id=215, input=YSampler[input=Sampler[noise=net.minecraft.world.level.levelgen.synth.NoiseStack$Perlin@6d3d3247, xzScale=1.0, yScale=0.0], y=0]]], right=2.5]], right=ConstMulSampler[left=ConstSubSampler[left=1.0, right=Sampler[input=ConstMulSampler[left=CachingDensitySampler[id=199, input=YSampler[input=SubSampler[left=ConstSubSampler[left=1.0, right=ConstMulSampler[left=YSampler[input=Sampler[x=3313, y=0, z=2142, metric=EUCLIDEAN], y=0], right=0.0125]], right=ConstMulSampler[left=ConstAddSampler[left=CachingDensitySampler[id=1, input=YSampler[input=Sampler[noise=net.minecraft.world.level.levelgen.synth.NoiseStack$Perlin@1685443b, xzScale=1.0, yScale=0.0], y=0]], right=1.0], right=0.2]], y=0]], right=1.6666666], min=0.0, max=1.0]], right=7.4]], y=0]]], right=ConstantFunction[value=12.0]] ([-238.9; -221.5]) and ConstantFunction[value=-253.0] ([-253.0; -253.0])
[12:13:09] [Worker-Main-2/WARN]: Compiling a MIN function between two non-overlapping inputs: BinaryFunction[type=SUB, left=PreparedCache[id=602, range=[-226.9; -209.5], domainAxes=5, cachingSampler=CachingDensitySampler[id=602, input=YSampler[input=SubSampler[left=ConstSubSampler[left=-212.0, right=ConstMulSampler[left=ConstSubSampler[left=1.0, right=CachingDensitySampler[id=215, input=YSampler[input=Sampler[noise=net.minecraft.world.level.levelgen.synth.NoiseStack$Perlin@6d3d3247, xzScale=1.0, yScale=0.0], y=0]]], right=2.5]], right=ConstMulSampler[left=ConstSubSampler[left=1.0, right=Sampler[input=ConstMulSampler[left=CachingDensitySampler[id=199, input=YSampler[input=SubSampler[left=ConstSubSampler[left=1.0, right=ConstMulSampler[left=YSampler[input=Sampler[x=3313, y=0, z=2142, metric=EUCLIDEAN], y=0], right=0.0125]], right=ConstMulSampler[left=ConstAddSampler[left=CachingDensitySampler[id=1, input=YSampler[input=Sampler[noise=net.minecraft.world.level.levelgen.synth.NoiseStack$Perlin@1685443b, xzScale=1.0, yScale=0.0], y=0]], right=1.0], right=0.2]], y=0]], right=1.6666666], min=0.0, max=1.0]], right=7.4]], y=0]]], right=ConstantFunction[value=12.0]] ([-238.9; -221.5]) and ConstantFunction[value=-253.0] ([-253.0; -253.0])
[12:13:09] [Worker-Main-2/WARN]: Compiling a MIN function between two non-overlapping inputs: BinaryFunction[type=SUB, left=PreparedCache[id=604, range=[-129.5; -109.5], domainAxes=5, cachingSampler=CachingDensitySampler[id=604, input=YSampler[input=SubSampler[left=ConstSubSampler[left=-112.0, right=ConstMulSampler[left=ConstSubSampler[left=1.0, right=CachingDensitySampler[id=215, input=YSampler[input=Sampler[noise=net.minecraft.world.level.levelgen.synth.NoiseStack$Perlin@6d3d3247, xzScale=1.0, yScale=0.0], y=0]]], right=2.5]], right=ConstMulSampler[left=ConstSubSampler[left=1.0, right=Sampler[input=ConstMulSampler[left=CachingDensitySampler[id=200, input=YSampler[input=SubSampler[left=ConstSubSampler[left=1.0, right=ConstMulSampler[left=YSampler[input=Sampler[x=3232, y=0, z=2331, metric=EUCLIDEAN], y=0], right=0.00990099]], right=ConstMulSampler[left=ConstAddSampler[left=CachingDensitySampler[id=1, input=YSampler[input=Sampler[noise=net.minecraft.world.level.levelgen.synth.NoiseStack$Perlin@1685443b, xzScale=1.0, yScale=0.0], y=0]], right=1.0], right=0.2]], y=0]], right=1.6666666], min=0.0, max=1.0]], right=10.0]], y=0]]], right=ConstantFunction[value=12.0]] ([-141.5; -121.5]) and ConstantFunction[value=-153.0] ([-153.0; -153.0])
[12:13:09] [Worker-Main-2/WARN]: Compiling a MIN function between two non-overlapping inputs: BinaryFunction[type=SUB, left=PreparedCache[id=604, range=[-129.5; -109.5], domainAxes=5, cachingSampler=CachingDensitySampler[id=604, input=YSampler[input=SubSampler[left=ConstSubSampler[left=-112.0, right=ConstMulSampler[left=ConstSubSampler[left=1.0, right=CachingDensitySampler[id=215, input=YSampler[input=Sampler[noise=net.minecraft.world.level.levelgen.synth.NoiseStack$Perlin@6d3d3247, xzScale=1.0, yScale=0.0], y=0]]], right=2.5]], right=ConstMulSampler[left=ConstSubSampler[left=1.0, right=Sampler[input=ConstMulSampler[left=CachingDensitySampler[id=200, input=YSampler[input=SubSampler[left=ConstSubSampler[left=1.0, right=ConstMulSampler[left=YSampler[input=Sampler[x=3232, y=0, z=2331, metric=EUCLIDEAN], y=0], right=0.00990099]], right=ConstMulSampler[left=ConstAddSampler[left=CachingDensitySampler[id=1, input=YSampler[input=Sampler[noise=net.minecraft.world.level.levelgen.synth.NoiseStack$Perlin@1685443b, xzScale=1.0, yScale=0.0], y=0]], right=1.0], right=0.2]], y=0]], right=1.6666666], min=0.0, max=1.0]], right=10.0]], y=0]]], right=ConstantFunction[value=12.0]] ([-141.5; -121.5]) and ConstantFunction[value=-153.0] ([-153.0; -153.0])
[12:13:09] [Worker-Main-2/WARN]: Compiling a MIN function between two non-overlapping inputs: BinaryFunction[type=SUB, left=PreparedCache[id=606, range=[-223.2; -209.5], domainAxes=5, cachingSampler=CachingDensitySampler[id=606, input=YSampler[input=SubSampler[left=ConstSubSampler[left=-212.0, right=ConstMulSampler[left=ConstSubSampler[left=1.0, right=CachingDensitySampler[id=215, input=YSampler[input=Sampler[noise=net.minecraft.world.level.levelgen.synth.NoiseStack$Perlin@6d3d3247, xzScale=1.0, yScale=0.0], y=0]]], right=2.5]], right=ConstMulSampler[left=ConstSubSampler[left=1.0, right=Sampler[input=ConstMulSampler[left=CachingDensitySampler[id=202, input=YSampler[input=SubSampler[left=ConstSubSampler[left=1.0, right=ConstMulSampler[left=YSampler[input=Sampler[x=3537, y=0, z=2473, metric=EUCLIDEAN], y=0], right=0.023255814]], right=ConstMulSampler[left=ConstAddSampler[left=CachingDensitySampler[id=1, input=YSampler[input=Sampler[noise=net.minecraft.world.level.levelgen.synth.NoiseStack$Perlin@1685443b, xzScale=1.0, yScale=0.0], y=0]], right=1.0], right=0.2]], y=0]], right=1.6666666], min=0.0, max=1.0]], right=3.7]], y=0]]], right=ConstantFunction[value=12.0]] ([-235.2; -221.5]) and ConstantFunction[value=-253.0] ([-253.0; -253.0])
[12:13:09] [Worker-Main-2/WARN]: Compiling a MIN function between two non-overlapping inputs: BinaryFunction[type=SUB, left=PreparedCache[id=606, range=[-223.2; -209.5], domainAxes=5, cachingSampler=CachingDensitySampler[id=606, input=YSampler[input=SubSampler[left=ConstSubSampler[left=-212.0, right=ConstMulSampler[left=ConstSubSampler[left=1.0, right=CachingDensitySampler[id=215, input=YSampler[input=Sampler[noise=net.minecraft.world.level.levelgen.synth.NoiseStack$Perlin@6d3d3247, xzScale=1.0, yScale=0.0], y=0]]], right=2.5]], right=ConstMulSampler[left=ConstSubSampler[left=1.0, right=Sampler[input=ConstMulSampler[left=CachingDensitySampler[id=202, input=YSampler[input=SubSampler[left=ConstSubSampler[left=1.0, right=ConstMulSampler[left=YSampler[input=Sampler[x=3537, y=0, z=2473, metric=EUCLIDEAN], y=0], right=0.023255814]], right=ConstMulSampler[left=ConstAddSampler[left=CachingDensitySampler[id=1, input=YSampler[input=Sampler[noise=net.minecraft.world.level.levelgen.synth.NoiseStack$Perlin@1685443b, xzScale=1.0, yScale=0.0], y=0]], right=1.0], right=0.2]], y=0]], right=1.6666666], min=0.0, max=1.0]], right=3.7]], y=0]]], right=ConstantFunction[value=12.0]] ([-235.2; -221.5]) and ConstantFunction[value=-253.0] ([-253.0; -253.0])
[12:13:09] [Worker-Main-2/WARN]: Compiling a MIN function between two non-overlapping inputs: BinaryFunction[type=SUB, left=PreparedCache[id=608, range=[-268.0; -253.5], domainAxes=5, cachingSampler=CachingDensitySampler[id=608, input=YSampler[input=SubSampler[left=ConstSubSampler[left=-256.0, right=ConstMulSampler[left=ConstSubSampler[left=1.0, right=CachingDensitySampler[id=215, input=YSampler[input=Sampler[noise=net.minecraft.world.level.levelgen.synth.NoiseStack$Perlin@6d3d3247, xzScale=1.0, yScale=0.0], y=0]]], right=2.5]], right=ConstMulSampler[left=ConstSubSampler[left=1.0, right=Sampler[input=ConstMulSampler[left=CachingDensitySampler[id=184, input=YSampler[input=SubSampler[left=ConstSubSampler[left=1.0, right=ConstMulSampler[left=YSampler[input=Sampler[x=3104, y=0, z=2470, metric=EUCLIDEAN], y=0], right=0.018181818]], right=ConstMulSampler[left=ConstAddSampler[left=CachingDensitySampler[id=1, input=YSampler[input=Sampler[noise=net.minecraft.world.level.levelgen.synth.NoiseStack$Perlin@1685443b, xzScale=1.0, yScale=0.0], y=0]], right=1.0], right=0.2]], y=0]], right=1.6666666], min=0.0, max=1.0]], right=4.5]], y=0]]], right=ConstantFunction[value=12.0]] ([-280.0; -265.5]) and ConstantFunction[value=-297.0] ([-297.0; -297.0])
[12:13:09] [Worker-Main-2/WARN]: Compiling a MIN function between two non-overlapping inputs: BinaryFunction[type=SUB, left=PreparedCache[id=608, range=[-268.0; -253.5], domainAxes=5, cachingSampler=CachingDensitySampler[id=608, input=YSampler[input=SubSampler[left=ConstSubSampler[left=-256.0, right=ConstMulSampler[left=ConstSubSampler[left=1.0, right=CachingDensitySampler[id=215, input=YSampler[input=Sampler[noise=net.minecraft.world.level.levelgen.synth.NoiseStack$Perlin@6d3d3247, xzScale=1.0, yScale=0.0], y=0]]], right=2.5]], right=ConstMulSampler[left=ConstSubSampler[left=1.0, right=Sampler[input=ConstMulSampler[left=CachingDensitySampler[id=184, input=YSampler[input=SubSampler[left=ConstSubSampler[left=1.0, right=ConstMulSampler[left=YSampler[input=Sampler[x=3104, y=0, z=2470, metric=EUCLIDEAN], y=0], right=0.018181818]], right=ConstMulSampler[left=ConstAddSampler[left=CachingDensitySampler[id=1, input=YSampler[input=Sampler[noise=net.minecraft.world.level.levelgen.synth.NoiseStack$Perlin@1685443b, xzScale=1.0, yScale=0.0], y=0]], right=1.0], right=0.2]], y=0]], right=1.6666666], min=0.0, max=1.0]], right=4.5]], y=0]]], right=ConstantFunction[value=12.0]] ([-280.0; -265.5]) and ConstantFunction[value=-297.0] ([-297.0; -297.0])
[12:13:09] [Worker-Main-2/WARN]: Compiling a MIN function between two non-overlapping inputs: BinaryFunction[type=SUB, left=PreparedCache[id=616, range=[223.0; 269.0], domainAxes=5, cachingSampler=CachingDensitySampler[id=616, input=YSampler[input=SubSampler[left=ConstSubSampler[left=260.0, right=ConstMulSampler[left=ConstSubSampler[left=1.0, right=CachingDensitySampler[id=215, input=YSampler[input=Sampler[noise=net.minecraft.world.level.levelgen.synth.NoiseStack$Perlin@6d3d3247, xzScale=1.0, yScale=0.0], y=0]]], right=9.0]], right=ConstMulSampler[left=ConstSubSampler[left=1.0, right=Sampler[input=ConstMulSampler[left=CachingDensitySampler[id=145, input=YSampler[input=SubSampler[left=ConstSubSampler[left=1.0, right=ConstMulSampler[left=YSampler[input=Sampler[x=1285, y=0, z=1603, metric=EUCLIDEAN], y=0], right=0.007633588]], right=ConstMulSampler[left=ConstAddSampler[left=CachingDensitySampler[id=1, input=YSampler[input=Sampler[noise=net.minecraft.world.level.levelgen.synth.NoiseStack$Perlin@1685443b, xzScale=1.0, yScale=0.0], y=0]], right=1.0], right=0.2]], y=0]], right=1.6666666], min=0.0, max=1.0]], right=10.0]], y=0]]], right=ConstantFunction[value=12.0]] ([211.0; 257.0]) and ConstantFunction[value=206.0] ([206.0; 206.0])
[12:13:09] [Worker-Main-2/WARN]: Compiling a MIN function between two non-overlapping inputs: BinaryFunction[type=SUB, left=PreparedCache[id=616, range=[223.0; 269.0], domainAxes=5, cachingSampler=CachingDensitySampler[id=616, input=YSampler[input=SubSampler[left=ConstSubSampler[left=260.0, right=ConstMulSampler[left=ConstSubSampler[left=1.0, right=CachingDensitySampler[id=215, input=YSampler[input=Sampler[noise=net.minecraft.world.level.levelgen.synth.NoiseStack$Perlin@6d3d3247, xzScale=1.0, yScale=0.0], y=0]]], right=9.0]], right=ConstMulSampler[left=ConstSubSampler[left=1.0, right=Sampler[input=ConstMulSampler[left=CachingDensitySampler[id=145, input=YSampler[input=SubSampler[left=ConstSubSampler[left=1.0, right=ConstMulSampler[left=YSampler[input=Sampler[x=1285, y=0, z=1603, metric=EUCLIDEAN], y=0], right=0.007633588]], right=ConstMulSampler[left=ConstAddSampler[left=CachingDensitySampler[id=1, input=YSampler[input=Sampler[noise=net.minecraft.world.level.levelgen.synth.NoiseStack$Perlin@1685443b, xzScale=1.0, yScale=0.0], y=0]], right=1.0], right=0.2]], y=0]], right=1.6666666], min=0.0, max=1.0]], right=10.0]], y=0]]], right=ConstantFunction[value=12.0]] ([211.0; 257.0]) and ConstantFunction[value=206.0] ([206.0; 206.0])
[12:13:09] [Worker-Main-2/WARN]: Compiling a MIN function between two non-overlapping inputs: BinaryFunction[type=SUB, left=PreparedCache[id=618, range=[99.45; 146.75], domainAxes=5, cachingSampler=CachingDensitySampler[id=618, input=YSampler[input=SubSampler[left=ConstSubSampler[left=136.0, right=ConstMulSampler[left=ConstSubSampler[left=1.0, right=CachingDensitySampler[id=215, input=YSampler[input=Sampler[noise=net.minecraft.world.level.levelgen.synth.NoiseStack$Perlin@6d3d3247, xzScale=1.0, yScale=0.0], y=0]]], right=10.75]], right=ConstMulSampler[left=ConstSubSampler[left=1.0, right=Sampler[input=ConstMulSampler[left=CachingDensitySampler[id=73, input=YSampler[input=SubSampler[left=ConstSubSampler[left=1.0, right=ConstMulSampler[left=YSampler[input=Sampler[x=-1498, y=0, z=-1813, metric=EUCLIDEAN], y=0], right=0.021276595]], right=ConstMulSampler[left=ConstAddSampler[left=CachingDensitySampler[id=1, input=YSampler[input=Sampler[noise=net.minecraft.world.level.levelgen.synth.NoiseStack$Perlin@1685443b, xzScale=1.0, yScale=0.0], y=0]], right=1.0], right=0.2]], y=0]], right=1.6666666], min=0.0, max=1.0]], right=4.3]], y=0]]], right=ConstantFunction[value=12.0]] ([87.45; 134.75]) and ConstantFunction[value=78.0] ([78.0; 78.0])
[12:13:09] [Worker-Main-2/WARN]: Compiling a MIN function between two non-overlapping inputs: BinaryFunction[type=SUB, left=PreparedCache[id=618, range=[99.45; 146.75], domainAxes=5, cachingSampler=CachingDensitySampler[id=618, input=YSampler[input=SubSampler[left=ConstSubSampler[left=136.0, right=ConstMulSampler[left=ConstSubSampler[left=1.0, right=CachingDensitySampler[id=215, input=YSampler[input=Sampler[noise=net.minecraft.world.level.levelgen.synth.NoiseStack$Perlin@6d3d3247, xzScale=1.0, yScale=0.0], y=0]]], right=10.75]], right=ConstMulSampler[left=ConstSubSampler[left=1.0, right=Sampler[input=ConstMulSampler[left=CachingDensitySampler[id=73, input=YSampler[input=SubSampler[left=ConstSubSampler[left=1.0, right=ConstMulSampler[left=YSampler[input=Sampler[x=-1498, y=0, z=-1813, metric=EUCLIDEAN], y=0], right=0.021276595]], right=ConstMulSampler[left=ConstAddSampler[left=CachingDensitySampler[id=1, input=YSampler[input=Sampler[noise=net.minecraft.world.level.levelgen.synth.NoiseStack$Perlin@1685443b, xzScale=1.0, yScale=0.0], y=0]], right=1.0], right=0.2]], y=0]], right=1.6666666], min=0.0, max=1.0]], right=4.3]], y=0]]], right=ConstantFunction[value=12.0]] ([87.45; 134.75]) and ConstantFunction[value=78.0] ([78.0; 78.0])
[12:13:09] [Worker-Main-2/WARN]: Compiling a MIN function between two non-overlapping inputs: BinaryFunction[type=SUB, left=PreparedCache[id=620, range=[353.85; 418.75], domainAxes=5, cachingSampler=CachingDensitySampler[id=620, input=YSampler[input=SubSampler[left=ConstSubSampler[left=404.0, right=ConstMulSampler[left=ConstSubSampler[left=1.0, right=CachingDensitySampler[id=215, input=YSampler[input=Sampler[noise=net.minecraft.world.level.levelgen.synth.NoiseStack$Perlin@6d3d3247, xzScale=1.0, yScale=0.0], y=0]]], right=14.75]], right=ConstMulSampler[left=ConstSubSampler[left=1.0, right=Sampler[input=ConstMulSampler[left=CachingDensitySampler[id=71, input=YSampler[input=SubSampler[left=ConstSubSampler[left=1.0, right=ConstMulSampler[left=YSampler[input=Sampler[x=-1907, y=0, z=-1970, metric=EUCLIDEAN], y=0], right=0.014705882]], right=ConstMulSampler[left=ConstAddSampler[left=CachingDensitySampler[id=1, input=YSampler[input=Sampler[noise=net.minecraft.world.level.levelgen.synth.NoiseStack$Perlin@1685443b, xzScale=1.0, yScale=0.0], y=0]], right=1.0], right=0.2]], y=0]], right=1.6666666], min=0.0, max=1.0]], right=5.9]], y=0]]], right=ConstantFunction[value=12.0]] ([341.85; 406.75]) and ConstantFunction[value=338.0] ([338.0; 338.0])
[12:13:09] [Worker-Main-2/WARN]: Compiling a MIN function between two non-overlapping inputs: BinaryFunction[type=SUB, left=PreparedCache[id=620, range=[353.85; 418.75], domainAxes=5, cachingSampler=CachingDensitySampler[id=620, input=YSampler[input=SubSampler[left=ConstSubSampler[left=404.0, right=ConstMulSampler[left=ConstSubSampler[left=1.0, right=CachingDensitySampler[id=215, input=YSampler[input=Sampler[noise=net.minecraft.world.level.levelgen.synth.NoiseStack$Perlin@6d3d3247, xzScale=1.0, yScale=0.0], y=0]]], right=14.75]], right=ConstMulSampler[left=ConstSubSampler[left=1.0, right=Sampler[input=ConstMulSampler[left=CachingDensitySampler[id=71, input=YSampler[input=SubSampler[left=ConstSubSampler[left=1.0, right=ConstMulSampler[left=YSampler[input=Sampler[x=-1907, y=0, z=-1970, metric=EUCLIDEAN], y=0], right=0.014705882]], right=ConstMulSampler[left=ConstAddSampler[left=CachingDensitySampler[id=1, input=YSampler[input=Sampler[noise=net.minecraft.world.level.levelgen.synth.NoiseStack$Perlin@1685443b, xzScale=1.0, yScale=0.0], y=0]], right=1.0], right=0.2]], y=0]], right=1.6666666], min=0.0, max=1.0]], right=5.9]], y=0]]], right=ConstantFunction[value=12.0]] ([341.85; 406.75]) and ConstantFunction[value=338.0] ([338.0; 338.0])
[12:13:09] [Worker-Main-2/WARN]: Compiling a MIN function between two non-overlapping inputs: BinaryFunction[type=SUB, left=PreparedCache[id=622, range=[-200.0; -159.0], domainAxes=5, cachingSampler=CachingDensitySampler[id=622, input=YSampler[input=SubSampler[left=ConstSubSampler[left=-168.0, right=ConstMulSampler[left=ConstSubSampler[left=1.0, right=CachingDensitySampler[id=215, input=YSampler[input=Sampler[noise=net.minecraft.world.level.levelgen.synth.NoiseStack$Perlin@6d3d3247, xzScale=1.0, yScale=0.0], y=0]]], right=9.0]], right=ConstMulSampler[left=ConstSubSampler[left=1.0, right=Sampler[input=ConstMulSampler[left=CachingDensitySampler[id=135, input=YSampler[input=SubSampler[left=ConstSubSampler[left=1.0, right=ConstMulSampler[left=YSampler[input=Sampler[x=928, y=0, z=-1724, metric=EUCLIDEAN], y=0], right=0.019607844]], right=ConstMulSampler[left=ConstAddSampler[left=CachingDensitySampler[id=1, input=YSampler[input=Sampler[noise=net.minecraft.world.level.levelgen.synth.NoiseStack$Perlin@1685443b, xzScale=1.0, yScale=0.0], y=0]], right=1.0], right=0.2]], y=0]], right=1.6666666], min=0.0, max=1.0]], right=5.0]], y=0]]], right=ConstantFunction[value=12.0]] ([-212.0; -171.0]) and ConstantFunction[value=-222.0] ([-222.0; -222.0])
[12:13:09] [Worker-Main-2/WARN]: Compiling a MIN function between two non-overlapping inputs: BinaryFunction[type=SUB, left=PreparedCache[id=622, range=[-200.0; -159.0], domainAxes=5, cachingSampler=CachingDensitySampler[id=622, input=YSampler[input=SubSampler[left=ConstSubSampler[left=-168.0, right=ConstMulSampler[left=ConstSubSampler[left=1.0, right=CachingDensitySampler[id=215, input=YSampler[input=Sampler[noise=net.minecraft.world.level.levelgen.synth.NoiseStack$Perlin@6d3d3247, xzScale=1.0, yScale=0.0], y=0]]], right=9.0]], right=ConstMulSampler[left=ConstSubSampler[left=1.0, right=Sampler[input=ConstMulSampler[left=CachingDensitySampler[id=135, input=YSampler[input=SubSampler[left=ConstSubSampler[left=1.0, right=ConstMulSampler[left=YSampler[input=Sampler[x=928, y=0, z=-1724, metric=EUCLIDEAN], y=0], right=0.019607844]], right=ConstMulSampler[left=ConstAddSampler[left=CachingDensitySampler[id=1, input=YSampler[input=Sampler[noise=net.minecraft.world.level.levelgen.synth.NoiseStack$Perlin@1685443b, xzScale=1.0, yScale=0.0], y=0]], right=1.0], right=0.2]], y=0]], right=1.6666666], min=0.0, max=1.0]], right=5.0]], y=0]]], right=ConstantFunction[value=12.0]] ([-212.0; -171.0]) and ConstantFunction[value=-222.0] ([-222.0; -222.0])
[12:13:09] [Worker-Main-2/WARN]: Compiling a MIN function between two non-overlapping inputs: BinaryFunction[type=SUB, left=PreparedCache[id=624, range=[3.6; 47.0], domainAxes=5, cachingSampler=CachingDensitySampler[id=624, input=YSampler[input=SubSampler[left=ConstSubSampler[left=38.0, right=ConstMulSampler[left=ConstSubSampler[left=1.0, right=CachingDensitySampler[id=215, input=YSampler[input=Sampler[noise=net.minecraft.world.level.levelgen.synth.NoiseStack$Perlin@6d3d3247, xzScale=1.0, yScale=0.0], y=0]]], right=9.0]], right=ConstMulSampler[left=ConstSubSampler[left=1.0, right=Sampler[input=ConstMulSampler[left=CachingDensitySampler[id=195, input=YSampler[input=SubSampler[left=ConstSubSampler[left=1.0, right=ConstMulSampler[left=YSampler[input=Sampler[x=3382, y=0, z=1066, metric=EUCLIDEAN], y=0], right=0.014285714]], right=ConstMulSampler[left=ConstAddSampler[left=CachingDensitySampler[id=1, input=YSampler[input=Sampler[noise=net.minecraft.world.level.levelgen.synth.NoiseStack$Perlin@1685443b, xzScale=1.0, yScale=0.0], y=0]], right=1.0], right=0.2]], y=0]], right=1.6666666], min=0.0, max=1.0]], right=7.4]], y=0]]], right=ConstantFunction[value=12.0]] ([-8.4; 35.0]) and ConstantFunction[value=-16.0] ([-16.0; -16.0])
[12:13:09] [Worker-Main-2/WARN]: Compiling a MIN function between two non-overlapping inputs: BinaryFunction[type=SUB, left=PreparedCache[id=624, range=[3.6; 47.0], domainAxes=5, cachingSampler=CachingDensitySampler[id=624, input=YSampler[input=SubSampler[left=ConstSubSampler[left=38.0, right=ConstMulSampler[left=ConstSubSampler[left=1.0, right=CachingDensitySampler[id=215, input=YSampler[input=Sampler[noise=net.minecraft.world.level.levelgen.synth.NoiseStack$Perlin@6d3d3247, xzScale=1.0, yScale=0.0], y=0]]], right=9.0]], right=ConstMulSampler[left=ConstSubSampler[left=1.0, right=Sampler[input=ConstMulSampler[left=CachingDensitySampler[id=195, input=YSampler[input=SubSampler[left=ConstSubSampler[left=1.0, right=ConstMulSampler[left=YSampler[input=Sampler[x=3382, y=0, z=1066, metric=EUCLIDEAN], y=0], right=0.014285714]], right=ConstMulSampler[left=ConstAddSampler[left=CachingDensitySampler[id=1, input=YSampler[input=Sampler[noise=net.minecraft.world.level.levelgen.synth.NoiseStack$Perlin@1685443b, xzScale=1.0, yScale=0.0], y=0]], right=1.0], right=0.2]], y=0]], right=1.6666666], min=0.0, max=1.0]], right=7.4]], y=0]]], right=ConstantFunction[value=12.0]] ([-8.4; 35.0]) and ConstantFunction[value=-16.0] ([-16.0; -16.0])
[12:13:09] [Worker-Main-2/WARN]: Compiling a MIN function between two non-overlapping inputs: BinaryFunction[type=SUB, left=PreparedCache[id=626, range=[653.0; 695.0], domainAxes=5, cachingSampler=CachingDensitySampler[id=626, input=YSampler[input=SubSampler[left=ConstSubSampler[left=686.0, right=ConstMulSampler[left=ConstSubSampler[left=1.0, right=CachingDensitySampler[id=215, input=YSampler[input=Sampler[noise=net.minecraft.world.level.levelgen.synth.NoiseStack$Perlin@6d3d3247, xzScale=1.0, yScale=0.0], y=0]]], right=9.0]], right=ConstMulSampler[left=ConstSubSampler[left=1.0, right=Sampler[input=ConstMulSampler[left=CachingDensitySampler[id=87, input=YSampler[input=SubSampler[left=ConstSubSampler[left=1.0, right=ConstMulSampler[left=YSampler[input=Sampler[x=-1091, y=0, z=-3212, metric=EUCLIDEAN], y=0], right=0.015873017]], right=ConstMulSampler[left=ConstAddSampler[left=CachingDensitySampler[id=1, input=YSampler[input=Sampler[noise=net.minecraft.world.level.levelgen.synth.NoiseStack$Perlin@1685443b, xzScale=1.0, yScale=0.0], y=0]], right=1.0], right=0.2]], y=0]], right=1.6666666], min=0.0, max=1.0]], right=6.0]], y=0]]], right=ConstantFunction[value=12.0]] ([641.0; 683.0]) and ConstantFunction[value=632.0] ([632.0; 632.0])
[12:13:09] [Worker-Main-2/WARN]: Compiling a MIN function between two non-overlapping inputs: BinaryFunction[type=SUB, left=PreparedCache[id=626, range=[653.0; 695.0], domainAxes=5, cachingSampler=CachingDensitySampler[id=626, input=YSampler[input=SubSampler[left=ConstSubSampler[left=686.0, right=ConstMulSampler[left=ConstSubSampler[left=1.0, right=CachingDensitySampler[id=215, input=YSampler[input=Sampler[noise=net.minecraft.world.level.levelgen.synth.NoiseStack$Perlin@6d3d3247, xzScale=1.0, yScale=0.0], y=0]]], right=9.0]], right=ConstMulSampler[left=ConstSubSampler[left=1.0, right=Sampler[input=ConstMulSampler[left=CachingDensitySampler[id=87, input=YSampler[input=SubSampler[left=ConstSubSampler[left=1.0, right=ConstMulSampler[left=YSampler[input=Sampler[x=-1091, y=0, z=-3212, metric=EUCLIDEAN], y=0], right=0.015873017]], right=ConstMulSampler[left=ConstAddSampler[left=CachingDensitySampler[id=1, input=YSampler[input=Sampler[noise=net.minecraft.world.level.levelgen.synth.NoiseStack$Perlin@1685443b, xzScale=1.0, yScale=0.0], y=0]], right=1.0], right=0.2]], y=0]], right=1.6666666], min=0.0, max=1.0]], right=6.0]], y=0]]], right=ConstantFunction[value=12.0]] ([641.0; 683.0]) and ConstantFunction[value=632.0] ([632.0; 632.0])
[12:13:09] [Worker-Main-2/WARN]: Compiling a MIN function between two non-overlapping inputs: BinaryFunction[type=SUB, left=PreparedCache[id=628, range=[-529.4; -492.0], domainAxes=5, cachingSampler=CachingDensitySampler[id=628, input=YSampler[input=SubSampler[left=ConstSubSampler[left=-500.0, right=ConstMulSampler[left=ConstSubSampler[left=1.0, right=CachingDensitySampler[id=215, input=YSampler[input=Sampler[noise=net.minecraft.world.level.levelgen.synth.NoiseStack$Perlin@6d3d3247, xzScale=1.0, yScale=0.0], y=0]]], right=8.0]], right=ConstMulSampler[left=ConstSubSampler[left=1.0, right=Sampler[input=ConstMulSampler[left=CachingDensitySampler[id=205, input=YSampler[input=SubSampler[left=ConstSubSampler[left=1.0, right=ConstMulSampler[left=YSampler[input=Sampler[x=3690, y=0, z=-986, metric=EUCLIDEAN], y=0], right=0.014925373]], right=ConstMulSampler[left=ConstAddSampler[left=CachingDensitySampler[id=1, input=YSampler[input=Sampler[noise=net.minecraft.world.level.levelgen.synth.NoiseStack$Perlin@1685443b, xzScale=1.0, yScale=0.0], y=0]], right=1.0], right=0.2]], y=0]], right=1.6666666], min=0.0, max=1.0]], right=5.4]], y=0]]], right=ConstantFunction[value=12.0]] ([-541.4; -504.0]) and ConstantFunction[value=-552.0] ([-552.0; -552.0])
[12:13:09] [Worker-Main-2/WARN]: Compiling a MIN function between two non-overlapping inputs: BinaryFunction[type=SUB, left=PreparedCache[id=628, range=[-529.4; -492.0], domainAxes=5, cachingSampler=CachingDensitySampler[id=628, input=YSampler[input=SubSampler[left=ConstSubSampler[left=-500.0, right=ConstMulSampler[left=ConstSubSampler[left=1.0, right=CachingDensitySampler[id=215, input=YSampler[input=Sampler[noise=net.minecraft.world.level.levelgen.synth.NoiseStack$Perlin@6d3d3247, xzScale=1.0, yScale=0.0], y=0]]], right=8.0]], right=ConstMulSampler[left=ConstSubSampler[left=1.0, right=Sampler[input=ConstMulSampler[left=CachingDensitySampler[id=205, input=YSampler[input=SubSampler[left=ConstSubSampler[left=1.0, right=ConstMulSampler[left=YSampler[input=Sampler[x=3690, y=0, z=-986, metric=EUCLIDEAN], y=0], right=0.014925373]], right=ConstMulSampler[left=ConstAddSampler[left=CachingDensitySampler[id=1, input=YSampler[input=Sampler[noise=net.minecraft.world.level.levelgen.synth.NoiseStack$Perlin@1685443b, xzScale=1.0, yScale=0.0], y=0]], right=1.0], right=0.2]], y=0]], right=1.6666666], min=0.0, max=1.0]], right=5.4]], y=0]]], right=ConstantFunction[value=12.0]] ([-541.4; -504.0]) and ConstantFunction[value=-552.0] ([-552.0; -552.0])
[12:13:09] [Worker-Main-2/WARN]: Compiling a MIN function between two non-overlapping inputs: BinaryFunction[type=SUB, left=PreparedCache[id=630, range=[684.4; 746.0], domainAxes=5, cachingSampler=CachingDensitySampler[id=630, input=YSampler[input=SubSampler[left=ConstSubSampler[left=732.0, right=ConstMulSampler[left=ConstSubSampler[left=1.0, right=CachingDensitySampler[id=215, input=YSampler[input=Sampler[noise=net.minecraft.world.level.levelgen.synth.NoiseStack$Perlin@6d3d3247, xzScale=1.0, yScale=0.0], y=0]]], right=14.0]], right=ConstMulSampler[left=ConstSubSampler[left=1.0, right=Sampler[input=ConstMulSampler[left=CachingDensitySampler[id=176, input=YSampler[input=SubSampler[left=ConstSubSampler[left=1.0, right=ConstMulSampler[left=YSampler[input=Sampler[x=2739, y=0, z=-3806, metric=EUCLIDEAN], y=0], right=0.015873017]], right=ConstMulSampler[left=ConstAddSampler[left=CachingDensitySampler[id=1, input=YSampler[input=Sampler[noise=net.minecraft.world.level.levelgen.synth.NoiseStack$Perlin@1685443b, xzScale=1.0, yScale=0.0], y=0]], right=1.0], right=0.2]], y=0]], right=1.6666666], min=0.0, max=1.0]], right=5.6]], y=0]]], right=ConstantFunction[value=12.0]] ([672.4; 734.0]) and ConstantFunction[value=668.0] ([668.0; 668.0])
[12:13:09] [Worker-Main-2/WARN]: Compiling a MIN function between two non-overlapping inputs: BinaryFunction[type=SUB, left=PreparedCache[id=630, range=[684.4; 746.0], domainAxes=5, cachingSampler=CachingDensitySampler[id=630, input=YSampler[input=SubSampler[left=ConstSubSampler[left=732.0, right=ConstMulSampler[left=ConstSubSampler[left=1.0, right=CachingDensitySampler[id=215, input=YSampler[input=Sampler[noise=net.minecraft.world.level.levelgen.synth.NoiseStack$Perlin@6d3d3247, xzScale=1.0, yScale=0.0], y=0]]], right=14.0]], right=ConstMulSampler[left=ConstSubSampler[left=1.0, right=Sampler[input=ConstMulSampler[left=CachingDensitySampler[id=176, input=YSampler[input=SubSampler[left=ConstSubSampler[left=1.0, right=ConstMulSampler[left=YSampler[input=Sampler[x=2739, y=0, z=-3806, metric=EUCLIDEAN], y=0], right=0.015873017]], right=ConstMulSampler[left=ConstAddSampler[left=CachingDensitySampler[id=1, input=YSampler[input=Sampler[noise=net.minecraft.world.level.levelgen.synth.NoiseStack$Perlin@1685443b, xzScale=1.0, yScale=0.0], y=0]], right=1.0], right=0.2]], y=0]], right=1.6666666], min=0.0, max=1.0]], right=5.6]], y=0]]], right=ConstantFunction[value=12.0]] ([672.4; 734.0]) and ConstantFunction[value=668.0] ([668.0; 668.0])
[12:13:09] [Worker-Main-2/WARN]: Compiling a MIN function between two non-overlapping inputs: BinaryFunction[type=SUB, left=PreparedCache[id=632, range=[555.2; 570.5], domainAxes=5, cachingSampler=CachingDensitySampler[id=632, input=YSampler[input=SubSampler[left=ConstSubSampler[left=568.0, right=ConstMulSampler[left=ConstSubSampler[left=1.0, right=CachingDensitySampler[id=215, input=YSampler[input=Sampler[noise=net.minecraft.world.level.levelgen.synth.NoiseStack$Perlin@6d3d3247, xzScale=1.0, yScale=0.0], y=0]]], right=2.5]], right=ConstMulSampler[left=ConstSubSampler[left=1.0, right=Sampler[input=ConstMulSampler[left=CachingDensitySampler[id=210, input=YSampler[input=SubSampler[left=ConstSubSampler[left=1.0, right=ConstMulSampler[left=YSampler[input=Sampler[x=3721, y=0, z=3344, metric=EUCLIDEAN], y=0], right=0.020408163]], right=ConstMulSampler[left=ConstAddSampler[left=CachingDensitySampler[id=1, input=YSampler[input=Sampler[noise=net.minecraft.world.level.levelgen.synth.NoiseStack$Perlin@1685443b, xzScale=1.0, yScale=0.0], y=0]], right=1.0], right=0.2]], y=0]], right=1.6666666], min=0.0, max=1.0]], right=5.3]], y=0]]], right=ConstantFunction[value=12.0]] ([543.2; 558.5]) and ConstantFunction[value=527.0] ([527.0; 527.0])
[12:13:09] [Worker-Main-2/WARN]: Compiling a MIN function between two non-overlapping inputs: BinaryFunction[type=SUB, left=PreparedCache[id=632, range=[555.2; 570.5], domainAxes=5, cachingSampler=CachingDensitySampler[id=632, input=YSampler[input=SubSampler[left=ConstSubSampler[left=568.0, right=ConstMulSampler[left=ConstSubSampler[left=1.0, right=CachingDensitySampler[id=215, input=YSampler[input=Sampler[noise=net.minecraft.world.level.levelgen.synth.NoiseStack$Perlin@6d3d3247, xzScale=1.0, yScale=0.0], y=0]]], right=2.5]], right=ConstMulSampler[left=ConstSubSampler[left=1.0, right=Sampler[input=ConstMulSampler[left=CachingDensitySampler[id=210, input=YSampler[input=SubSampler[left=ConstSubSampler[left=1.0, right=ConstMulSampler[left=YSampler[input=Sampler[x=3721, y=0, z=3344, metric=EUCLIDEAN], y=0], right=0.020408163]], right=ConstMulSampler[left=ConstAddSampler[left=CachingDensitySampler[id=1, input=YSampler[input=Sampler[noise=net.minecraft.world.level.levelgen.synth.NoiseStack$Perlin@1685443b, xzScale=1.0, yScale=0.0], y=0]], right=1.0], right=0.2]], y=0]], right=1.6666666], min=0.0, max=1.0]], right=5.3]], y=0]]], right=ConstantFunction[value=12.0]] ([543.2; 558.5]) and ConstantFunction[value=527.0] ([527.0; 527.0])
[12:13:09] [Worker-Main-2/WARN]: Compiling a MIN function between two non-overlapping inputs: BinaryFunction[type=SUB, left=PreparedCache[id=634, range=[891.0; 953.0], domainAxes=5, cachingSampler=CachingDensitySampler[id=634, input=YSampler[input=SubSampler[left=ConstSubSampler[left=940.0, right=ConstMulSampler[left=ConstSubSampler[left=1.0, right=CachingDensitySampler[id=215, input=YSampler[input=Sampler[noise=net.minecraft.world.level.levelgen.synth.NoiseStack$Perlin@6d3d3247, xzScale=1.0, yScale=0.0], y=0]]], right=13.0]], right=ConstMulSampler[left=ConstSubSampler[left=1.0, right=Sampler[input=ConstMulSampler[left=CachingDensitySampler[id=169, input=YSampler[input=SubSampler[left=ConstSubSampler[left=1.0, right=ConstMulSampler[left=YSampler[input=Sampler[x=2611, y=0, z=-1732, metric=EUCLIDEAN], y=0], right=0.006666667]], right=ConstMulSampler[left=ConstAddSampler[left=CachingDensitySampler[id=1, input=YSampler[input=Sampler[noise=net.minecraft.world.level.levelgen.synth.NoiseStack$Perlin@1685443b, xzScale=1.0, yScale=0.0], y=0]], right=1.0], right=0.2]], y=0]], right=1.6666666], min=0.0, max=1.0]], right=10.0]], y=0]]], right=ConstantFunction[value=12.0]] ([879.0; 941.0]) and ConstantFunction[value=878.0] ([878.0; 878.0])
[12:13:09] [Worker-Main-2/WARN]: Compiling a MIN function between two non-overlapping inputs: BinaryFunction[type=SUB, left=PreparedCache[id=634, range=[891.0; 953.0], domainAxes=5, cachingSampler=CachingDensitySampler[id=634, input=YSampler[input=SubSampler[left=ConstSubSampler[left=940.0, right=ConstMulSampler[left=ConstSubSampler[left=1.0, right=CachingDensitySampler[id=215, input=YSampler[input=Sampler[noise=net.minecraft.world.level.levelgen.synth.NoiseStack$Perlin@6d3d3247, xzScale=1.0, yScale=0.0], y=0]]], right=13.0]], right=ConstMulSampler[left=ConstSubSampler[left=1.0, right=Sampler[input=ConstMulSampler[left=CachingDensitySampler[id=169, input=YSampler[input=SubSampler[left=ConstSubSampler[left=1.0, right=ConstMulSampler[left=YSampler[input=Sampler[x=2611, y=0, z=-1732, metric=EUCLIDEAN], y=0], right=0.006666667]], right=ConstMulSampler[left=ConstAddSampler[left=CachingDensitySampler[id=1, input=YSampler[input=Sampler[noise=net.minecraft.world.level.levelgen.synth.NoiseStack$Perlin@1685443b, xzScale=1.0, yScale=0.0], y=0]], right=1.0], right=0.2]], y=0]], right=1.6666666], min=0.0, max=1.0]], right=10.0]], y=0]]], right=ConstantFunction[value=12.0]] ([879.0; 941.0]) and ConstantFunction[value=878.0] ([878.0; 878.0])
[12:13:09] [Worker-Main-2/WARN]: Compiling a MIN function between two non-overlapping inputs: BinaryFunction[type=SUB, left=PreparedCache[id=636, range=[783.1; 798.0], domainAxes=5, cachingSampler=CachingDensitySampler[id=636, input=YSampler[input=SubSampler[left=ConstSubSampler[left=796.0, right=ConstMulSampler[left=ConstSubSampler[left=1.0, right=CachingDensitySampler[id=215, input=YSampler[input=Sampler[noise=net.minecraft.world.level.levelgen.synth.NoiseStack$Perlin@6d3d3247, xzScale=1.0, yScale=0.0], y=0]]], right=2.0]], right=ConstMulSampler[left=ConstSubSampler[left=1.0, right=Sampler[input=ConstMulSampler[left=CachingDensitySampler[id=129, input=YSampler[input=SubSampler[left=ConstSubSampler[left=1.0, right=ConstMulSampler[left=YSampler[input=Sampler[x=407, y=0, z=3109, metric=EUCLIDEAN], y=0], right=0.011627907]], right=ConstMulSampler[left=ConstAddSampler[left=CachingDensitySampler[id=1, input=YSampler[input=Sampler[noise=net.minecraft.world.level.levelgen.synth.NoiseStack$Perlin@1685443b, xzScale=1.0, yScale=0.0], y=0]], right=1.0], right=0.2]], y=0]], right=1.6666666], min=0.0, max=1.0]], right=6.9]], y=0]]], right=ConstantFunction[value=12.0]] ([771.1; 786.0]) and ConstantFunction[value=756.0] ([756.0; 756.0])
[12:13:09] [Worker-Main-2/WARN]: Compiling a MIN function between two non-overlapping inputs: BinaryFunction[type=SUB, left=PreparedCache[id=636, range=[783.1; 798.0], domainAxes=5, cachingSampler=CachingDensitySampler[id=636, input=YSampler[input=SubSampler[left=ConstSubSampler[left=796.0, right=ConstMulSampler[left=ConstSubSampler[left=1.0, right=CachingDensitySampler[id=215, input=YSampler[input=Sampler[noise=net.minecraft.world.level.levelgen.synth.NoiseStack$Perlin@6d3d3247, xzScale=1.0, yScale=0.0], y=0]]], right=2.0]], right=ConstMulSampler[left=ConstSubSampler[left=1.0, right=Sampler[input=ConstMulSampler[left=CachingDensitySampler[id=129, input=YSampler[input=SubSampler[left=ConstSubSampler[left=1.0, right=ConstMulSampler[left=YSampler[input=Sampler[x=407, y=0, z=3109, metric=EUCLIDEAN], y=0], right=0.011627907]], right=ConstMulSampler[left=ConstAddSampler[left=CachingDensitySampler[id=1, input=YSampler[input=Sampler[noise=net.minecraft.world.level.levelgen.synth.NoiseStack$Perlin@1685443b, xzScale=1.0, yScale=0.0], y=0]], right=1.0], right=0.2]], y=0]], right=1.6666666], min=0.0, max=1.0]], right=6.9]], y=0]]], right=ConstantFunction[value=12.0]] ([771.1; 786.0]) and ConstantFunction[value=756.0] ([756.0; 756.0])
[12:13:09] [Worker-Main-2/WARN]: Compiling a MIN function between two non-overlapping inputs: BinaryFunction[type=SUB, left=PreparedCache[id=638, range=[149.0; 195.0], domainAxes=5, cachingSampler=CachingDensitySampler[id=638, input=YSampler[input=SubSampler[left=ConstSubSampler[left=186.0, right=ConstMulSampler[left=ConstSubSampler[left=1.0, right=CachingDensitySampler[id=215, input=YSampler[input=Sampler[noise=net.minecraft.world.level.levelgen.synth.NoiseStack$Perlin@6d3d3247, xzScale=1.0, yScale=0.0], y=0]]], right=9.0]], right=ConstMulSampler[left=ConstSubSampler[left=1.0, right=Sampler[input=ConstMulSampler[left=CachingDensitySampler[id=34, input=YSampler[input=SubSampler[left=ConstSubSampler[left=1.0, right=ConstMulSampler[left=YSampler[input=Sampler[x=-2536, y=0, z=-2595, metric=EUCLIDEAN], y=0], right=0.008928572]], right=ConstMulSampler[left=ConstAddSampler[left=CachingDensitySampler[id=1, input=YSampler[input=Sampler[noise=net.minecraft.world.level.levelgen.synth.NoiseStack$Perlin@1685443b, xzScale=1.0, yScale=0.0], y=0]], right=1.0], right=0.2]], y=0]], right=1.6666666], min=0.0, max=1.0]], right=10.0]], y=0]]], right=ConstantFunction[value=12.0]] ([137.0; 183.0]) and ConstantFunction[value=132.0] ([132.0; 132.0])
[12:13:09] [Worker-Main-2/WARN]: Compiling a MIN function between two non-overlapping inputs: BinaryFunction[type=SUB, left=PreparedCache[id=638, range=[149.0; 195.0], domainAxes=5, cachingSampler=CachingDensitySampler[id=638, input=YSampler[input=SubSampler[left=ConstSubSampler[left=186.0, right=ConstMulSampler[left=ConstSubSampler[left=1.0, right=CachingDensitySampler[id=215, input=YSampler[input=Sampler[noise=net.minecraft.world.level.levelgen.synth.NoiseStack$Perlin@6d3d3247, xzScale=1.0, yScale=0.0], y=0]]], right=9.0]], right=ConstMulSampler[left=ConstSubSampler[left=1.0, right=Sampler[input=ConstMulSampler[left=CachingDensitySampler[id=34, input=YSampler[input=SubSampler[left=ConstSubSampler[left=1.0, right=ConstMulSampler[left=YSampler[input=Sampler[x=-2536, y=0, z=-2595, metric=EUCLIDEAN], y=0], right=0.008928572]], right=ConstMulSampler[left=ConstAddSampler[left=CachingDensitySampler[id=1, input=YSampler[input=Sampler[noise=net.minecraft.world.level.levelgen.synth.NoiseStack$Perlin@1685443b, xzScale=1.0, yScale=0.0], y=0]], right=1.0], right=0.2]], y=0]], right=1.6666666], min=0.0, max=1.0]], right=10.0]], y=0]]], right=ConstantFunction[value=12.0]] ([137.0; 183.0]) and ConstantFunction[value=132.0] ([132.0; 132.0])
[12:13:09] [Worker-Main-2/WARN]: Compiling a MIN function between two non-overlapping inputs: BinaryFunction[type=SUB, left=PreparedCache[id=640, range=[-471.5; -431.0], domainAxes=5, cachingSampler=CachingDensitySampler[id=640, input=YSampler[input=SubSampler[left=ConstSubSampler[left=-440.0, right=ConstMulSampler[left=ConstSubSampler[left=1.0, right=CachingDensitySampler[id=215, input=YSampler[input=Sampler[noise=net.minecraft.world.level.levelgen.synth.NoiseStack$Perlin@6d3d3247, xzScale=1.0, yScale=0.0], y=0]]], right=9.0]], right=ConstMulSampler[left=ConstSubSampler[left=1.0, right=Sampler[input=ConstMulSampler[left=CachingDensitySampler[id=194, input=YSampler[input=SubSampler[left=ConstSubSampler[left=1.0, right=ConstMulSampler[left=YSampler[input=Sampler[x=3360, y=0, z=-108, metric=EUCLIDEAN], y=0], right=0.016666668]], right=ConstMulSampler[left=ConstAddSampler[left=CachingDensitySampler[id=1, input=YSampler[input=Sampler[noise=net.minecraft.world.level.levelgen.synth.NoiseStack$Perlin@1685443b, xzScale=1.0, yScale=0.0], y=0]], right=1.0], right=0.2]], y=0]], right=1.6666666], min=0.0, max=1.0]], right=4.5]], y=0]]], right=ConstantFunction[value=12.0]] ([-483.5; -443.0]) and ConstantFunction[value=-494.0] ([-494.0; -494.0])
[12:13:09] [Worker-Main-2/WARN]: Compiling a MIN function between two non-overlapping inputs: BinaryFunction[type=SUB, left=PreparedCache[id=640, range=[-471.5; -431.0], domainAxes=5, cachingSampler=CachingDensitySampler[id=640, input=YSampler[input=SubSampler[left=ConstSubSampler[left=-440.0, right=ConstMulSampler[left=ConstSubSampler[left=1.0, right=CachingDensitySampler[id=215, input=YSampler[input=Sampler[noise=net.minecraft.world.level.levelgen.synth.NoiseStack$Perlin@6d3d3247, xzScale=1.0, yScale=0.0], y=0]]], right=9.0]], right=ConstMulSampler[left=ConstSubSampler[left=1.0, right=Sampler[input=ConstMulSampler[left=CachingDensitySampler[id=194, input=YSampler[input=SubSampler[left=ConstSubSampler[left=1.0, right=ConstMulSampler[left=YSampler[input=Sampler[x=3360, y=0, z=-108, metric=EUCLIDEAN], y=0], right=0.016666668]], right=ConstMulSampler[left=ConstAddSampler[left=CachingDensitySampler[id=1, input=YSampler[input=Sampler[noise=net.minecraft.world.level.levelgen.synth.NoiseStack$Perlin@1685443b, xzScale=1.0, yScale=0.0], y=0]], right=1.0], right=0.2]], y=0]], right=1.6666666], min=0.0, max=1.0]], right=4.5]], y=0]]], right=ConstantFunction[value=12.0]] ([-483.5; -443.0]) and ConstantFunction[value=-494.0] ([-494.0; -494.0])
[12:13:09] [Worker-Main-2/WARN]: Compiling a MIN function between two non-overlapping inputs: BinaryFunction[type=SUB, left=PreparedCache[id=642, range=[948.3; 962.0], domainAxes=5, cachingSampler=CachingDensitySampler[id=642, input=YSampler[input=SubSampler[left=ConstSubSampler[left=960.0, right=ConstMulSampler[left=ConstSubSampler[left=1.0, right=CachingDensitySampler[id=215, input=YSampler[input=Sampler[noise=net.minecraft.world.level.levelgen.synth.NoiseStack$Perlin@6d3d3247, xzScale=1.0, yScale=0.0], y=0]]], right=2.0]], right=ConstMulSampler[left=ConstSubSampler[left=1.0, right=Sampler[input=ConstMulSampler[left=CachingDensitySampler[id=82, input=YSampler[input=SubSampler[left=ConstSubSampler[left=1.0, right=ConstMulSampler[left=YSampler[input=Sampler[x=-1709, y=0, z=1495, metric=EUCLIDEAN], y=0], right=0.018181818]], right=ConstMulSampler[left=ConstAddSampler[left=CachingDensitySampler[id=1, input=YSampler[input=Sampler[noise=net.minecraft.world.level.levelgen.synth.NoiseStack$Perlin@1685443b, xzScale=1.0, yScale=0.0], y=0]], right=1.0], right=0.2]], y=0]], right=1.6666666], min=0.0, max=1.0]], right=5.7]], y=0]]], right=ConstantFunction[value=12.0]] ([936.3; 950.0]) and ConstantFunction[value=920.0] ([920.0; 920.0])
[12:13:09] [Worker-Main-2/WARN]: Compiling a MIN function between two non-overlapping inputs: BinaryFunction[type=SUB, left=PreparedCache[id=642, range=[948.3; 962.0], domainAxes=5, cachingSampler=CachingDensitySampler[id=642, input=YSampler[input=SubSampler[left=ConstSubSampler[left=960.0, right=ConstMulSampler[left=ConstSubSampler[left=1.0, right=CachingDensitySampler[id=215, input=YSampler[input=Sampler[noise=net.minecraft.world.level.levelgen.synth.NoiseStack$Perlin@6d3d3247, xzScale=1.0, yScale=0.0], y=0]]], right=2.0]], right=ConstMulSampler[left=ConstSubSampler[left=1.0, right=Sampler[input=ConstMulSampler[left=CachingDensitySampler[id=82, input=YSampler[input=SubSampler[left=ConstSubSampler[left=1.0, right=ConstMulSampler[left=YSampler[input=Sampler[x=-1709, y=0, z=1495, metric=EUCLIDEAN], y=0], right=0.018181818]], right=ConstMulSampler[left=ConstAddSampler[left=CachingDensitySampler[id=1, input=YSampler[input=Sampler[noise=net.minecraft.world.level.levelgen.synth.NoiseStack$Perlin@1685443b, xzScale=1.0, yScale=0.0], y=0]], right=1.0], right=0.2]], y=0]], right=1.6666666], min=0.0, max=1.0]], right=5.7]], y=0]]], right=ConstantFunction[value=12.0]] ([936.3; 950.0]) and ConstantFunction[value=920.0] ([920.0; 920.0])
[12:13:09] [Worker-Main-2/WARN]: Compiling a MIN function between two non-overlapping inputs: BinaryFunction[type=SUB, left=PreparedCache[id=644, range=[-542.3; -514.0], domainAxes=5, cachingSampler=CachingDensitySampler[id=644, input=YSampler[input=SubSampler[left=ConstSubSampler[left=-520.0, right=ConstMulSampler[left=ConstSubSampler[left=1.0, right=CachingDensitySampler[id=215, input=YSampler[input=Sampler[noise=net.minecraft.world.level.levelgen.synth.NoiseStack$Perlin@6d3d3247, xzScale=1.0, yScale=0.0], y=0]]], right=6.0]], right=ConstMulSampler[left=ConstSubSampler[left=1.0, right=Sampler[input=ConstMulSampler[left=CachingDensitySampler[id=8, input=YSampler[input=SubSampler[left=ConstSubSampler[left=1.0, right=ConstMulSampler[left=YSampler[input=Sampler[x=-3763, y=0, z=265, metric=EUCLIDEAN], y=0], right=0.017857144]], right=ConstMulSampler[left=ConstAddSampler[left=CachingDensitySampler[id=1, input=YSampler[input=Sampler[noise=net.minecraft.world.level.levelgen.synth.NoiseStack$Perlin@1685443b, xzScale=1.0, yScale=0.0], y=0]], right=1.0], right=0.2]], y=0]], right=1.6666666], min=0.0, max=1.0]], right=4.3]], y=0]]], right=ConstantFunction[value=12.0]] ([-554.3; -526.0]) and ConstantFunction[value=-568.0] ([-568.0; -568.0])
[12:13:09] [Worker-Main-2/WARN]: Compiling a MIN function between two non-overlapping inputs: BinaryFunction[type=SUB, left=PreparedCache[id=644, range=[-542.3; -514.0], domainAxes=5, cachingSampler=CachingDensitySampler[id=644, input=YSampler[input=SubSampler[left=ConstSubSampler[left=-520.0, right=ConstMulSampler[left=ConstSubSampler[left=1.0, right=CachingDensitySampler[id=215, input=YSampler[input=Sampler[noise=net.minecraft.world.level.levelgen.synth.NoiseStack$Perlin@6d3d3247, xzScale=1.0, yScale=0.0], y=0]]], right=6.0]], right=ConstMulSampler[left=ConstSubSampler[left=1.0, right=Sampler[input=ConstMulSampler[left=CachingDensitySampler[id=8, input=YSampler[input=SubSampler[left=ConstSubSampler[left=1.0, right=ConstMulSampler[left=YSampler[input=Sampler[x=-3763, y=0, z=265, metric=EUCLIDEAN], y=0], right=0.017857144]], right=ConstMulSampler[left=ConstAddSampler[left=CachingDensitySampler[id=1, input=YSampler[input=Sampler[noise=net.minecraft.world.level.levelgen.synth.NoiseStack$Perlin@1685443b, xzScale=1.0, yScale=0.0], y=0]], right=1.0], right=0.2]], y=0]], right=1.6666666], min=0.0, max=1.0]], right=4.3]], y=0]]], right=ConstantFunction[value=12.0]] ([-554.3; -526.0]) and ConstantFunction[value=-568.0] ([-568.0; -568.0])
[12:13:09] [Worker-Main-2/WARN]: Compiling a MIN function between two non-overlapping inputs: BinaryFunction[type=SUB, left=PreparedCache[id=646, range=[337.4; 377.0], domainAxes=5, cachingSampler=CachingDensitySampler[id=646, input=YSampler[input=SubSampler[left=ConstSubSampler[left=368.0, right=ConstMulSampler[left=ConstSubSampler[left=1.0, right=CachingDensitySampler[id=215, input=YSampler[input=Sampler[noise=net.minecraft.world.level.levelgen.synth.NoiseStack$Perlin@6d3d3247, xzScale=1.0, yScale=0.0], y=0]]], right=9.0]], right=ConstMulSampler[left=ConstSubSampler[left=1.0, right=Sampler[input=ConstMulSampler[left=CachingDensitySampler[id=59, input=YSampler[input=SubSampler[left=ConstSubSampler[left=1.0, right=ConstMulSampler[left=YSampler[input=Sampler[x=-2446, y=0, z=-582, metric=EUCLIDEAN], y=0], right=0.025]], right=ConstMulSampler[left=ConstAddSampler[left=CachingDensitySampler[id=1, input=YSampler[input=Sampler[noise=net.minecraft.world.level.levelgen.synth.NoiseStack$Perlin@1685443b, xzScale=1.0, yScale=0.0], y=0]], right=1.0], right=0.2]], y=0]], right=1.6666666], min=0.0, max=1.0]], right=3.6]], y=0]]], right=ConstantFunction[value=12.0]] ([325.4; 365.0]) and ConstantFunction[value=314.0] ([314.0; 314.0])
[12:13:09] [Worker-Main-2/WARN]: Compiling a MIN function between two non-overlapping inputs: BinaryFunction[type=SUB, left=PreparedCache[id=646, range=[337.4; 377.0], domainAxes=5, cachingSampler=CachingDensitySampler[id=646, input=YSampler[input=SubSampler[left=ConstSubSampler[left=368.0, right=ConstMulSampler[left=ConstSubSampler[left=1.0, right=CachingDensitySampler[id=215, input=YSampler[input=Sampler[noise=net.minecraft.world.level.levelgen.synth.NoiseStack$Perlin@6d3d3247, xzScale=1.0, yScale=0.0], y=0]]], right=9.0]], right=ConstMulSampler[left=ConstSubSampler[left=1.0, right=Sampler[input=ConstMulSampler[left=CachingDensitySampler[id=59, input=YSampler[input=SubSampler[left=ConstSubSampler[left=1.0, right=ConstMulSampler[left=YSampler[input=Sampler[x=-2446, y=0, z=-582, metric=EUCLIDEAN], y=0], right=0.025]], right=ConstMulSampler[left=ConstAddSampler[left=CachingDensitySampler[id=1, input=YSampler[input=Sampler[noise=net.minecraft.world.level.levelgen.synth.NoiseStack$Perlin@1685443b, xzScale=1.0, yScale=0.0], y=0]], right=1.0], right=0.2]], y=0]], right=1.6666666], min=0.0, max=1.0]], right=3.6]], y=0]]], right=ConstantFunction[value=12.0]] ([325.4; 365.0]) and ConstantFunction[value=314.0] ([314.0; 314.0])
[12:13:09] [Worker-Main-2/WARN]: Compiling a MIN function between two non-overlapping inputs: BinaryFunction[type=SUB, left=PreparedCache[id=648, range=[479.6; 521.0], domainAxes=5, cachingSampler=CachingDensitySampler[id=648, input=YSampler[input=SubSampler[left=ConstSubSampler[left=512.0, right=ConstMulSampler[left=ConstSubSampler[left=1.0, right=CachingDensitySampler[id=215, input=YSampler[input=Sampler[noise=net.minecraft.world.level.levelgen.synth.NoiseStack$Perlin@6d3d3247, xzScale=1.0, yScale=0.0], y=0]]], right=9.0]], right=ConstMulSampler[left=ConstSubSampler[left=1.0, right=Sampler[input=ConstMulSampler[left=CachingDensitySampler[id=75, input=YSampler[input=SubSampler[left=ConstSubSampler[left=1.0, right=ConstMulSampler[left=YSampler[input=Sampler[x=-1549, y=0, z=-759, metric=EUCLIDEAN], y=0], right=0.01724138]], right=ConstMulSampler[left=ConstAddSampler[left=CachingDensitySampler[id=1, input=YSampler[input=Sampler[noise=net.minecraft.world.level.levelgen.synth.NoiseStack$Perlin@1685443b, xzScale=1.0, yScale=0.0], y=0]], right=1.0], right=0.2]], y=0]], right=1.6666666], min=0.0, max=1.0]], right=5.4]], y=0]]], right=ConstantFunction[value=12.0]] ([467.6; 509.0]) and ConstantFunction[value=458.0] ([458.0; 458.0])
[12:13:09] [Worker-Main-2/WARN]: Compiling a MIN function between two non-overlapping inputs: BinaryFunction[type=SUB, left=PreparedCache[id=648, range=[479.6; 521.0], domainAxes=5, cachingSampler=CachingDensitySampler[id=648, input=YSampler[input=SubSampler[left=ConstSubSampler[left=512.0, right=ConstMulSampler[left=ConstSubSampler[left=1.0, right=CachingDensitySampler[id=215, input=YSampler[input=Sampler[noise=net.minecraft.world.level.levelgen.synth.NoiseStack$Perlin@6d3d3247, xzScale=1.0, yScale=0.0], y=0]]], right=9.0]], right=ConstMulSampler[left=ConstSubSampler[left=1.0, right=Sampler[input=ConstMulSampler[left=CachingDensitySampler[id=75, input=YSampler[input=SubSampler[left=ConstSubSampler[left=1.0, right=ConstMulSampler[left=YSampler[input=Sampler[x=-1549, y=0, z=-759, metric=EUCLIDEAN], y=0], right=0.01724138]], right=ConstMulSampler[left=ConstAddSampler[left=CachingDensitySampler[id=1, input=YSampler[input=Sampler[noise=net.minecraft.world.level.levelgen.synth.NoiseStack$Perlin@1685443b, xzScale=1.0, yScale=0.0], y=0]], right=1.0], right=0.2]], y=0]], right=1.6666666], min=0.0, max=1.0]], right=5.4]], y=0]]], right=ConstantFunction[value=12.0]] ([467.6; 509.0]) and ConstantFunction[value=458.0] ([458.0; 458.0])
[12:13:09] [Worker-Main-2/WARN]: Compiling a MIN function between two non-overlapping inputs: BinaryFunction[type=SUB, left=PreparedCache[id=650, range=[-303.2; -285.5], domainAxes=5, cachingSampler=CachingDensitySampler[id=650, input=YSampler[input=SubSampler[left=ConstSubSampler[left=-288.0, right=ConstMulSampler[left=ConstSubSampler[left=1.0, right=CachingDensitySampler[id=215, input=YSampler[input=Sampler[noise=net.minecraft.world.level.levelgen.synth.NoiseStack$Perlin@6d3d3247, xzScale=1.0, yScale=0.0], y=0]]], right=2.5]], right=ConstMulSampler[left=ConstSubSampler[left=1.0, right=Sampler[input=ConstMulSampler[left=CachingDensitySampler[id=201, input=YSampler[input=SubSampler[left=ConstSubSampler[left=1.0, right=ConstMulSampler[left=YSampler[input=Sampler[x=3333, y=0, z=2524, metric=EUCLIDEAN], y=0], right=0.010638298]], right=ConstMulSampler[left=ConstAddSampler[left=CachingDensitySampler[id=1, input=YSampler[input=Sampler[noise=net.minecraft.world.level.levelgen.synth.NoiseStack$Perlin@1685443b, xzScale=1.0, yScale=0.0], y=0]], right=1.0], right=0.2]], y=0]], right=1.6666666], min=0.0, max=1.0]], right=7.7]], y=0]]], right=ConstantFunction[value=12.0]] ([-315.2; -297.5]) and ConstantFunction[value=-329.0] ([-329.0; -329.0])
[12:13:09] [Worker-Main-2/WARN]: Compiling a MIN function between two non-overlapping inputs: BinaryFunction[type=SUB, left=PreparedCache[id=650, range=[-303.2; -285.5], domainAxes=5, cachingSampler=CachingDensitySampler[id=650, input=YSampler[input=SubSampler[left=ConstSubSampler[left=-288.0, right=ConstMulSampler[left=ConstSubSampler[left=1.0, right=CachingDensitySampler[id=215, input=YSampler[input=Sampler[noise=net.minecraft.world.level.levelgen.synth.NoiseStack$Perlin@6d3d3247, xzScale=1.0, yScale=0.0], y=0]]], right=2.5]], right=ConstMulSampler[left=ConstSubSampler[left=1.0, right=Sampler[input=ConstMulSampler[left=CachingDensitySampler[id=201, input=YSampler[input=SubSampler[left=ConstSubSampler[left=1.0, right=ConstMulSampler[left=YSampler[input=Sampler[x=3333, y=0, z=2524, metric=EUCLIDEAN], y=0], right=0.010638298]], right=ConstMulSampler[left=ConstAddSampler[left=CachingDensitySampler[id=1, input=YSampler[input=Sampler[noise=net.minecraft.world.level.levelgen.synth.NoiseStack$Perlin@1685443b, xzScale=1.0, yScale=0.0], y=0]], right=1.0], right=0.2]], y=0]], right=1.6666666], min=0.0, max=1.0]], right=7.7]], y=0]]], right=ConstantFunction[value=12.0]] ([-315.2; -297.5]) and ConstantFunction[value=-329.0] ([-329.0; -329.0])
[12:13:12] [Server thread/INFO]: Loading 0 persistent chunks...
[12:13:12] [Server thread/INFO]: Preparing spawn area: 100%
[12:13:12] [Server thread/INFO]: Time elapsed: 2802 ms
[12:13:12] [Server thread/INFO]: Done (3.057s)! For help, type "help"
[12:13:12] [Server thread/INFO]: Saving chunks for level 'ServerLevel[world]'/minecraft:overworld
[12:13:12] [Server thread/INFO]: Saving chunks for level 'ServerLevel[world]'/minecraft:the_nether
[12:13:12] [Server thread/INFO]: Saving chunks for level 'ServerLevel[world]'/minecraft:the_end
[12:13:16] [Server thread/INFO]: [Not Secure] [Server] SECTION start
[12:13:16] [Server thread/INFO]: System chat: Created new objective [pt]
[12:13:16] [Server thread/INFO]: System chat: Game rule max_block_modifications is now set to 100000000
[12:13:16] [Server thread/INFO]: System chat: Game rule respawn_radius is now set to 0
[12:13:16] [Server thread/INFO]: System chat: The game is running normally
[12:13:16] [Server thread/INFO]: System chat: Target tick rate: 20.0 per second.
Average time per tick: 6.2ms (Target: 50.0ms)
[12:13:16] [Server thread/INFO]: System chat: Percentiles: P50: 0.3ms P95: 47.4ms P99: 90.6ms. Sample: 100
[12:13:16] [Server thread/INFO]: System chat: Unmarked all force loaded chunks in minecraft:overworld
[12:13:39] [Server thread/INFO]: [Not Secure] [Server] PREGEN land start 256
[12:13:52] [Server thread/INFO]: System chat: Marked 256 chunks in minecraft:overworld from [20, -8] to [35, 7] to be force loaded
[12:13:52] [Server thread/INFO]: System chat: Running function packtest:count_land
[12:13:52] [Server thread/INFO]: System chat: Running function packtest:count_land
[12:13:52] [Server thread/INFO]: System chat: Running function packtest:count_land
[12:13:52] [Server thread/INFO]: System chat: Running function packtest:count_land
[12:13:52] [Server thread/INFO]: System chat: Running function packtest:count_land
[12:13:52] [Server thread/INFO]: System chat: Running function packtest:count_land
[12:13:52] [Server thread/INFO]: System chat: Running function packtest:count_land
[12:13:52] [Server thread/INFO]: System chat: Running function packtest:count_land
[12:13:52] [Server thread/INFO]: System chat: Running function packtest:count_land
[12:13:52] [Server thread/INFO]: System chat: Running function packtest:count_land
[12:13:52] [Server thread/INFO]: System chat: Running function packtest:count_land
[12:13:52] [Server thread/INFO]: System chat: Running function packtest:count_land
[12:13:52] [Server thread/INFO]: System chat: Running function packtest:count_land
[12:13:52] [Server thread/INFO]: System chat: Running function packtest:count_land
[12:13:52] [Server thread/WARN]: Can't keep up! Is the server overloaded? Running 13251ms or 265 ticks behind
[12:13:53] [Server thread/INFO]: System chat: Running function packtest:count_land
[12:13:54] [Server thread/INFO]: System chat: Running function packtest:count_land
[12:13:54] [Server thread/INFO]: [Not Secure] [Server] PREGEN land done 256
[12:13:58] [Server thread/INFO]: System chat: The game is running normally
[12:13:58] [Server thread/INFO]: System chat: Target tick rate: 20.0 per second.
Average time per tick: 18.1ms (Target: 50.0ms)
[12:13:58] [Server thread/INFO]: System chat: Percentiles: P50: 9.4ms P95: 55.0ms P99: 109.4ms. Sample: 100
[12:13:58] [Server thread/INFO]: System chat: Unmarked all force loaded chunks in minecraft:overworld
[12:13:58] [Server thread/INFO]: System chat: Unmarked all force loaded chunks in minecraft:overworld
[12:14:20] [Server thread/INFO]: [Not Secure] [Server] PREGEN void start 256
[12:14:26] [Server thread/INFO]: System chat: Marked 256 chunks in minecraft:overworld from [-233, -158] to [-218, -143] to be force loaded
[12:14:26] [Server thread/INFO]: System chat: Running function packtest:count_void
[12:14:26] [Server thread/INFO]: System chat: Running function packtest:count_void
[12:14:26] [Server thread/INFO]: System chat: Running function packtest:count_void
[12:14:26] [Server thread/INFO]: System chat: Running function packtest:count_void
[12:14:26] [Server thread/INFO]: System chat: Running function packtest:count_void
[12:14:26] [Server thread/INFO]: System chat: Running function packtest:count_void
[12:14:27] [Server thread/WARN]: Can't keep up! Is the server overloaded? Running 5962ms or 119 ticks behind
[12:14:27] [Server thread/INFO]: System chat: Running function packtest:count_void
[12:14:28] [Server thread/INFO]: System chat: Running function packtest:count_void
[12:14:28] [Server thread/INFO]: [Not Secure] [Server] PREGEN void done 256
[12:14:31] [Server thread/INFO]: System chat: The game is running, but can't keep up with the target tick rate
[12:14:31] [Server thread/INFO]: System chat: Target tick rate: 20.0 per second.
Average time per tick: 62.5ms (Target: 50.0ms)
[12:14:31] [Server thread/INFO]: System chat: Percentiles: P50: 0.6ms P95: 11.2ms P99: 6006.9ms. Sample: 100
[12:14:31] [Server thread/INFO]: System chat: Unmarked all force loaded chunks in minecraft:overworld
[12:14:31] [Server thread/INFO]: System chat: Unmarked all force loaded chunks in minecraft:overworld
[12:14:54] [Server thread/INFO]: [Not Secure] [Server] PREGEN tiers start 64
[12:14:59] [Server thread/INFO]: System chat: Marked 64 chunks in minecraft:overworld from [207, -216] to [214, -209] to be force loaded
[12:14:59] [Server thread/INFO]: System chat: Running function packtest:count_tiers
[12:14:59] [Server thread/INFO]: System chat: Running function packtest:count_tiers
[12:14:59] [Server thread/INFO]: System chat: Running function packtest:count_tiers
[12:14:59] [Server thread/INFO]: System chat: Running function packtest:count_tiers
[12:14:59] [Server thread/INFO]: System chat: Running function packtest:count_tiers
[12:14:59] [Server thread/INFO]: System chat: Running function packtest:count_tiers
[12:14:59] [Server thread/WARN]: Can't keep up! Is the server overloaded? Running 5403ms or 108 ticks behind
[12:15:00] [Server thread/INFO]: System chat: Running function packtest:count_tiers
[12:15:00] [Server thread/INFO]: [Not Secure] [Server] PREGEN tiers done 64
[12:15:03] [Server thread/INFO]: System chat: The game is running, but can't keep up with the target tick rate
[12:15:03] [Server thread/INFO]: System chat: Target tick rate: 20.0 per second.
Average time per tick: 56.6ms (Target: 50.0ms)
[12:15:03] [Server thread/INFO]: System chat: Percentiles: P50: 0.9ms P95: 11.0ms P99: 5451.0ms. Sample: 100
[12:15:03] [Server thread/INFO]: System chat: Unmarked all force loaded chunks in minecraft:overworld
[12:15:03] [Server thread/INFO]: System chat: Unmarked all force loaded chunks in minecraft:overworld
[12:15:26] [Server thread/INFO]: [Not Secure] [Server] PREGEN basin start 64
[12:15:31] [Server thread/INFO]: System chat: Marked 64 chunks in minecraft:overworld from [-4, 189] to [3, 196] to be force loaded
[12:15:31] [Server thread/INFO]: System chat: Running function packtest:count_basin
[12:15:31] [Server thread/INFO]: System chat: Running function packtest:count_basin
[12:15:31] [Server thread/INFO]: System chat: Running function packtest:count_basin
[12:15:31] [Server thread/INFO]: System chat: Running function packtest:count_basin
[12:15:31] [Server thread/INFO]: System chat: Running function packtest:count_basin
[12:15:31] [Server thread/INFO]: System chat: Running function packtest:count_basin
[12:15:31] [Server thread/WARN]: Can't keep up! Is the server overloaded? Running 5409ms or 108 ticks behind
[12:15:32] [Server thread/INFO]: System chat: Running function packtest:count_basin
[12:15:32] [Server thread/INFO]: [Not Secure] [Server] PREGEN basin done 64
[12:15:35] [Server thread/INFO]: System chat: The game is running, but can't keep up with the target tick rate
[12:15:35] [Server thread/INFO]: System chat: Target tick rate: 20.0 per second.
Average time per tick: 57.4ms (Target: 50.0ms)
[12:15:35] [Server thread/INFO]: System chat: Percentiles: P50: 0.2ms P95: 19.3ms P99: 5455.7ms. Sample: 100
[12:15:35] [Server thread/INFO]: System chat: Unmarked all force loaded chunks in minecraft:overworld
[12:15:35] [Server thread/INFO]: [Not Secure] [Server] LOCATE mansion
[12:15:35] [Server thread/INFO]: System chat: Could not find a structure of type "minecraft:mansion" nearby
[12:15:35] [Server thread/INFO]: [Not Secure] [Server] LOCATE jungle_pyramid
[12:15:47] [Server thread/INFO]: System chat: Could not find a structure of type "minecraft:jungle_pyramid" nearby
[12:15:47] [Server thread/INFO]: System chat: The game is running normally
[12:15:47] [Server thread/INFO]: System chat: Target tick rate: 20.0 per second.
Average time per tick: 0.0ms (Target: 50.0ms)
[12:15:47] [Server thread/INFO]: System chat: Percentiles: P50: 0.0ms P95: 0.0ms P99: 0.1ms. Sample: 100
[12:15:49] [Server thread/INFO]: System chat: Marked 9 chunks in minecraft:overworld from [0, 0] to [2, 2] to be force loaded
[12:15:49] [Server thread/WARN]: Can't keep up! Is the server overloaded? Running 2198ms or 43 ticks behind
[12:15:51] [Server thread/INFO]: [Not Secure] [Server] LOADED sea
[12:16:02] [Server thread/INFO]: [Not Secure] [Server] SCANBOX sea 48x48 columns at 0 0, y -395..-300
[12:16:02] [Server thread/INFO]: [Not Secure] [Server] SCAN sea minecraft:water
[12:16:02] [Server thread/INFO]: System chat: No blocks were filled
[12:16:02] [Server thread/INFO]: [Not Secure] [Server] SCAN sea minecraft:air
[12:16:02] [Server thread/INFO]: System chat: Successfully filled 64494 block(s)
[12:16:02] [Server thread/INFO]: [Not Secure] [Server] SCANBOX sea-below 48x48 columns at 0 0, y -700..-560 (under the island: nothing may be there)
[12:16:02] [Server thread/INFO]: [Not Secure] [Server] SCAN sea-below minecraft:water
[12:16:02] [Server thread/INFO]: System chat: No blocks were filled
[12:16:02] [Server thread/INFO]: System chat: Unmarked all force loaded chunks in minecraft:overworld
[12:16:02] [Server thread/INFO]: System chat: The game is running normally
[12:16:02] [Server thread/INFO]: System chat: Target tick rate: 20.0 per second.
Average time per tick: 3.0ms (Target: 50.0ms)
[12:16:02] [Server thread/INFO]: System chat: Percentiles: P50: 0.4ms P95: 1.9ms P99: 205.5ms. Sample: 100
[12:16:02] [Server thread/INFO]: [Not Secure] [Server] SECTION end perf
[12:16:02] [Server thread/INFO]: [Not Secure] [Server] CHECK commands done
[12:16:04] [Server thread/INFO]: System chat: Stopping the server
[12:16:04] [Server thread/INFO]: Stopping server
[12:16:04] [Server thread/INFO]: Saving players
[12:16:04] [Server thread/INFO]: Saving worlds
[12:16:04] [Server thread/INFO]: Saving chunks for level 'ServerLevel[world]'/minecraft:overworld
[12:16:04] [Server thread/INFO]: Saving chunks for level 'ServerLevel[world]'/minecraft:the_nether
[12:16:04] [Server thread/INFO]: Saving chunks for level 'ServerLevel[world]'/minecraft:the_end
EXIT 0
